ISO-10303-21;
HEADER;
FILE_DESCRIPTION (( 'STEP AP214' ),
    '1' );
FILE_NAME ('A1395SEHLT-T.STEP',
    '2018-10-09T12:01:35',
    ( '' ),
    ( '' ),
    'SwSTEP 2.0',
    'SolidWorks 2017',
    '' );
FILE_SCHEMA (( 'AUTOMOTIVE_DESIGN' ));
ENDSEC;

DATA;
#1 = PLANE ( 'NONE',  #1353 ) ;
#2 = EDGE_LOOP ( 'NONE', ( #1096, #2146, #798, #1040 ) ) ;
#3 = CARTESIAN_POINT ( 'NONE',  ( -0.4170000000000001500, 0.1499999999999999900, -0.5619999999999998300 ) ) ;
#4 = AXIS2_PLACEMENT_3D ( 'NONE', #2104, #1517, #2283 ) ;
#5 = CARTESIAN_POINT ( 'NONE',  ( -0.1250000000000000000, 0.1499999999999999900, -1.500000000000000700 ) ) ;
#6 = CLOSED_SHELL ( 'NONE', ( #1888, #1335, #1637, #1921, #1319, #2390, #557, #880, #2485, #2152, #627, #36, #677, #2387 ) ) ;
#7 = DIRECTION ( 'NONE',  ( 0.0000000000000000000, -1.000000000000000000, 0.0000000000000000000 ) ) ;
#8 = EDGE_CURVE ( 'NONE', #336, #425, #2532, .T. ) ;
#9 =( NAMED_UNIT ( * ) SI_UNIT ( $, .STERADIAN. ) SOLID_ANGLE_UNIT ( ) );
#10 = ORIENTED_EDGE ( 'NONE', *, *, #305, .T. ) ;
#11 = MANIFOLD_SOLID_BREP ( 'Cut-Extrude2', #409 ) ;
#12 = CARTESIAN_POINT ( 'NONE',  ( 0.1250000000000000000, -0.05000000000000002400, 1.500000000000000700 ) ) ;
#13 = CARTESIAN_POINT ( 'NONE',  ( -0.3749999999999997800, -0.05000000000000002400, -1.075000000000000800 ) ) ;
#14 = AXIS2_PLACEMENT_3D ( 'NONE', #2401, #227, #2413 ) ;
#15 = ORIENTED_EDGE ( 'NONE', *, *, #2450, .T. ) ;
#16 = FACE_OUTER_BOUND ( 'NONE', #1577, .T. ) ;
#17 = LINE ( 'NONE', #1817, #1816 ) ;
#18 = DIRECTION ( 'NONE',  ( 6.202529590878171900E-017, 0.0000000000000000000, -1.000000000000000000 ) ) ;
#19 = FACE_OUTER_BOUND ( 'NONE', #1695, .T. ) ;
#20 = LINE ( 'NONE', #1272, #1533 ) ;
#21 = LINE ( 'NONE', #2399, #1652 ) ;
#22 = FACE_OUTER_BOUND ( 'NONE', #2500, .T. ) ;
#23 = CARTESIAN_POINT ( 'NONE',  ( 0.3750000000000000000, 0.1499999999999999900, -0.6620000000000004800 ) ) ;
#24 = LINE ( 'NONE', #1320, #732 ) ;
#25 = VECTOR ( 'NONE', #246, 1000.000000000000000 ) ;
#26 = EDGE_CURVE ( 'NONE', #2016, #531, #1631, .T. ) ;
#27 = ORIENTED_EDGE ( 'NONE', *, *, #1528, .T. ) ;
#28 = ORIENTED_EDGE ( 'NONE', *, *, #570, .T. ) ;
#29 = EDGE_CURVE ( 'NONE', #2242, #2551, #1109, .T. ) ;
#30 = EDGE_LOOP ( 'NONE', ( #1908, #1172, #1613, #872 ) ) ;
#31 = CIRCLE ( 'NONE', #2159, 0.1293489348316114700 ) ;
#32 = EDGE_LOOP ( 'NONE', ( #954, #2215, #1227, #902 ) ) ;
#33 = DIRECTION ( 'NONE',  ( -0.0000000000000000000, -0.0000000000000000000, -1.000000000000000000 ) ) ;
#34 = DIRECTION ( 'NONE',  ( 0.0000000000000000000, 0.0000000000000000000, 1.000000000000000000 ) ) ;
#35 = DIRECTION ( 'NONE',  ( -0.0000000000000000000, 1.000000000000000000, -0.0000000000000000000 ) ) ;
#36 = ADVANCED_FACE ( 'NONE', ( #1571 ), #1844, .F. ) ;
#37 = ORIENTED_EDGE ( 'NONE', *, *, #2025, .F. ) ;
#38 = CARTESIAN_POINT ( 'NONE',  ( -0.9999999999999997800, 0.0000000000000000000, 1.500000000000000700 ) ) ;
#39 =( NAMED_UNIT ( * ) PLANE_ANGLE_UNIT ( ) SI_UNIT ( $, .RADIAN. ) );
#40 = EDGE_CURVE ( 'NONE', #165, #806, #2133, .T. ) ;
#41 = DIRECTION ( 'NONE',  ( 0.0000000000000000000, -1.000000000000000000, 0.0000000000000000000 ) ) ;
#42 = VERTEX_POINT ( 'NONE', #1279 ) ;
#43 = CARTESIAN_POINT ( 'NONE',  ( 0.3750000000000000000, -0.05000000000000002400, 0.6619999999999998100 ) ) ;
#44 = ORIENTED_EDGE ( 'NONE', *, *, #1098, .T. ) ;
#45 = LINE ( 'NONE', #584, #1035 ) ;
#46 = LINE ( 'NONE', #1984, #517 ) ;
#47 = ADVANCED_FACE ( 'NONE', ( #1163 ), #1261, .F. ) ;
#48 = ORIENTED_EDGE ( 'NONE', *, *, #1393, .T. ) ;
#49 = DIRECTION ( 'NONE',  ( 2.168404344971008900E-016, -0.0000000000000000000, 1.000000000000000000 ) ) ;
#50 = LINE ( 'NONE', #404, #1750 ) ;
#51 = CARTESIAN_POINT ( 'NONE',  ( 0.6250000000000000000, 0.1499999999999999900, -1.500000000000000700 ) ) ;
#52 = LINE ( 'NONE', #1494, #1505 ) ;
#53 = CARTESIAN_POINT ( 'NONE',  ( 1.084202172485504400E-016, 0.0000000000000000000, 1.075000000000000800 ) ) ;
#54 = DIRECTION ( 'NONE',  ( 0.0000000000000000000, -1.000000000000000000, 0.0000000000000000000 ) ) ;
#55 = VERTEX_POINT ( 'NONE', #2084 ) ;
#56 = EDGE_CURVE ( 'NONE', #2016, #1609, #1596, .T. ) ;
#57 = ORIENTED_EDGE ( 'NONE', *, *, #1592, .T. ) ;
#58 = CARTESIAN_POINT ( 'NONE',  ( 0.3750000000000000000, -0.05000000000000002400, -1.500000000000000700 ) ) ;
#59 = VERTEX_POINT ( 'NONE', #293 ) ;
#60 = DIRECTION ( 'NONE',  ( 0.0000000000000000000, 0.0000000000000000000, 1.000000000000000000 ) ) ;
#61 = ORIENTED_EDGE ( 'NONE', *, *, #2403, .T. ) ;
#62 = ORIENTED_EDGE ( 'NONE', *, *, #1744, .F. ) ;
#63 = AXIS2_PLACEMENT_3D ( 'NONE', #1859, #1052, #866 ) ;
#64 = CARTESIAN_POINT ( 'NONE',  ( -0.4170000000000001500, -0.05000000000000002400, -0.5620000000000000600 ) ) ;
#65 = CARTESIAN_POINT ( 'NONE',  ( 0.3250000000000000100, -0.05000000000000002400, 0.6619999999999998100 ) ) ;
#66 = VERTEX_POINT ( 'NONE', #465 ) ;
#67 = CARTESIAN_POINT ( 'NONE',  ( -0.3749999999999997800, 0.1499999999999999900, -1.075000000000000800 ) ) ;
#68 = CARTESIAN_POINT ( 'NONE',  ( -0.4999999999999998900, 0.1499999999999999900, 1.075000000000000800 ) ) ;
#69 = PRESENTATION_LAYER_ASSIGNMENT (  '', '', ( #2509 ) ) ;
#70 = DIRECTION ( 'NONE',  ( 0.0000000000000000000, 0.0000000000000000000, 1.000000000000000000 ) ) ;
#71 = CARTESIAN_POINT ( 'NONE',  ( -0.2170000000000001900, 0.1499999999999999900, 0.6119999999999998800 ) ) ;
#72 = CARTESIAN_POINT ( 'NONE',  ( -0.6438948910005848300, 0.7500000000000000000, 1.148317110647667500 ) ) ;
#73 = FACE_OUTER_BOUND ( 'NONE', #1728, .T. ) ;
#74 = LINE ( 'NONE', #975, #1620 ) ;
#75 = CARTESIAN_POINT ( 'NONE',  ( -0.3749999999999998300, -0.05000000000000002400, 1.075000000000000800 ) ) ;
#76 = LINE ( 'NONE', #1112, #1466 ) ;
#77 = LINE ( 'NONE', #2379, #2156 ) ;
#78 = FACE_OUTER_BOUND ( 'NONE', #1303, .T. ) ;
#79 = CARTESIAN_POINT ( 'NONE',  ( -0.1250000000000000000, 0.0000000000000000000, 1.500000000000000700 ) ) ;
#80 = PRODUCT_DEFINITION_FORMATION_WITH_SPECIFIED_SOURCE ( 'ANY', '', #2497, .NOT_KNOWN. ) ;
#81 = VERTEX_POINT ( 'NONE', #79 ) ;
#82 = PLANE ( 'NONE',  #484 ) ;
#83 = VERTEX_POINT ( 'NONE', #850 ) ;
#84 = DIRECTION ( 'NONE',  ( 0.0000000000000000000, 0.0000000000000000000, -1.000000000000000000 ) ) ;
#85 = AXIS2_PLACEMENT_3D ( 'NONE', #68, #1658, #1482 ) ;
#86 = ORIENTED_EDGE ( 'NONE', *, *, #1629, .F. ) ;
#87 = VECTOR ( 'NONE', #1709, 1000.000000000000000 ) ;
#88 = VERTEX_POINT ( 'NONE', #473 ) ;
#89 = EDGE_CURVE ( 'NONE', #1735, #2020, #1322, .T. ) ;
#90 = UNCERTAINTY_MEASURE_WITH_UNIT (LENGTH_MEASURE( 1.000000000000000100E-005 ), #1992, 'distance_accuracy_value', 'NONE');
#91 = CARTESIAN_POINT ( 'NONE',  ( 0.3249999999999996800, 0.1499999999999999900, 0.6119999999999997700 ) ) ;
#92 = EDGE_LOOP ( 'NONE', ( #1511, #1660, #1325, #1657 ) ) ;
#93 = CARTESIAN_POINT ( 'NONE',  ( -0.4999999999999998900, 0.1499999999999999900, 0.9500000000000007300 ) ) ;
#94 = DIRECTION ( 'NONE',  ( 0.0000000000000000000, -1.000000000000000000, 0.0000000000000000000 ) ) ;
#95 = DIRECTION ( 'NONE',  ( 0.0000000000000000000, -1.000000000000000000, 0.0000000000000000000 ) ) ;
#96 = DIRECTION ( 'NONE',  ( -0.0000000000000000000, -0.0000000000000000000, -1.000000000000000000 ) ) ;
#97 = AXIS2_PLACEMENT_3D ( 'NONE', #1632, #640, #1236 ) ;
#98 = CARTESIAN_POINT ( 'NONE',  ( -0.3669999999999998300, -0.05000000000000002400, -0.6120000000000001000 ) ) ;
#99 = CARTESIAN_POINT ( 'NONE',  ( -0.6250000000000000000, -0.05000000000000002400, 1.500000000000000700 ) ) ;
#100 = DIRECTION ( 'NONE',  ( 0.0000000000000000000, 1.000000000000000000, 0.0000000000000000000 ) ) ;
#101 = CARTESIAN_POINT ( 'NONE',  ( -0.4999999999999998900, -0.05000000000000002400, 1.075000000000000800 ) ) ;
#102 = ORIENTED_EDGE ( 'NONE', *, *, #405, .T. ) ;
#103 = ORIENTED_EDGE ( 'NONE', *, *, #2233, .T. ) ;
#104 = EDGE_CURVE ( 'NONE', #1789, #2412, #2499, .T. ) ;
#105 = CARTESIAN_POINT ( 'NONE',  ( 0.1250000000000000000, -0.05000000000000002400, -1.500000000000000700 ) ) ;
#106 = CARTESIAN_POINT ( 'NONE',  ( 0.3249999999999996800, 0.1499999999999999900, 0.6119999999999997700 ) ) ;
#107 = VECTOR ( 'NONE', #1574, 1000.000000000000000 ) ;
#108 = DIRECTION ( 'NONE',  ( -1.275531967630005700E-016, 0.0000000000000000000, -1.000000000000000000 ) ) ;
#109 = VECTOR ( 'NONE', #959, 1000.000000000000000 ) ;
#110 = CARTESIAN_POINT ( 'NONE',  ( -0.1249999999999999400, -0.05000000000000002400, -1.075000000000000800 ) ) ;
#111 = DIRECTION ( 'NONE',  ( 0.8320502943378437200, 0.0000000000000000000, -0.5547001962252290400 ) ) ;
#112 = VECTOR ( 'NONE', #18, 1000.000000000000000 ) ;
#113 = VECTOR ( 'NONE', #1930, 1000.000000000000000 ) ;
#114 = FACE_OUTER_BOUND ( 'NONE', #2, .T. ) ;
#115 = AXIS2_PLACEMENT_3D ( 'NONE', #2471, #1245, #1645 ) ;
#116 = DIRECTION ( 'NONE',  ( 1.000000000000000000, -0.0000000000000000000, 0.0000000000000000000 ) ) ;
#117 = ADVANCED_FACE ( 'NONE', ( #1074 ), #1882, .F. ) ;
#118 = CARTESIAN_POINT ( 'NONE',  ( 1.000000000000000200, 0.0000000000000000000, -1.499999999999999800 ) ) ;
#119 = ORIENTED_EDGE ( 'NONE', *, *, #89, .T. ) ;
#120 = CARTESIAN_POINT ( 'NONE',  ( -0.3749999999999998300, 0.1499999999999999900, 1.075000000000000800 ) ) ;
#121 = ADVANCED_FACE ( 'NONE', ( #561 ), #299, .F. ) ;
#122 = ORIENTED_EDGE ( 'NONE', *, *, #350, .T. ) ;
#123 = PRESENTATION_LAYER_ASSIGNMENT (  '', '', ( #1941 ) ) ;
#124 = EDGE_CURVE ( 'NONE', #2359, #1088, #1348, .T. ) ;
#125 = EDGE_LOOP ( 'NONE', ( #303, #2287, #832, #958 ) ) ;
#126 = CARTESIAN_POINT ( 'NONE',  ( -0.3670000000000001600, 0.1499999999999999900, -0.5620000000000000600 ) ) ;
#127 = CARTESIAN_POINT ( 'NONE',  ( 1.084202172485504400E-016, -0.05000000000000002400, 1.075000000000000800 ) ) ;
#128 = EDGE_CURVE ( 'NONE', #1725, #397, #1288, .T. ) ;
#129 = ORIENTED_EDGE ( 'NONE', *, *, #689, .F. ) ;
#130 = PLANE ( 'NONE',  #526 ) ;
#131 = CARTESIAN_POINT ( 'NONE',  ( 0.6250000000000000000, 0.1499999999999999900, 1.500000000000000700 ) ) ;
#132 = ORIENTED_EDGE ( 'NONE', *, *, #1126, .T. ) ;
#133 = ADVANCED_FACE ( 'NONE', ( #1755 ), #682, .T. ) ;
#134 = AXIS2_PLACEMENT_3D ( 'NONE', #2257, #1459, #70 ) ;
#135 = ORIENTED_EDGE ( 'NONE', *, *, #1528, .F. ) ;
#136 = DIRECTION ( 'NONE',  ( 1.000000000000000000, 0.0000000000000000000, 0.0000000000000000000 ) ) ;
#137 = CARTESIAN_POINT ( 'NONE',  ( -0.3749999999999998300, 0.1499999999999999900, 1.075000000000000800 ) ) ;
#138 = DIRECTION ( 'NONE',  ( 6.202529590878173100E-017, -0.0000000000000000000, -1.000000000000000000 ) ) ;
#139 = EDGE_CURVE ( 'NONE', #1375, #2141, #177, .T. ) ;
#140 = DIRECTION ( 'NONE',  ( 0.0000000000000000000, -0.0000000000000000000, -1.000000000000000000 ) ) ;
#141 = ADVANCED_FACE ( 'NONE', ( #367 ), #673, .T. ) ;
#142 = CYLINDRICAL_SURFACE ( 'NONE', #681, 0.1250000000000001100 ) ;
#143 = LINE ( 'NONE', #606, #549 ) ;
#144 = DIRECTION ( 'NONE',  ( 0.0000000000000000000, 0.0000000000000000000, -1.000000000000000000 ) ) ;
#145 = VECTOR ( 'NONE', #1862, 1000.000000000000000 ) ;
#146 = CYLINDRICAL_SURFACE ( 'NONE', #960, 0.1250000000000001100 ) ;
#147 = CARTESIAN_POINT ( 'NONE',  ( -0.9999999999999997800, 0.0000000000000000000, 1.500000000000000700 ) ) ;
#148 = VECTOR ( 'NONE', #265, 1000.000000000000000 ) ;
#149 = ORIENTED_EDGE ( 'NONE', *, *, #1640, .T. ) ;
#150 = ORIENTED_EDGE ( 'NONE', *, *, #2192, .F. ) ;
#151 = AXIS2_PLACEMENT_3D ( 'NONE', #127, #2308, #140 ) ;
#152 = ORIENTED_EDGE ( 'NONE', *, *, #2439, .T. ) ;
#153 = FACE_OUTER_BOUND ( 'NONE', #1707, .T. ) ;
#154 = EDGE_LOOP ( 'NONE', ( #2252, #2477, #1720, #430 ) ) ;
#155 = VERTEX_POINT ( 'NONE', #1249 ) ;
#156 = EDGE_CURVE ( 'NONE', #1743, #1175, #230, .T. ) ;
#157 = EDGE_LOOP ( 'NONE', ( #1573, #364, #272, #355 ) ) ;
#158 = ORIENTED_EDGE ( 'NONE', *, *, #1513, .T. ) ;
#159 = CARTESIAN_POINT ( 'NONE',  ( -0.4999999999999998900, 0.1499999999999999900, 1.075000000000000800 ) ) ;
#160 = EDGE_CURVE ( 'NONE', #88, #1076, #828, .T. ) ;
#161 = DIRECTION ( 'NONE',  ( 6.202529590878173100E-017, -0.0000000000000000000, -1.000000000000000000 ) ) ;
#162 = DIRECTION ( 'NONE',  ( 5.102127870520023000E-016, 0.0000000000000000000, 1.000000000000000000 ) ) ;
#163 = ORIENTED_EDGE ( 'NONE', *, *, #1550, .F. ) ;
#164 = PLANE ( 'NONE',  #696 ) ;
#165 = VERTEX_POINT ( 'NONE', #2273 ) ;
#166 = DIRECTION ( 'NONE',  ( 0.0000000000000000000, -0.0000000000000000000, 1.000000000000000000 ) ) ;
#167 = AXIS2_PLACEMENT_3D ( 'NONE', #938, #756, #144 ) ;
#168 = FACE_OUTER_BOUND ( 'NONE', #713, .T. ) ;
#169 = VECTOR ( 'NONE', #1286, 1000.000000000000000 ) ;
#170 = EDGE_CURVE ( 'NONE', #2185, #232, #1226, .T. ) ;
#171 = CIRCLE ( 'NONE', #538, 0.1250000000000001100 ) ;
#172 = LINE ( 'NONE', #982, #1682 ) ;
#173 = DIRECTION ( 'NONE',  ( 1.000000000000000000, -0.0000000000000000000, 3.826595902890016700E-016 ) ) ;
#174 = FACE_OUTER_BOUND ( 'NONE', #1759, .T. ) ;
#175 = CARTESIAN_POINT ( 'NONE',  ( 0.6250000000000000000, 0.0000000000000000000, -1.499999999999999800 ) ) ;
#176 = DIRECTION ( 'NONE',  ( -1.000000000000000000, 0.0000000000000000000, 0.0000000000000000000 ) ) ;
#177 = LINE ( 'NONE', #887, #2279 ) ;
#178 = ORIENTED_EDGE ( 'NONE', *, *, #2268, .F. ) ;
#179 = VECTOR ( 'NONE', #513, 1000.000000000000000 ) ;
#180 = ORIENTED_EDGE ( 'NONE', *, *, #869, .T. ) ;
#181 =( NAMED_UNIT ( * ) PLANE_ANGLE_UNIT ( ) SI_UNIT ( $, .RADIAN. ) );
#182 = DIRECTION ( 'NONE',  ( -0.0000000000000000000, 1.000000000000000000, -0.0000000000000000000 ) ) ;
#183 = DIRECTION ( 'NONE',  ( 0.0000000000000000000, 0.0000000000000000000, 1.000000000000000000 ) ) ;
#184 = EDGE_CURVE ( 'NONE', #778, #1829, #712, .T. ) ;
#185 = DIRECTION ( 'NONE',  ( 0.0000000000000000000, 0.0000000000000000000, -1.000000000000000000 ) ) ;
#186 = VERTEX_POINT ( 'NONE', #1919 ) ;
#187 = ORIENTED_EDGE ( 'NONE', *, *, #1880, .T. ) ;
#188 = VERTEX_POINT ( 'NONE', #1516 ) ;
#189 = CARTESIAN_POINT ( 'NONE',  ( -0.1250000000000000000, -0.05000000000000002400, 1.500000000000000700 ) ) ;
#190 = AXIS2_PLACEMENT_3D ( 'NONE', #1727, #2516, #1916 ) ;
#191 = ORIENTED_EDGE ( 'NONE', *, *, #2173, .T. ) ;
#192 = DIRECTION ( 'NONE',  ( 0.0000000000000000000, 0.0000000000000000000, -1.000000000000000000 ) ) ;
#193 = LINE ( 'NONE', #542, #1933 ) ;
#194 = LINE ( 'NONE', #1825, #1343 ) ;
#195 = AXIS2_PLACEMENT_3D ( 'NONE', #1798, #1390, #804 ) ;
#196 = LINE ( 'NONE', #1693, #2305 ) ;
#197 = VECTOR ( 'NONE', #661, 1000.000000000000000 ) ;
#198 = DIRECTION ( 'NONE',  ( -1.275531967630005700E-016, 0.0000000000000000000, -1.000000000000000000 ) ) ;
#199 = EDGE_CURVE ( 'NONE', #1824, #1818, #2216, .T. ) ;
#200 = ORIENTED_EDGE ( 'NONE', *, *, #280, .T. ) ;
#201 = ORIENTED_EDGE ( 'NONE', *, *, #597, .T. ) ;
#202 = VERTEX_POINT ( 'NONE', #928 ) ;
#203 = FACE_OUTER_BOUND ( 'NONE', #1906, .T. ) ;
#204 = ORIENTED_EDGE ( 'NONE', *, *, #124, .F. ) ;
#205 = CARTESIAN_POINT ( 'NONE',  ( 0.1250000000000001900, -0.05000000000000002400, 1.075000000000000800 ) ) ;
#206 = CARTESIAN_POINT ( 'NONE',  ( -0.6250000000000000000, -0.0000000000000000000, -1.500000000000000700 ) ) ;
#207 = ORIENTED_EDGE ( 'NONE', *, *, #1640, .F. ) ;
#208 = CARTESIAN_POINT ( 'NONE',  ( 0.3250000000000000100, -0.05000000000000002400, 0.6619999999999998100 ) ) ;
#209 = EDGE_LOOP ( 'NONE', ( #2423, #474, #1118, #1639 ) ) ;
#210 = ORIENTED_EDGE ( 'NONE', *, *, #1901, .T. ) ;
#211 = PLANE ( 'NONE',  #1168 ) ;
#212 = VERTEX_POINT ( 'NONE', #718 ) ;
#213 = EDGE_CURVE ( 'NONE', #1309, #535, #431, .T. ) ;
#214 = DIRECTION ( 'NONE',  ( -0.0000000000000000000, -1.000000000000000000, -0.0000000000000000000 ) ) ;
#215 = ORIENTED_EDGE ( 'NONE', *, *, #836, .T. ) ;
#216 = CARTESIAN_POINT ( 'NONE',  ( -0.6250000000000000000, -0.05000000000000002400, -1.500000000000000700 ) ) ;
#217 = VERTEX_POINT ( 'NONE', #1691 ) ;
#218 = DIRECTION ( 'NONE',  ( 0.0000000000000000000, 0.0000000000000000000, 1.000000000000000000 ) ) ;
#219 = FILL_AREA_STYLE_COLOUR ( '', #2435 ) ;
#220 = MECHANICAL_DESIGN_GEOMETRIC_PRESENTATION_REPRESENTATION (  '', ( #504 ), #2263 ) ;
#221 = EDGE_LOOP ( 'NONE', ( #1792, #2217, #936, #780 ) ) ;
#222 = CIRCLE ( 'NONE', #808, 0.05000000000000002400 ) ;
#223 = CYLINDRICAL_SURFACE ( 'NONE', #1496, 0.1293489348316114700 ) ;
#224 = PLANE ( 'NONE',  #2181 ) ;
#225 = CIRCLE ( 'NONE', #1892, 0.1250000000000001100 ) ;
#226 = VECTOR ( 'NONE', #2320, 1000.000000000000000 ) ;
#227 = DIRECTION ( 'NONE',  ( -0.0000000000000000000, 1.000000000000000000, -0.0000000000000000000 ) ) ;
#228 = EDGE_CURVE ( 'NONE', #188, #806, #400, .T. ) ;
#229 = CARTESIAN_POINT ( 'NONE',  ( 1.084202172485504400E-016, 0.1499999999999999900, 0.9500000000000007300 ) ) ;
#230 = LINE ( 'NONE', #859, #1222 ) ;
#231 = VERTEX_POINT ( 'NONE', #1121 ) ;
#232 = VERTEX_POINT ( 'NONE', #2492 ) ;
#233 = CARTESIAN_POINT ( 'NONE',  ( 1.000000000000000200, 0.7500000000000000000, 1.500000000000000000 ) ) ;
#234 = AXIS2_PLACEMENT_3D ( 'NONE', #216, #1611, #413 ) ;
#235 = DIRECTION ( 'NONE',  ( -0.0000000000000000000, -0.0000000000000000000, 1.000000000000000000 ) ) ;
#236 = ORIENTED_EDGE ( 'NONE', *, *, #2424, .T. ) ;
#237 = PLANE ( 'NONE',  #2251 ) ;
#238 = ADVANCED_BREP_SHAPE_REPRESENTATION ( 'A1395SEHLT-T', ( #1779, #362, #1461, #715, #472, #11, #2272, #622 ), #748 ) ;
#239 = AXIS2_PLACEMENT_3D ( 'NONE', #342, #1907, #2120 ) ;
#240 = CARTESIAN_POINT ( 'NONE',  ( -0.6438948910005848300, 0.6500000000000000200, 1.018968175816056000 ) ) ;
#241 = EDGE_CURVE ( 'NONE', #626, #1369, #801, .T. ) ;
#242 = ORIENTED_EDGE ( 'NONE', *, *, #160, .T. ) ;
#243 = CARTESIAN_POINT ( 'NONE',  ( -0.3750000000000000000, -0.05000000000000002400, 1.500000000000000700 ) ) ;
#244 = ORIENTED_EDGE ( 'NONE', *, *, #672, .F. ) ;
#245 = EDGE_CURVE ( 'NONE', #966, #1022, #1819, .T. ) ;
#246 = DIRECTION ( 'NONE',  ( -0.0000000000000000000, 1.000000000000000000, -0.0000000000000000000 ) ) ;
#247 = ORIENTED_EDGE ( 'NONE', *, *, #630, .F. ) ;
#248 = DIRECTION ( 'NONE',  ( -0.0000000000000000000, -1.000000000000000000, -0.0000000000000000000 ) ) ;
#249 = ORIENTED_EDGE ( 'NONE', *, *, #29, .F. ) ;
#250 = DIRECTION ( 'NONE',  ( 0.0000000000000000000, 0.0000000000000000000, 1.000000000000000000 ) ) ;
#251 = DIRECTION ( 'NONE',  ( -0.0000000000000000000, 1.000000000000000000, -0.0000000000000000000 ) ) ;
#252 = LINE ( 'NONE', #2225, #758 ) ;
#253 = CARTESIAN_POINT ( 'NONE',  ( -0.3749999999999997800, 0.1499999999999999900, -1.075000000000000800 ) ) ;
#254 = CYLINDRICAL_SURFACE ( 'NONE', #1142, 0.1250000000000001100 ) ;
#255 = AXIS2_PLACEMENT_3D ( 'NONE', #1263, #659, #1870 ) ;
#256 = CIRCLE ( 'NONE', #1289, 0.1293489348316114700 ) ;
#257 = CARTESIAN_POINT ( 'NONE',  ( 0.1250000000000000000, -0.05000000000000002400, 1.500000000000000700 ) ) ;
#258 = CARTESIAN_POINT ( 'NONE',  ( 0.6250000000000000000, -0.05000000000000002400, -1.500000000000000700 ) ) ;
#259 = ADVANCED_FACE ( 'NONE', ( #153 ), #1698, .F. ) ;
#260 = CARTESIAN_POINT ( 'NONE',  ( 0.1250000000000000000, 0.1499999999999999900, 1.500000000000000700 ) ) ;
#261 = ORIENTED_EDGE ( 'NONE', *, *, #1985, .T. ) ;
#262 = EDGE_CURVE ( 'NONE', #806, #1358, #955, .T. ) ;
#263 = ORIENTED_EDGE ( 'NONE', *, *, #865, .T. ) ;
#264 = DIRECTION ( 'NONE',  ( 0.0000000000000000000, 0.0000000000000000000, -1.000000000000000000 ) ) ;
#265 = DIRECTION ( 'NONE',  ( 3.826595902890017200E-016, 0.0000000000000000000, 1.000000000000000000 ) ) ;
#266 = ORIENTED_EDGE ( 'NONE', *, *, #1793, .F. ) ;
#267 = VECTOR ( 'NONE', #2118, 1000.000000000000000 ) ;
#268 = VERTEX_POINT ( 'NONE', #2502 ) ;
#269 = DIRECTION ( 'NONE',  ( 0.0000000000000000000, 0.0000000000000000000, -1.000000000000000000 ) ) ;
#270 = ORIENTED_EDGE ( 'NONE', *, *, #228, .T. ) ;
#271 = CARTESIAN_POINT ( 'NONE',  ( 0.3249999999999996800, -0.05000000000000002400, -0.6120000000000001000 ) ) ;
#272 = ORIENTED_EDGE ( 'NONE', *, *, #754, .T. ) ;
#273 = AXIS2_PLACEMENT_3D ( 'NONE', #2480, #320, #1129 ) ;
#274 = DIRECTION ( 'NONE',  ( 0.0000000000000000000, 0.0000000000000000000, -1.000000000000000000 ) ) ;
#275 = CARTESIAN_POINT ( 'NONE',  ( 1.084202172485504400E-016, -0.05000000000000002400, -1.075000000000000800 ) ) ;
#276 = FILL_AREA_STYLE_COLOUR ( '', #2521 ) ;
#277 = EDGE_CURVE ( 'NONE', #1002, #2361, #1661, .T. ) ;
#278 = DIRECTION ( 'NONE',  ( -0.0000000000000000000, 1.000000000000000000, -0.0000000000000000000 ) ) ;
#279 = DIRECTION ( 'NONE',  ( -0.0000000000000000000, 1.000000000000000000, -0.0000000000000000000 ) ) ;
#280 = EDGE_CURVE ( 'NONE', #1735, #2359, #2189, .T. ) ;
#281 = DIRECTION ( 'NONE',  ( 0.0000000000000000000, 0.0000000000000000000, -1.000000000000000000 ) ) ;
#282 = DIRECTION ( 'NONE',  ( 0.0000000000000000000, 0.0000000000000000000, 1.000000000000000000 ) ) ;
#283 = DIRECTION ( 'NONE',  ( -1.000000000000000000, -0.0000000000000000000, -0.0000000000000000000 ) ) ;
#284 = SURFACE_STYLE_USAGE ( .BOTH. , #1486 ) ;
#285 = ORIENTED_EDGE ( 'NONE', *, *, #1500, .F. ) ;
#286 = CIRCLE ( 'NONE', #383, 0.05000000000000002400 ) ;
#287 = LINE ( 'NONE', #2417, #2178 ) ;
#288 = CARTESIAN_POINT ( 'NONE',  ( 1.000000000000000200, 0.7500000000000000000, 1.500000000000000000 ) ) ;
#289 = CIRCLE ( 'NONE', #1737, 0.1250000000000001100 ) ;
#290 = LINE ( 'NONE', #1123, #2003 ) ;
#291 = VECTOR ( 'NONE', #1986, 1000.000000000000000 ) ;
#292 = VECTOR ( 'NONE', #176, 1000.000000000000000 ) ;
#293 = CARTESIAN_POINT ( 'NONE',  ( 0.3750000000000000000, 0.0000000000000000000, -0.6620000000000004800 ) ) ;
#294 = VERTEX_POINT ( 'NONE', #709 ) ;
#295 = FILL_AREA_STYLE_COLOUR ( '', #2432 ) ;
#296 = ADVANCED_FACE ( 'NONE', ( #565 ), #130, .F. ) ;
#297 = AXIS2_PLACEMENT_3D ( 'NONE', #2504, #2288, #721 ) ;
#298 = EDGE_CURVE ( 'NONE', #344, #81, #772, .T. ) ;
#299 = CYLINDRICAL_SURFACE ( 'NONE', #1408, 0.05000000000000002400 ) ;
#300 = DIRECTION ( 'NONE',  ( 1.000000000000000000, 0.0000000000000000000, 0.0000000000000000000 ) ) ;
#301 = ORIENTED_EDGE ( 'NONE', *, *, #1445, .F. ) ;
#302 = FACE_OUTER_BOUND ( 'NONE', #2115, .T. ) ;
#303 = ORIENTED_EDGE ( 'NONE', *, *, #689, .T. ) ;
#304 = DIRECTION ( 'NONE',  ( 0.0000000000000000000, 0.0000000000000000000, -1.000000000000000000 ) ) ;
#305 = EDGE_CURVE ( 'NONE', #425, #531, #1136, .T. ) ;
#306 = CARTESIAN_POINT ( 'NONE',  ( -0.4999999999999998900, -0.05000000000000002400, -0.9500000000000007300 ) ) ;
#307 = PLANE ( 'NONE',  #1823 ) ;
#308 = EDGE_LOOP ( 'NONE', ( #2534, #467, #971, #2201 ) ) ;
#309 = CARTESIAN_POINT ( 'NONE',  ( 1.084202172485504400E-016, -0.05000000000000002400, 1.075000000000000800 ) ) ;
#310 = ORIENTED_EDGE ( 'NONE', *, *, #510, .F. ) ;
#311 = DIRECTION ( 'NONE',  ( 0.0000000000000000000, 0.0000000000000000000, -1.000000000000000000 ) ) ;
#312 = AXIS2_PLACEMENT_3D ( 'NONE', #2419, #2041, #2449 ) ;
#313 = DIRECTION ( 'NONE',  ( 1.000000000000000000, -0.0000000000000000000, -3.252606517456513300E-016 ) ) ;
#314 = ORIENTED_EDGE ( 'NONE', *, *, #1809, .T. ) ;
#315 = CARTESIAN_POINT ( 'NONE',  ( -0.6250000000000000000, 0.1499999999999999900, -1.075000000000000800 ) ) ;
#316 = CARTESIAN_POINT ( 'NONE',  ( 0.1250000000000000000, -0.05000000000000002400, 1.500000000000000700 ) ) ;
#317 = CARTESIAN_POINT ( 'NONE',  ( -0.6438948910005848300, 0.7500000000000000000, 1.018968175816056000 ) ) ;
#318 = ORIENTED_EDGE ( 'NONE', *, *, #1610, .F. ) ;
#319 = EDGE_CURVE ( 'NONE', #751, #66, #621, .T. ) ;
#320 = DIRECTION ( 'NONE',  ( 0.0000000000000000000, 1.000000000000000000, 0.0000000000000000000 ) ) ;
#321 = ADVANCED_FACE ( 'NONE', ( #1324 ), #904, .F. ) ;
#322 = ORIENTED_EDGE ( 'NONE', *, *, #901, .T. ) ;
#323 = DIRECTION ( 'NONE',  ( -1.275531967630005700E-016, 0.0000000000000000000, -1.000000000000000000 ) ) ;
#324 = CARTESIAN_POINT ( 'NONE',  ( 1.084202172485504400E-016, 0.1499999999999999900, 1.075000000000000800 ) ) ;
#325 = ADVANCED_FACE ( 'NONE', ( #203 ), #588, .F. ) ;
#326 = VERTEX_POINT ( 'NONE', #175 ) ;
#327 = DIRECTION ( 'NONE',  ( -0.0000000000000000000, -1.000000000000000000, -0.0000000000000000000 ) ) ;
#328 = VECTOR ( 'NONE', #278, 1000.000000000000000 ) ;
#329 = CIRCLE ( 'NONE', #1213, 0.1250000000000001100 ) ;
#330 = AXIS2_PLACEMENT_3D ( 'NONE', #2144, #1334, #2541 ) ;
#331 = LINE ( 'NONE', #1932, #1441 ) ;
#332 = ORIENTED_EDGE ( 'NONE', *, *, #2091, .F. ) ;
#333 = VECTOR ( 'NONE', #1883, 1000.000000000000000 ) ;
#334 = ADVANCED_FACE ( 'NONE', ( #2315 ), #558, .F. ) ;
#335 = DIRECTION ( 'NONE',  ( 0.0000000000000000000, -1.000000000000000000, 0.0000000000000000000 ) ) ;
#336 = VERTEX_POINT ( 'NONE', #2325 ) ;
#337 =( GEOMETRIC_REPRESENTATION_CONTEXT ( 3 ) GLOBAL_UNCERTAINTY_ASSIGNED_CONTEXT ( ( #1051 ) ) GLOBAL_UNIT_ASSIGNED_CONTEXT ( ( #992, #2396, #9 ) ) REPRESENTATION_CONTEXT ( 'NONE', 'WORKASPACE' ) );
#338 = ORIENTED_EDGE ( 'NONE', *, *, #245, .T. ) ;
#339 = CARTESIAN_POINT ( 'NONE',  ( -0.9999999999999997800, 0.7500000000000000000, 1.500000000000000700 ) ) ;
#340 = EDGE_CURVE ( 'NONE', #2405, #2505, #31, .T. ) ;
#341 = ORIENTED_EDGE ( 'NONE', *, *, #89, .F. ) ;
#342 = CARTESIAN_POINT ( 'NONE',  ( -0.4999999999999998900, 0.1499999999999999900, 1.075000000000000800 ) ) ;
#343 = DIRECTION ( 'NONE',  ( -0.0000000000000000000, 1.000000000000000000, -0.0000000000000000000 ) ) ;
#344 = VERTEX_POINT ( 'NONE', #2333 ) ;
#345 = ORIENTED_EDGE ( 'NONE', *, *, #26, .F. ) ;
#346 = CARTESIAN_POINT ( 'NONE',  ( 0.6250000000000000000, -0.05000000000000002400, 1.500000000000000700 ) ) ;
#347 = AXIS2_PLACEMENT_3D ( 'NONE', #1207, #41, #398 ) ;
#348 = DIRECTION ( 'NONE',  ( 0.0000000000000000000, 0.0000000000000000000, -1.000000000000000000 ) ) ;
#349 = DIRECTION ( 'NONE',  ( -0.0000000000000000000, 1.000000000000000000, -0.0000000000000000000 ) ) ;
#350 = EDGE_CURVE ( 'NONE', #42, #997, #678, .T. ) ;
#351 = DIRECTION ( 'NONE',  ( 0.0000000000000000000, 0.0000000000000000000, -1.000000000000000000 ) ) ;
#352 = ORIENTED_EDGE ( 'NONE', *, *, #2385, .F. ) ;
#353 = LINE ( 'NONE', #2035, #1803 ) ;
#354 = FACE_OUTER_BOUND ( 'NONE', #209, .T. ) ;
#355 = ORIENTED_EDGE ( 'NONE', *, *, #2116, .T. ) ;
#356 = PLANE ( 'NONE',  #1275 ) ;
#357 = FACE_OUTER_BOUND ( 'NONE', #651, .T. ) ;
#358 = CARTESIAN_POINT ( 'NONE',  ( -0.1250000000000000000, 0.1499999999999999900, 1.500000000000000700 ) ) ;
#359 = LINE ( 'NONE', #1897, #1937 ) ;
#360 = VECTOR ( 'NONE', #988, 1000.000000000000000 ) ;
#361 = VECTOR ( 'NONE', #2557, 1000.000000000000000 ) ;
#362 = MANIFOLD_SOLID_BREP ( 'Boss-Extrude2[2]', #1896 ) ;
#363 = DIRECTION ( 'NONE',  ( 1.000000000000000000, 0.0000000000000000000, 0.0000000000000000000 ) ) ;
#364 = ORIENTED_EDGE ( 'NONE', *, *, #1024, .T. ) ;
#365 = CARTESIAN_POINT ( 'NONE',  ( -0.3670000000000001600, -0.05000000000000002400, -0.5620000000000000600 ) ) ;
#366 = ORIENTED_EDGE ( 'NONE', *, *, #570, .F. ) ;
#367 = FACE_OUTER_BOUND ( 'NONE', #545, .T. ) ;
#368 = AXIS2_PLACEMENT_3D ( 'NONE', #506, #2301, #1885 ) ;
#369 = CARTESIAN_POINT ( 'NONE',  ( -0.2170000000000001900, -0.05000000000000002400, 0.6119999999999998800 ) ) ;
#370 = ORIENTED_EDGE ( 'NONE', *, *, #340, .T. ) ;
#371 = LINE ( 'NONE', #1355, #1293 ) ;
#372 = ORIENTED_EDGE ( 'NONE', *, *, #199, .F. ) ;
#373 = EDGE_CURVE ( 'NONE', #1294, #1689, #2136, .T. ) ;
#374 = CARTESIAN_POINT ( 'NONE',  ( -0.3750000000000000000, -0.05000000000000002400, 1.500000000000000700 ) ) ;
#375 = ORIENTED_EDGE ( 'NONE', *, *, #1271, .F. ) ;
#376 = ADVANCED_FACE ( 'NONE', ( #302 ), #356, .F. ) ;
#377 = ORIENTED_EDGE ( 'NONE', *, *, #475, .F. ) ;
#378 =( NAMED_UNIT ( * ) SI_UNIT ( $, .STERADIAN. ) SOLID_ANGLE_UNIT ( ) );
#379 = CARTESIAN_POINT ( 'NONE',  ( 0.3750000000000000000, 0.1499999999999999900, 0.6620000000000001400 ) ) ;
#380 = ORIENTED_EDGE ( 'NONE', *, *, #2374, .F. ) ;
#381 = ADVANCED_FACE ( 'NONE', ( #1021 ), #2150, .F. ) ;
#382 = DIRECTION ( 'NONE',  ( 0.0000000000000000000, -1.000000000000000000, 0.0000000000000000000 ) ) ;
#383 = AXIS2_PLACEMENT_3D ( 'NONE', #903, #343, #2121 ) ;
#384 = SURFACE_SIDE_STYLE ('',( #421 ) ) ;
#385 = ORIENTED_EDGE ( 'NONE', *, *, #156, .F. ) ;
#386 = DIRECTION ( 'NONE',  ( 0.0000000000000000000, -1.000000000000000000, 0.0000000000000000000 ) ) ;
#387 = AXIS2_PLACEMENT_3D ( 'NONE', #1549, #1956, #2348 ) ;
#388 = LINE ( 'NONE', #374, #1967 ) ;
#389 = DIRECTION ( 'NONE',  ( -0.0000000000000000000, 1.000000000000000000, -0.0000000000000000000 ) ) ;
#390 = EDGE_CURVE ( 'NONE', #1527, #1927, #1479, .T. ) ;
#391 = FACE_OUTER_BOUND ( 'NONE', #2479, .T. ) ;
#392 = VECTOR ( 'NONE', #2126, 1000.000000000000000 ) ;
#393 = DIRECTION ( 'NONE',  ( -0.0000000000000000000, 1.000000000000000000, -0.0000000000000000000 ) ) ;
#394 = LINE ( 'NONE', #38, #766 ) ;
#395 = CARTESIAN_POINT ( 'NONE',  ( 0.3750000000000000000, -0.05000000000000002400, -1.500000000000000700 ) ) ;
#396 = VERTEX_POINT ( 'NONE', #2556 ) ;
#397 = VERTEX_POINT ( 'NONE', #937 ) ;
#398 = DIRECTION ( 'NONE',  ( 0.0000000000000000000, -0.0000000000000000000, -1.000000000000000000 ) ) ;
#399 = VERTEX_POINT ( 'NONE', #346 ) ;
#400 = LINE ( 'NONE', #730, #1350 ) ;
#401 = AXIS2_PLACEMENT_3D ( 'NONE', #852, #2245, #2425 ) ;
#402 = DIRECTION ( 'NONE',  ( -0.0000000000000000000, 1.000000000000000000, 0.0000000000000000000 ) ) ;
#403 = ORIENTED_EDGE ( 'NONE', *, *, #1144, .F. ) ;
#404 = CARTESIAN_POINT ( 'NONE',  ( -0.4170000000000002000, -0.05000000000000002400, 0.3119999999999999400 ) ) ;
#405 = EDGE_CURVE ( 'NONE', #2539, #1918, #1889, .T. ) ;
#406 = ORIENTED_EDGE ( 'NONE', *, *, #1177, .T. ) ;
#407 = CARTESIAN_POINT ( 'NONE',  ( -0.9999999999999997800, 0.7500000000000000000, 1.500000000000000700 ) ) ;
#408 = DIRECTION ( 'NONE',  ( 1.000000000000000000, -0.0000000000000000000, -3.252606517456513300E-016 ) ) ;
#409 = CLOSED_SHELL ( 'NONE', ( #2433, #1013, #1120, #376, #1354, #1149, #2112, #2222, #1092, #1091, #2220, #1721, #117, #141, #1841, #1433, #1922, #1524, #1912, #2106, #1391, #1796, #1850, #737, #454, #121, #546, #1946, #1813, #524, #381, #2327, #2406, #811, #1402, #663, #1705, #1230, #569 ) ) ;
#410 = CARTESIAN_POINT ( 'NONE',  ( 0.1250000000000000000, 0.1499999999999999900, -1.500000000000000700 ) ) ;
#411 = DIRECTION ( 'NONE',  ( 0.0000000000000000000, 0.0000000000000000000, 1.000000000000000000 ) ) ;
#412 = AXIS2_PLACEMENT_3D ( 'NONE', #1363, #173, #940 ) ;
#413 = DIRECTION ( 'NONE',  ( 1.000000000000000000, 0.0000000000000000000, 0.0000000000000000000 ) ) ;
#414 = ORIENTED_EDGE ( 'NONE', *, *, #1708, .T. ) ;
#415 = VECTOR ( 'NONE', #555, 1000.000000000000000 ) ;
#416 = LINE ( 'NONE', #2030, #815 ) ;
#417 = EDGE_CURVE ( 'NONE', #1509, #55, #371, .T. ) ;
#418 = CARTESIAN_POINT ( 'NONE',  ( -0.3749999999999997800, -0.05000000000000002400, -1.075000000000000800 ) ) ;
#419 = CYLINDRICAL_SURFACE ( 'NONE', #1454, 0.05000000000000002400 ) ;
#420 = VECTOR ( 'NONE', #863, 1000.000000000000000 ) ;
#421 = SURFACE_STYLE_FILL_AREA ( #568 ) ;
#422 = FACE_OUTER_BOUND ( 'NONE', #221, .T. ) ;
#423 = CARTESIAN_POINT ( 'NONE',  ( 0.3249999999999996800, 0.1499999999999999900, -0.6120000000000001000 ) ) ;
#424 = EDGE_CURVE ( 'NONE', #840, #1457, #1758, .T. ) ;
#425 = VERTEX_POINT ( 'NONE', #206 ) ;
#426 = LINE ( 'NONE', #64, #25 ) ;
#427 = ORIENTED_EDGE ( 'NONE', *, *, #1171, .T. ) ;
#428 = ORIENTED_EDGE ( 'NONE', *, *, #2037, .T. ) ;
#429 = CARTESIAN_POINT ( 'NONE',  ( -0.6438948910005848300, 0.7500000000000000000, 1.018968175816056000 ) ) ;
#430 = ORIENTED_EDGE ( 'NONE', *, *, #1159, .T. ) ;
#431 = LINE ( 'NONE', #725, #2344 ) ;
#432 = ORIENTED_EDGE ( 'NONE', *, *, #2356, .F. ) ;
#433 = AXIS2_PLACEMENT_3D ( 'NONE', #243, #2204, #437 ) ;
#434 = CARTESIAN_POINT ( 'NONE',  ( 0.1250000000000000000, -0.05000000000000002400, -1.500000000000000700 ) ) ;
#435 = EDGE_CURVE ( 'NONE', #1581, #268, #2376, .T. ) ;
#436 = STYLED_ITEM ( 'NONE', ( #2081 ), #362 ) ;
#437 = DIRECTION ( 'NONE',  ( -1.000000000000000000, 0.0000000000000000000, 0.0000000000000000000 ) ) ;
#438 = ORIENTED_EDGE ( 'NONE', *, *, #583, .T. ) ;
#439 = EDGE_LOOP ( 'NONE', ( #1298, #993, #1518, #1868 ) ) ;
#440 = DIRECTION ( 'NONE',  ( 0.0000000000000000000, 0.0000000000000000000, 1.000000000000000000 ) ) ;
#441 = EDGE_CURVE ( 'NONE', #976, #2539, #708, .T. ) ;
#442 = CARTESIAN_POINT ( 'NONE',  ( -0.4999999999999998900, -0.05000000000000002400, -1.075000000000000800 ) ) ;
#443 = ADVANCED_FACE ( 'NONE', ( #799 ), #223, .T. ) ;
#444 = ORIENTED_EDGE ( 'NONE', *, *, #170, .T. ) ;
#445 = CARTESIAN_POINT ( 'NONE',  ( 1.084202172485504400E-016, 0.1499999999999999900, -0.9500000000000007300 ) ) ;
#446 = DIRECTION ( 'NONE',  ( -0.0000000000000000000, 1.000000000000000000, -0.0000000000000000000 ) ) ;
#447 = EDGE_LOOP ( 'NONE', ( #856, #1899, #1601, #57 ) ) ;
#448 = PRESENTATION_LAYER_ASSIGNMENT (  '', '', ( #504 ) ) ;
#449 = CARTESIAN_POINT ( 'NONE',  ( -0.3750000000000000000, 0.1499999999999999900, 1.500000000000000700 ) ) ;
#450 = ADVANCED_FACE ( 'NONE', ( #354 ), #1812, .F. ) ;
#451 = VECTOR ( 'NONE', #1072, 1000.000000000000000 ) ;
#452 = LINE ( 'NONE', #379, #1811 ) ;
#453 = CARTESIAN_POINT ( 'NONE',  ( -0.3669999999999998300, 0.1499999999999999900, -0.6120000000000001000 ) ) ;
#454 = ADVANCED_FACE ( 'NONE', ( #1934 ), #1011, .F. ) ;
#455 = FACE_OUTER_BOUND ( 'NONE', #925, .T. ) ;
#456 = EDGE_CURVE ( 'NONE', #1581, #720, #1337, .T. ) ;
#457 = PLANE ( 'NONE',  #592 ) ;
#458 = DIRECTION ( 'NONE',  ( -0.0000000000000000000, -0.0000000000000000000, 1.000000000000000000 ) ) ;
#459 = VERTEX_POINT ( 'NONE', #1996 ) ;
#460 = VECTOR ( 'NONE', #646, 1000.000000000000000 ) ;
#461 = DIRECTION ( 'NONE',  ( 0.0000000000000000000, 0.0000000000000000000, 1.000000000000000000 ) ) ;
#462 = ORIENTED_EDGE ( 'NONE', *, *, #1926, .T. ) ;
#463 = ORIENTED_EDGE ( 'NONE', *, *, #390, .F. ) ;
#464 = DIRECTION ( 'NONE',  ( -0.0000000000000000000, 1.000000000000000000, -0.0000000000000000000 ) ) ;
#465 = CARTESIAN_POINT ( 'NONE',  ( 0.3750000000000000000, 0.1499999999999999900, 1.500000000000000700 ) ) ;
#466 = CARTESIAN_POINT ( 'NONE',  ( 0.3250000000000000100, -0.05000000000000002400, -0.6620000000000001400 ) ) ;
#467 = ORIENTED_EDGE ( 'NONE', *, *, #2549, .T. ) ;
#468 = CARTESIAN_POINT ( 'NONE',  ( 0.3750000000000000000, -0.05000000000000002400, -0.6620000000000004800 ) ) ;
#469 = CARTESIAN_POINT ( 'NONE',  ( 0.3750000000000000000, -0.05000000000000002400, -1.500000000000000700 ) ) ;
#470 = VERTEX_POINT ( 'NONE', #2180 ) ;
#471 = EDGE_CURVE ( 'NONE', #1918, #2476, #46, .T. ) ;
#472 = MANIFOLD_SOLID_BREP ( 'Boss-Extrude2[5]', #6 ) ;
#473 = CARTESIAN_POINT ( 'NONE',  ( 1.084202172485504400E-016, -0.05000000000000002400, -0.9500000000000007300 ) ) ;
#474 = ORIENTED_EDGE ( 'NONE', *, *, #241, .F. ) ;
#475 = EDGE_CURVE ( 'NONE', #702, #1771, #586, .T. ) ;
#476 = DIRECTION ( 'NONE',  ( 0.0000000000000000000, 0.0000000000000000000, -1.000000000000000000 ) ) ;
#477 = ORIENTED_EDGE ( 'NONE', *, *, #475, .T. ) ;
#478 = DIRECTION ( 'NONE',  ( 1.000000000000000000, -0.0000000000000000000, 0.0000000000000000000 ) ) ;
#479 = PLANE ( 'NONE',  #97 ) ;
#480 = DIRECTION ( 'NONE',  ( -1.000000000000000000, 0.0000000000000000000, 2.000373011965875900E-016 ) ) ;
#481 = EDGE_LOOP ( 'NONE', ( #102, #1612, #739, #2024 ) ) ;
#482 = DIRECTION ( 'NONE',  ( -0.5547001962252291500, 0.0000000000000000000, -0.8320502943378436100 ) ) ;
#483 = VECTOR ( 'NONE', #2318, 1000.000000000000000 ) ;
#484 = AXIS2_PLACEMENT_3D ( 'NONE', #1067, #1474, #1876 ) ;
#485 = VECTOR ( 'NONE', #1684, 1000.000000000000000 ) ;
#486 = VECTOR ( 'NONE', #327, 1000.000000000000000 ) ;
#487 = CARTESIAN_POINT ( 'NONE',  ( 0.6250000000000000000, 0.1499999999999999900, 1.500000000000000700 ) ) ;
#488 = VECTOR ( 'NONE', #1450, 1000.000000000000000 ) ;
#489 = LINE ( 'NONE', #810, #361 ) ;
#490 = MECHANICAL_DESIGN_GEOMETRIC_PRESENTATION_REPRESENTATION (  '', ( #655 ), #1945 ) ;
#491 = ORIENTED_EDGE ( 'NONE', *, *, #2021, .T. ) ;
#492 = FACE_OUTER_BOUND ( 'NONE', #1190, .T. ) ;
#493 = ORIENTED_EDGE ( 'NONE', *, *, #1845, .T. ) ;
#494 = EDGE_CURVE ( 'NONE', #1824, #2476, #143, .T. ) ;
#495 = CARTESIAN_POINT ( 'NONE',  ( -0.3670000000000001600, 0.1499999999999999900, -0.5620000000000000600 ) ) ;
#496 = CARTESIAN_POINT ( 'NONE',  ( -0.6250000000000000000, -0.05000000000000002400, -1.500000000000000700 ) ) ;
#497 = ORIENTED_EDGE ( 'NONE', *, *, #1229, .T. ) ;
#498 = SURFACE_STYLE_FILL_AREA ( #1952 ) ;
#499 = ORIENTED_EDGE ( 'NONE', *, *, #2145, .T. ) ;
#500 = CARTESIAN_POINT ( 'NONE',  ( -0.3669999999999998300, -0.05000000000000002400, -0.6120000000000001000 ) ) ;
#501 = EDGE_LOOP ( 'NONE', ( #515, #1206, #497, #463 ) ) ;
#502 = DIRECTION ( 'NONE',  ( 1.000000000000000000, 0.0000000000000000000, 0.0000000000000000000 ) ) ;
#503 = ORIENTED_EDGE ( 'NONE', *, *, #1763, .T. ) ;
#504 = STYLED_ITEM ( 'NONE', ( #1806 ), #1779 ) ;
#505 = CARTESIAN_POINT ( 'NONE',  ( -0.6250000000000000000, -0.05000000000000002400, -1.075000000000000800 ) ) ;
#506 = CARTESIAN_POINT ( 'NONE',  ( -0.4999999999999998900, -0.05000000000000002400, 1.075000000000000800 ) ) ;
#507 = CARTESIAN_POINT ( 'NONE',  ( -0.6438948910005848300, 0.6500000000000000200, 1.018968175816056000 ) ) ;
#508 = PLANE ( 'NONE',  #1054 ) ;
#509 = EDGE_LOOP ( 'NONE', ( #249, #1797, #1704, #890 ) ) ;
#510 = EDGE_CURVE ( 'NONE', #1088, #396, #1125, .T. ) ;
#511 = CARTESIAN_POINT ( 'NONE',  ( 0.6250000000000000000, 0.0000000000000000000, 1.500000000000000700 ) ) ;
#512 = ORIENTED_EDGE ( 'NONE', *, *, #1058, .T. ) ;
#513 = DIRECTION ( 'NONE',  ( 3.826595902890017200E-016, 0.0000000000000000000, 1.000000000000000000 ) ) ;
#514 = CARTESIAN_POINT ( 'NONE',  ( -0.2170000000000001900, 0.1499999999999999900, 0.6119999999999998800 ) ) ;
#515 = ORIENTED_EDGE ( 'NONE', *, *, #812, .F. ) ;
#516 = CARTESIAN_POINT ( 'NONE',  ( -0.6250000000000000000, 0.1499999999999999900, 1.500000000000000700 ) ) ;
#517 = VECTOR ( 'NONE', #2174, 1000.000000000000000 ) ;
#518 = CARTESIAN_POINT ( 'NONE',  ( -0.1250000000000000000, 0.1499999999999999900, 1.500000000000000700 ) ) ;
#519 = LINE ( 'NONE', #1603, #2179 ) ;
#520 = VECTOR ( 'NONE', #1795, 1000.000000000000000 ) ;
#521 = DIRECTION ( 'NONE',  ( -0.0000000000000000000, -1.000000000000000000, -0.0000000000000000000 ) ) ;
#522 = DIRECTION ( 'NONE',  ( -1.000000000000000000, 0.0000000000000000000, 0.0000000000000000000 ) ) ;
#523 = FACE_OUTER_BOUND ( 'NONE', #2043, .T. ) ;
#524 = ADVANCED_FACE ( 'NONE', ( #610 ), #879, .T. ) ;
#525 = PLANE ( 'NONE',  #297 ) ;
#526 = AXIS2_PLACEMENT_3D ( 'NONE', #532, #2482, #1299 ) ;
#527 = ORIENTED_EDGE ( 'NONE', *, *, #865, .F. ) ;
#528 = ADVANCED_FACE ( 'NONE', ( #2456 ), #254, .T. ) ;
#529 = ORIENTED_EDGE ( 'NONE', *, *, #2164, .F. ) ;
#530 = EDGE_CURVE ( 'NONE', #232, #1649, #2304, .T. ) ;
#531 = VERTEX_POINT ( 'NONE', #1427 ) ;
#532 = CARTESIAN_POINT ( 'NONE',  ( 1.084202172485504400E-016, 0.1499999999999999900, -1.075000000000000800 ) ) ;
#533 = DIRECTION ( 'NONE',  ( 0.0000000000000000000, -1.000000000000000000, 0.0000000000000000000 ) ) ;
#534 = DIRECTION ( 'NONE',  ( 0.0000000000000000000, 0.0000000000000000000, 1.000000000000000000 ) ) ;
#535 = VERTEX_POINT ( 'NONE', #1034 ) ;
#536 = ORIENTED_EDGE ( 'NONE', *, *, #2420, .F. ) ;
#537 = ADVANCED_FACE ( 'NONE', ( #1999 ), #729, .T. ) ;
#538 = AXIS2_PLACEMENT_3D ( 'NONE', #1636, #1242, #461 ) ;
#539 = CARTESIAN_POINT ( 'NONE',  ( -0.6438948910005848300, 0.6500000000000000200, 1.148317110647667500 ) ) ;
#540 = EDGE_LOOP ( 'NONE', ( #1987, #1386, #499, #1134 ) ) ;
#541 = EDGE_CURVE ( 'NONE', #186, #1002, #1774, .T. ) ;
#542 = CARTESIAN_POINT ( 'NONE',  ( 0.3249999999999996800, 0.1499999999999999900, -0.6120000000000001000 ) ) ;
#543 = DIRECTION ( 'NONE',  ( 1.000000000000000000, 0.0000000000000000000, -1.275531967630005700E-016 ) ) ;
#544 = DIRECTION ( 'NONE',  ( 0.0000000000000000000, 0.0000000000000000000, 1.000000000000000000 ) ) ;
#545 = EDGE_LOOP ( 'NONE', ( #596, #2507, #877, #1982, #1078 ) ) ;
#546 = ADVANCED_FACE ( 'NONE', ( #1184 ), #237, .F. ) ;
#547 = DIRECTION ( 'NONE',  ( -0.0000000000000000000, 1.000000000000000000, -0.0000000000000000000 ) ) ;
#548 = CIRCLE ( 'NONE', #273, 0.1293489348316114700 ) ;
#549 = VECTOR ( 'NONE', #214, 1000.000000000000000 ) ;
#550 = VECTOR ( 'NONE', #480, 1000.000000000000000 ) ;
#551 = LINE ( 'NONE', #317, #486 ) ;
#552 = LINE ( 'NONE', #258, #2307 ) ;
#553 = VECTOR ( 'NONE', #2171, 1000.000000000000000 ) ;
#554 = AXIS2_PLACEMENT_3D ( 'NONE', #1815, #1975, #2169 ) ;
#555 = DIRECTION ( 'NONE',  ( 1.000000000000000000, -0.0000000000000000000, -3.252606517456513300E-016 ) ) ;
#556 = LINE ( 'NONE', #496, #1340 ) ;
#557 = ADVANCED_FACE ( 'NONE', ( #1871 ), #943, .F. ) ;
#558 = PLANE ( 'NONE',  #1311 ) ;
#559 = CARTESIAN_POINT ( 'NONE',  ( -0.4999999999999998900, -0.05000000000000002400, -0.9500000000000007300 ) ) ;
#560 = EDGE_LOOP ( 'NONE', ( #639, #318, #2290, #261 ) ) ;
#561 = FACE_OUTER_BOUND ( 'NONE', #1851, .T. ) ;
#562 = UNCERTAINTY_MEASURE_WITH_UNIT (LENGTH_MEASURE( 1.000000000000000100E-005 ), #1360, 'distance_accuracy_value', 'NONE');
#563 = EDGE_LOOP ( 'NONE', ( #1351, #2443, #372, #924 ) ) ;
#564 = EDGE_CURVE ( 'NONE', #686, #1918, #416, .T. ) ;
#565 = FACE_OUTER_BOUND ( 'NONE', #1302, .T. ) ;
#566 = EDGE_LOOP ( 'NONE', ( #61, #691, #2172, #2311 ) ) ;
#567 = FILL_AREA_STYLE_COLOUR ( '', #913 ) ;
#568 = FILL_AREA_STYLE ('',( #980 ) ) ;
#569 = ADVANCED_FACE ( 'NONE', ( #670 ), #837, .T. ) ;
#570 = EDGE_CURVE ( 'NONE', #232, #326, #2332, .T. ) ;
#571 =( NAMED_UNIT ( * ) PLANE_ANGLE_UNIT ( ) SI_UNIT ( $, .RADIAN. ) );
#572 = CARTESIAN_POINT ( 'NONE',  ( 0.6250000000000000000, -0.05000000000000002400, 1.500000000000000700 ) ) ;
#573 = DIRECTION ( 'NONE',  ( -0.0000000000000000000, 1.000000000000000000, -0.0000000000000000000 ) ) ;
#574 = AXIS2_PLACEMENT_3D ( 'NONE', #909, #727, #1110 ) ;
#575 = DIRECTION ( 'NONE',  ( -0.0000000000000000000, -1.000000000000000000, -0.0000000000000000000 ) ) ;
#576 = AXIS2_PLACEMENT_3D ( 'NONE', #101, #94, #1485 ) ;
#577 = FILL_AREA_STYLE_COLOUR ( '', #1785 ) ;
#578 = DIRECTION ( 'NONE',  ( -0.0000000000000000000, -1.000000000000000000, -0.0000000000000000000 ) ) ;
#579 = MECHANICAL_DESIGN_GEOMETRIC_PRESENTATION_REPRESENTATION (  '', ( #436 ), #1898 ) ;
#580 = ORIENTED_EDGE ( 'NONE', *, *, #199, .T. ) ;
#581 = SURFACE_SIDE_STYLE ('',( #1070 ) ) ;
#582 = DIRECTION ( 'NONE',  ( -0.0000000000000000000, -1.000000000000000000, -0.0000000000000000000 ) ) ;
#583 = EDGE_CURVE ( 'NONE', #1431, #1444, #287, .T. ) ;
#584 = CARTESIAN_POINT ( 'NONE',  ( -0.1250000000000000000, -0.05000000000000002400, -1.500000000000000700 ) ) ;
#585 = LINE ( 'NONE', #1138, #2071 ) ;
#586 = LINE ( 'NONE', #999, #1464 ) ;
#587 = ORIENTED_EDGE ( 'NONE', *, *, #812, .T. ) ;
#588 = PLANE ( 'NONE',  #2470 ) ;
#589 = CYLINDRICAL_SURFACE ( 'NONE', #1384, 0.1250000000000001100 ) ;
#590 = LINE ( 'NONE', #995, #520 ) ;
#591 = LINE ( 'NONE', #131, #1158 ) ;
#592 = AXIS2_PLACEMENT_3D ( 'NONE', #91, #2440, #1855 ) ;
#593 = VERTEX_POINT ( 'NONE', #1762 ) ;
#594 = VECTOR ( 'NONE', #835, 1000.000000000000000 ) ;
#595 = DIRECTION ( 'NONE',  ( -0.0000000000000000000, -1.000000000000000000, -0.0000000000000000000 ) ) ;
#596 = ORIENTED_EDGE ( 'NONE', *, *, #2543, .T. ) ;
#597 = EDGE_CURVE ( 'NONE', #1890, #1689, #1282, .T. ) ;
#598 = ORIENTED_EDGE ( 'NONE', *, *, #950, .T. ) ;
#599 = DIRECTION ( 'NONE',  ( 0.0000000000000000000, 0.0000000000000000000, -1.000000000000000000 ) ) ;
#600 = DIRECTION ( 'NONE',  ( 0.0000000000000000000, 1.000000000000000000, 0.0000000000000000000 ) ) ;
#601 =( NAMED_UNIT ( * ) SI_UNIT ( $, .STERADIAN. ) SOLID_ANGLE_UNIT ( ) );
#602 = EDGE_LOOP ( 'NONE', ( #2253, #207, #770, #805 ) ) ;
#603 = CARTESIAN_POINT ( 'NONE',  ( -0.2170000000000001900, -0.05000000000000002400, 0.6119999999999998800 ) ) ;
#604 = EDGE_CURVE ( 'NONE', #2134, #2434, #643, .T. ) ;
#605 = CARTESIAN_POINT ( 'NONE',  ( -0.3749999999999997800, 0.0000000000000000000, -1.075000000000000800 ) ) ;
#606 = CARTESIAN_POINT ( 'NONE',  ( -0.3750000000000000000, 0.1499999999999999900, -1.500000000000000700 ) ) ;
#607 = ORIENTED_EDGE ( 'NONE', *, *, #1115, .T. ) ;
#608 = EDGE_CURVE ( 'NONE', #1771, #2108, #700, .T. ) ;
#609 = LINE ( 'NONE', #1117, #1773 ) ;
#610 = FACE_OUTER_BOUND ( 'NONE', #1090, .T. ) ;
#611 = LINE ( 'NONE', #110, #1972 ) ;
#612 = CIRCLE ( 'NONE', #908, 0.05000000000000002400 ) ;
#613 = CARTESIAN_POINT ( 'NONE',  ( -0.4999999999999998900, 0.1499999999999999900, 1.075000000000000800 ) ) ;
#614 = VECTOR ( 'NONE', #665, 1000.000000000000000 ) ;
#615 = CARTESIAN_POINT ( 'NONE',  ( 0.3250000000000000100, 0.0000000000000000000, 0.6619999999999998100 ) ) ;
#616 = ORIENTED_EDGE ( 'NONE', *, *, #530, .T. ) ;
#617 = ORIENTED_EDGE ( 'NONE', *, *, #803, .T. ) ;
#618 = DIRECTION ( 'NONE',  ( 0.0000000000000000000, 0.0000000000000000000, -1.000000000000000000 ) ) ;
#619 = VERTEX_POINT ( 'NONE', #2329 ) ;
#620 = ORIENTED_EDGE ( 'NONE', *, *, #984, .F. ) ;
#621 = LINE ( 'NONE', #1911, #87 ) ;
#622 = AXIS2_PLACEMENT_3D ( 'NONE', #1547, #1157, #363 ) ;
#623 = ORIENTED_EDGE ( 'NONE', *, *, #2306, .T. ) ;
#624 = AXIS2_PLACEMENT_3D ( 'NONE', #65, #2040, #1447 ) ;
#625 = DIRECTION ( 'NONE',  ( -0.0000000000000000000, 1.000000000000000000, -0.0000000000000000000 ) ) ;
#626 = VERTEX_POINT ( 'NONE', #2545 ) ;
#627 = ADVANCED_FACE ( 'NONE', ( #1244 ), #2098, .T. ) ;
#628 = CARTESIAN_POINT ( 'NONE',  ( -0.4999999999999998900, 0.0000000000000000000, 0.9500000000000007300 ) ) ;
#629 = EDGE_LOOP ( 'NONE', ( #802, #2034, #1902, #28 ) ) ;
#630 = EDGE_CURVE ( 'NONE', #2546, #1210, #74, .T. ) ;
#631 = DIRECTION ( 'NONE',  ( 0.0000000000000000000, 0.0000000000000000000, -1.000000000000000000 ) ) ;
#632 = CARTESIAN_POINT ( 'NONE',  ( -0.1250000000000000000, -0.05000000000000002400, -1.500000000000000700 ) ) ;
#633 = DIRECTION ( 'NONE',  ( 1.000000000000000000, -0.0000000000000000000, -3.252606517456513300E-016 ) ) ;
#634 = CARTESIAN_POINT ( 'NONE',  ( 1.000000000000000200, 0.7500000000000000000, -1.499999999999999800 ) ) ;
#635 = FILL_AREA_STYLE ('',( #219 ) ) ;
#636 = ORIENTED_EDGE ( 'NONE', *, *, #1104, .F. ) ;
#637 = UNCERTAINTY_MEASURE_WITH_UNIT (LENGTH_MEASURE( 1.000000000000000100E-005 ), #2319, 'distance_accuracy_value', 'NONE');
#638 = AXIS2_PLACEMENT_3D ( 'NONE', #1308, #533, #1097 ) ;
#639 = ORIENTED_EDGE ( 'NONE', *, *, #1550, .T. ) ;
#640 = DIRECTION ( 'NONE',  ( 0.0000000000000000000, -1.000000000000000000, 0.0000000000000000000 ) ) ;
#641 = PLANE ( 'NONE',  #1093 ) ;
#642 = LINE ( 'NONE', #1738, #2153 ) ;
#643 = LINE ( 'NONE', #1973, #109 ) ;
#644 = EDGE_CURVE ( 'NONE', #470, #843, #2154, .T. ) ;
#645 = ORIENTED_EDGE ( 'NONE', *, *, #1526, .T. ) ;
#646 = DIRECTION ( 'NONE',  ( -0.0000000000000000000, -1.000000000000000000, -0.0000000000000000000 ) ) ;
#647 = CIRCLE ( 'NONE', #717, 0.1250000000000001100 ) ;
#648 = CIRCLE ( 'NONE', #167, 0.05000000000000002400 ) ;
#649 = CARTESIAN_POINT ( 'NONE',  ( 0.6250000000000000000, 0.1499999999999999900, 1.500000000000000700 ) ) ;
#650 = CIRCLE ( 'NONE', #1867, 0.05000000000000002400 ) ;
#651 = EDGE_LOOP ( 'NONE', ( #786, #2224, #1306, #1059 ) ) ;
#652 = ORIENTED_EDGE ( 'NONE', *, *, #1741, .F. ) ;
#653 = EDGE_LOOP ( 'NONE', ( #2131, #150, #972, #2548 ) ) ;
#654 = AXIS2_PLACEMENT_3D ( 'NONE', #613, #386, #2176 ) ;
#655 = STYLED_ITEM ( 'NONE', ( #974 ), #715 ) ;
#656 = PLANE ( 'NONE',  #1304 ) ;
#657 = EDGE_LOOP ( 'NONE', ( #1521, #529, #907, #370 ) ) ;
#658 = EDGE_CURVE ( 'NONE', #2135, #619, #1063, .T. ) ;
#659 = DIRECTION ( 'NONE',  ( -1.000000000000000000, 0.0000000000000000000, 0.0000000000000000000 ) ) ;
#660 = DIRECTION ( 'NONE',  ( 0.0000000000000000000, 0.0000000000000000000, -1.000000000000000000 ) ) ;
#661 = DIRECTION ( 'NONE',  ( -1.000000000000000000, 0.0000000000000000000, 2.168404344971008900E-016 ) ) ;
#662 = ORIENTED_EDGE ( 'NONE', *, *, #1296, .F. ) ;
#663 = ADVANCED_FACE ( 'NONE', ( #1530 ), #1005, .F. ) ;
#664 = DIRECTION ( 'NONE',  ( 0.0000000000000000000, 0.0000000000000000000, -1.000000000000000000 ) ) ;
#665 = DIRECTION ( 'NONE',  ( -0.0000000000000000000, -1.000000000000000000, -0.0000000000000000000 ) ) ;
#666 = AXIS2_PLACEMENT_3D ( 'NONE', #1710, #912, #1675 ) ;
#667 = CARTESIAN_POINT ( 'NONE',  ( -0.3750000000000000000, 0.0000000000000000000, 1.500000000000000700 ) ) ;
#668 = DIRECTION ( 'NONE',  ( 0.0000000000000000000, -1.000000000000000000, 0.0000000000000000000 ) ) ;
#669 = VECTOR ( 'NONE', #2197, 1000.000000000000000 ) ;
#670 = FACE_OUTER_BOUND ( 'NONE', #1853, .T. ) ;
#671 = DIRECTION ( 'NONE',  ( -1.000000000000000000, 0.0000000000000000000, 3.826595902890017200E-016 ) ) ;
#672 = EDGE_CURVE ( 'NONE', #966, #2463, #1212, .T. ) ;
#673 = PLANE ( 'NONE',  #1018 ) ;
#674 = ORIENTED_EDGE ( 'NONE', *, *, #964, .F. ) ;
#675 = VERTEX_POINT ( 'NONE', #1964 ) ;
#676 = ORIENTED_EDGE ( 'NONE', *, *, #950, .F. ) ;
#677 = ADVANCED_FACE ( 'NONE', ( #2036 ), #2163, .T. ) ;
#678 = LINE ( 'NONE', #1347, #894 ) ;
#679 = ORIENTED_EDGE ( 'NONE', *, *, #2409, .T. ) ;
#680 = DIRECTION ( 'NONE',  ( 0.0000000000000000000, 0.0000000000000000000, -1.000000000000000000 ) ) ;
#681 = AXIS2_PLACEMENT_3D ( 'NONE', #2389, #1224, #1204 ) ;
#682 = PLANE ( 'NONE',  #1100 ) ;
#683 = DIRECTION ( 'NONE',  ( -0.0000000000000000000, 1.000000000000000000, -0.0000000000000000000 ) ) ;
#684 = EDGE_LOOP ( 'NONE', ( #2312, #1006 ) ) ;
#685 = DIRECTION ( 'NONE',  ( 1.000000000000000000, 0.0000000000000000000, 6.202529590878171900E-017 ) ) ;
#686 = VERTEX_POINT ( 'NONE', #986 ) ;
#687 = PLANE ( 'NONE',  #1991 ) ;
#688 = ORIENTED_EDGE ( 'NONE', *, *, #1985, .F. ) ;
#689 = EDGE_CURVE ( 'NONE', #1210, #1178, #1501, .T. ) ;
#690 = DIRECTION ( 'NONE',  ( -0.0000000000000000000, -1.000000000000000000, -0.0000000000000000000 ) ) ;
#691 = ORIENTED_EDGE ( 'NONE', *, *, #1772, .F. ) ;
#692 = EDGE_CURVE ( 'NONE', #470, #2190, #388, .T. ) ;
#693 = CARTESIAN_POINT ( 'NONE',  ( -0.6250000000000000000, 0.1499999999999999900, -1.075000000000000800 ) ) ;
#694 = CARTESIAN_POINT ( 'NONE',  ( -0.6250000000000000000, 0.1499999999999999900, 1.500000000000000700 ) ) ;
#695 = DIRECTION ( 'NONE',  ( 0.0000000000000000000, -1.000000000000000000, 0.0000000000000000000 ) ) ;
#696 = AXIS2_PLACEMENT_3D ( 'NONE', #782, #1344, #1939 ) ;
#697 = CARTESIAN_POINT ( 'NONE',  ( -0.6250000000000000000, 0.1499999999999999900, 1.500000000000000700 ) ) ;
#698 = LINE ( 'NONE', #2526, #107 ) ;
#699 = CARTESIAN_POINT ( 'NONE',  ( 0.1250000000000000000, -0.05000000000000002400, -1.500000000000000700 ) ) ;
#700 = LINE ( 'NONE', #1935, #1587 ) ;
#701 = CARTESIAN_POINT ( 'NONE',  ( -0.4170000000000001500, 0.1499999999999999900, -0.5619999999999998300 ) ) ;
#702 = VERTEX_POINT ( 'NONE', #2166 ) ;
#703 = LINE ( 'NONE', #468, #2070 ) ;
#704 = CYLINDRICAL_SURFACE ( 'NONE', #1442, 0.05000000000000002400 ) ;
#705 = AXIS2_PLACEMENT_3D ( 'NONE', #1895, #543, #323 ) ;
#706 = VECTOR ( 'NONE', #1983, 1000.000000000000000 ) ;
#707 = EDGE_CURVE ( 'NONE', #1139, #1294, #2427, .T. ) ;
#708 = CIRCLE ( 'NONE', #195, 0.1250000000000001100 ) ;
#709 = CARTESIAN_POINT ( 'NONE',  ( 1.000000000000000200, 0.0000000000000000000, -1.499999999999999800 ) ) ;
#710 = CARTESIAN_POINT ( 'NONE',  ( -0.6250000000000000000, -0.0000000000000000000, -1.075000000000000800 ) ) ;
#711 = ORIENTED_EDGE ( 'NONE', *, *, #2489, .F. ) ;
#712 = LINE ( 'NONE', #306, #267 ) ;
#713 = EDGE_LOOP ( 'NONE', ( #2094, #2472, #2137, #1164 ) ) ;
#714 = CARTESIAN_POINT ( 'NONE',  ( -0.3749999999999998900, 0.0000000000000000000, -1.499999999999999600 ) ) ;
#715 = MANIFOLD_SOLID_BREP ( 'Boss-Extrude2[4]', #857 ) ;
#716 = CARTESIAN_POINT ( 'NONE',  ( -0.6250000000000000000, 0.1499999999999999900, -1.500000000000000700 ) ) ;
#717 = AXIS2_PLACEMENT_3D ( 'NONE', #2260, #695, #1460 ) ;
#718 = CARTESIAN_POINT ( 'NONE',  ( -0.1249999999999999400, -0.05000000000000002400, -1.075000000000000800 ) ) ;
#719 =( NAMED_UNIT ( * ) PLANE_ANGLE_UNIT ( ) SI_UNIT ( $, .RADIAN. ) );
#720 = VERTEX_POINT ( 'NONE', #2552 ) ;
#721 = DIRECTION ( 'NONE',  ( -3.826595902890017200E-016, 0.0000000000000000000, 1.000000000000000000 ) ) ;
#722 = EDGE_CURVE ( 'NONE', #1088, #1980, #2336, .T. ) ;
#723 = CARTESIAN_POINT ( 'NONE',  ( 0.3750000000000000000, -0.05000000000000002400, -0.6620000000000004800 ) ) ;
#724 = VERTEX_POINT ( 'NONE', #1356 ) ;
#725 = CARTESIAN_POINT ( 'NONE',  ( -0.6250000000000000000, 0.1499999999999999900, 1.075000000000000800 ) ) ;
#726 = DIRECTION ( 'NONE',  ( 0.0000000000000000000, -0.0000000000000000000, -1.000000000000000000 ) ) ;
#727 = DIRECTION ( 'NONE',  ( -0.0000000000000000000, 0.0000000000000000000, -1.000000000000000000 ) ) ;
#728 = LINE ( 'NONE', #1305, #415 ) ;
#729 = CYLINDRICAL_SURFACE ( 'NONE', #1760, 0.1293489348316114700 ) ;
#730 = CARTESIAN_POINT ( 'NONE',  ( -0.3669999999999998300, -0.05000000000000002400, -0.6120000000000001000 ) ) ;
#731 = DIRECTION ( 'NONE',  ( 0.5547001962252290400, 0.0000000000000000000, 0.8320502943378437200 ) ) ;
#732 = VECTOR ( 'NONE', #138, 1000.000000000000000 ) ;
#733 = EDGE_CURVE ( 'NONE', #1237, #2553, #1504, .T. ) ;
#734 = ORIENTED_EDGE ( 'NONE', *, *, #1578, .T. ) ;
#735 = ORIENTED_EDGE ( 'NONE', *, *, #1483, .F. ) ;
#736 = CARTESIAN_POINT ( 'NONE',  ( 0.3249999999999996800, 0.1499999999999999900, -0.6120000000000001000 ) ) ;
#737 = ADVANCED_FACE ( 'NONE', ( #978 ), #704, .T. ) ;
#738 = EDGE_CURVE ( 'NONE', #2463, #83, #452, .T. ) ;
#739 = ORIENTED_EDGE ( 'NONE', *, *, #1191, .F. ) ;
#740 = VECTOR ( 'NONE', #313, 1000.000000000000000 ) ;
#741 = ORIENTED_EDGE ( 'NONE', *, *, #1790, .T. ) ;
#742 = CARTESIAN_POINT ( 'NONE',  ( -0.3750000000000000000, -0.05000000000000002400, -1.500000000000000700 ) ) ;
#743 = CARTESIAN_POINT ( 'NONE',  ( 1.084202172485504400E-016, 0.1499999999999999900, -1.075000000000000800 ) ) ;
#744 = DIRECTION ( 'NONE',  ( 0.0000000000000000000, -1.000000000000000000, 0.0000000000000000000 ) ) ;
#745 = VERTEX_POINT ( 'NONE', #2510 ) ;
#746 = VERTEX_POINT ( 'NONE', #1146 ) ;
#747 = DIRECTION ( 'NONE',  ( 1.000000000000000000, 0.0000000000000000000, 0.0000000000000000000 ) ) ;
#748 =( GEOMETRIC_REPRESENTATION_CONTEXT ( 3 ) GLOBAL_UNCERTAINTY_ASSIGNED_CONTEXT ( ( #2465 ) ) GLOBAL_UNIT_ASSIGNED_CONTEXT ( ( #769, #779, #1751 ) ) REPRESENTATION_CONTEXT ( 'NONE', 'WORKASPACE' ) );
#749 = CARTESIAN_POINT ( 'NONE',  ( -0.1250000000000000000, 0.1499999999999999900, 1.500000000000000700 ) ) ;
#750 = AXIS2_PLACEMENT_3D ( 'NONE', #365, #389, #1742 ) ;
#751 = VERTEX_POINT ( 'NONE', #2138 ) ;
#752 = FILL_AREA_STYLE ('',( #2533 ) ) ;
#753 = SURFACE_STYLE_USAGE ( .BOTH. , #2562 ) ;
#754 = EDGE_CURVE ( 'NONE', #840, #2196, #1156, .T. ) ;
#755 = CARTESIAN_POINT ( 'NONE',  ( -0.6438948910005848300, 0.6500000000000000200, 1.148317110647667500 ) ) ;
#756 = DIRECTION ( 'NONE',  ( -0.0000000000000000000, 1.000000000000000000, -0.0000000000000000000 ) ) ;
#757 = EDGE_LOOP ( 'NONE', ( #773, #1443 ) ) ;
#758 = VECTOR ( 'NONE', #1045, 1000.000000000000000 ) ;
#759 = VECTOR ( 'NONE', #349, 1000.000000000000000 ) ;
#760 = ORIENTED_EDGE ( 'NONE', *, *, #707, .T. ) ;
#761 = VECTOR ( 'NONE', #2275, 1000.000000000000000 ) ;
#762 = LINE ( 'NONE', #1849, #420 ) ;
#763 = LINE ( 'NONE', #2015, #2558 ) ;
#764 = AXIS2_PLACEMENT_3D ( 'NONE', #1176, #1589, #34 ) ;
#765 = PLANE ( 'NONE',  #1754 ) ;
#766 = VECTOR ( 'NONE', #235, 1000.000000000000000 ) ;
#767 = DIRECTION ( 'NONE',  ( -1.000000000000000000, 0.0000000000000000000, 5.102127870520023000E-016 ) ) ;
#768 = VECTOR ( 'NONE', #482, 1000.000000000000100 ) ;
#769 =( LENGTH_UNIT ( ) NAMED_UNIT ( * ) SI_UNIT ( .MILLI., .METRE. ) );
#770 = ORIENTED_EDGE ( 'NONE', *, *, #1205, .F. ) ;
#771 = EDGE_CURVE ( 'NONE', #1689, #2001, #1910, .T. ) ;
#772 = LINE ( 'NONE', #1491, #740 ) ;
#773 = ORIENTED_EDGE ( 'NONE', *, *, #1880, .F. ) ;
#774 = DIRECTION ( 'NONE',  ( 0.0000000000000000000, 0.0000000000000000000, -1.000000000000000000 ) ) ;
#775 = CARTESIAN_POINT ( 'NONE',  ( -0.6250000000000000000, 0.1499999999999999900, 1.500000000000000700 ) ) ;
#776 = CARTESIAN_POINT ( 'NONE',  ( -0.1250000000000000000, -0.05000000000000002400, 1.500000000000000700 ) ) ;
#777 = ORIENTED_EDGE ( 'NONE', *, *, #1726, .T. ) ;
#778 = VERTEX_POINT ( 'NONE', #559 ) ;
#779 =( NAMED_UNIT ( * ) PLANE_ANGLE_UNIT ( ) SI_UNIT ( $, .RADIAN. ) );
#780 = ORIENTED_EDGE ( 'NONE', *, *, #692, .T. ) ;
#781 = AXIS2_PLACEMENT_3D ( 'NONE', #2422, #2042, #250 ) ;
#782 = CARTESIAN_POINT ( 'NONE',  ( 0.1250000000000000000, 0.1499999999999999900, -1.500000000000000700 ) ) ;
#783 = AXIS2_PLACEMENT_3D ( 'NONE', #2099, #111, #2296 ) ;
#784 = EDGE_CURVE ( 'NONE', #1175, #1237, #917, .T. ) ;
#785 = ORIENTED_EDGE ( 'NONE', *, *, #1445, .T. ) ;
#786 = ORIENTED_EDGE ( 'NONE', *, *, #2322, .T. ) ;
#787 = EDGE_CURVE ( 'NONE', #155, #983, #648, .T. ) ;
#788 = UNCERTAINTY_MEASURE_WITH_UNIT (LENGTH_MEASURE( 1.000000000000000100E-005 ), #1301, 'distance_accuracy_value', 'NONE');
#789 = CARTESIAN_POINT ( 'NONE',  ( 0.3750000000000000000, 0.1499999999999999900, -1.500000000000000700 ) ) ;
#790 = ORIENTED_EDGE ( 'NONE', *, *, #228, .F. ) ;
#791 = PLANE ( 'NONE',  #1572 ) ;
#792 = LINE ( 'NONE', #1680, #1004 ) ;
#793 = VECTOR ( 'NONE', #192, 1000.000000000000000 ) ;
#794 = CARTESIAN_POINT ( 'NONE',  ( 0.3249999999999996800, 0.1499999999999999900, 0.6119999999999997700 ) ) ;
#795 = VECTOR ( 'NONE', #522, 1000.000000000000000 ) ;
#796 = FILL_AREA_STYLE ('',( #1182 ) ) ;
#797 = AXIS2_PLACEMENT_3D ( 'NONE', #514, #2503, #731 ) ;
#798 = ORIENTED_EDGE ( 'NONE', *, *, #2188, .F. ) ;
#799 = FACE_OUTER_BOUND ( 'NONE', #657, .T. ) ;
#800 = ORIENTED_EDGE ( 'NONE', *, *, #340, .F. ) ;
#801 = LINE ( 'NONE', #2095, #2014 ) ;
#802 = ORIENTED_EDGE ( 'NONE', *, *, #1345, .T. ) ;
#803 = EDGE_CURVE ( 'NONE', #1225, #1232, #1971, .T. ) ;
#804 = DIRECTION ( 'NONE',  ( 0.0000000000000000000, 0.0000000000000000000, 1.000000000000000000 ) ) ;
#805 = ORIENTED_EDGE ( 'NONE', *, *, #417, .T. ) ;
#806 = VERTEX_POINT ( 'NONE', #1953 ) ;
#807 = CARTESIAN_POINT ( 'NONE',  ( 0.3750000000000000000, 0.1499999999999999900, 1.500000000000000700 ) ) ;
#808 = AXIS2_PLACEMENT_3D ( 'NONE', #1866, #2068, #1481 ) ;
#809 = DIRECTION ( 'NONE',  ( 0.0000000000000000000, 0.0000000000000000000, 1.000000000000000000 ) ) ;
#810 = CARTESIAN_POINT ( 'NONE',  ( -0.9999999999999997800, 0.7500000000000000000, 1.500000000000000700 ) ) ;
#811 = ADVANCED_FACE ( 'NONE', ( #2005 ), #1719, .F. ) ;
#812 = EDGE_CURVE ( 'NONE', #778, #1527, #1287, .T. ) ;
#813 = EDGE_CURVE ( 'NONE', #839, #344, #2271, .T. ) ;
#814 = FACE_OUTER_BOUND ( 'NONE', #2349, .T. ) ;
#815 = VECTOR ( 'NONE', #1234, 1000.000000000000000 ) ;
#816 = DIRECTION ( 'NONE',  ( 0.0000000000000000000, 0.0000000000000000000, -1.000000000000000000 ) ) ;
#817 = ORIENTED_EDGE ( 'NONE', *, *, #2149, .T. ) ;
#818 = CIRCLE ( 'NONE', #134, 0.1293489348316114700 ) ;
#819 = FACE_OUTER_BOUND ( 'NONE', #1993, .T. ) ;
#820 = VECTOR ( 'NONE', #248, 1000.000000000000000 ) ;
#821 = VECTOR ( 'NONE', #945, 1000.000000000000000 ) ;
#822 = DIRECTION ( 'NONE',  ( -0.5547001962252291500, 0.0000000000000000000, -0.8320502943378436100 ) ) ;
#823 = ORIENTED_EDGE ( 'NONE', *, *, #771, .T. ) ;
#824 = SURFACE_STYLE_FILL_AREA ( #2484 ) ;
#825 = AXIS2_PLACEMENT_3D ( 'NONE', #53, #668, #269 ) ;
#826 = CARTESIAN_POINT ( 'NONE',  ( -0.3750000000000000000, 0.1499999999999999900, 1.500000000000000700 ) ) ;
#827 = DIRECTION ( 'NONE',  ( -0.0000000000000000000, -1.000000000000000000, -0.0000000000000000000 ) ) ;
#828 = LINE ( 'NONE', #1268, #2341 ) ;
#829 = DIRECTION ( 'NONE',  ( -0.0000000000000000000, -1.000000000000000000, -0.0000000000000000000 ) ) ;
#830 = ORIENTED_EDGE ( 'NONE', *, *, #658, .F. ) ;
#831 = VECTOR ( 'NONE', #1179, 1000.000000000000000 ) ;
#832 = ORIENTED_EDGE ( 'NONE', *, *, #1763, .F. ) ;
#833 = CARTESIAN_POINT ( 'NONE',  ( 0.0000000000000000000, 0.0000000000000000000, 0.0000000000000000000 ) ) ;
#834 = CARTESIAN_POINT ( 'NONE',  ( 1.084202172485504400E-016, -0.05000000000000002400, -1.075000000000000800 ) ) ;
#835 = DIRECTION ( 'NONE',  ( -0.0000000000000000000, -1.000000000000000000, -0.0000000000000000000 ) ) ;
#836 = EDGE_CURVE ( 'NONE', #217, #1076, #329, .T. ) ;
#837 = PLANE ( 'NONE',  #1981 ) ;
#838 = DIRECTION ( 'NONE',  ( -0.0000000000000000000, -1.000000000000000000, -0.0000000000000000000 ) ) ;
#839 = VERTEX_POINT ( 'NONE', #1747 ) ;
#840 = VERTEX_POINT ( 'NONE', #2326 ) ;
#841 = DIRECTION ( 'NONE',  ( -0.0000000000000000000, 1.000000000000000000, -0.0000000000000000000 ) ) ;
#842 = AXIS2_PLACEMENT_3D ( 'NONE', #1647, #2455, #476 ) ;
#843 = VERTEX_POINT ( 'NONE', #1560 ) ;
#844 = DIRECTION ( 'NONE',  ( 0.0000000000000000000, 0.0000000000000000000, -1.000000000000000000 ) ) ;
#845 = ORIENTED_EDGE ( 'NONE', *, *, #1046, .F. ) ;
#846 = DIRECTION ( 'NONE',  ( 0.0000000000000000000, 1.000000000000000000, 0.0000000000000000000 ) ) ;
#847 = VECTOR ( 'NONE', #1538, 1000.000000000000000 ) ;
#848 = EDGE_CURVE ( 'NONE', #399, #751, #2365, .T. ) ;
#849 = ORIENTED_EDGE ( 'NONE', *, *, #298, .F. ) ;
#850 = CARTESIAN_POINT ( 'NONE',  ( 0.3750000000000000000, 0.0000000000000000000, 0.6620000000000001400 ) ) ;
#851 = VECTOR ( 'NONE', #304, 1000.000000000000000 ) ;
#852 = CARTESIAN_POINT ( 'NONE',  ( 0.3750000000000000000, 0.1499999999999999900, -1.500000000000000700 ) ) ;
#853 = DIRECTION ( 'NONE',  ( -0.0000000000000000000, -1.000000000000000000, -0.0000000000000000000 ) ) ;
#854 = CARTESIAN_POINT ( 'NONE',  ( 0.3249999999999996800, 0.1499999999999999900, 0.6119999999999997700 ) ) ;
#855 = DIRECTION ( 'NONE',  ( -0.0000000000000000000, 1.000000000000000000, -0.0000000000000000000 ) ) ;
#856 = ORIENTED_EDGE ( 'NONE', *, *, #1296, .T. ) ;
#857 = CLOSED_SHELL ( 'NONE', ( #528, #1514, #321, #2542, #47, #2488, #931 ) ) ;
#858 = AXIS2_PLACEMENT_3D ( 'NONE', #723, #2109, #2093 ) ;
#859 = CARTESIAN_POINT ( 'NONE',  ( -0.1250000000000000000, 0.1499999999999999900, 1.500000000000000700 ) ) ;
#860 = ORIENTED_EDGE ( 'NONE', *, *, #784, .T. ) ;
#861 = CIRCLE ( 'NONE', #14, 0.05000000000000002400 ) ;
#862 = ORIENTED_EDGE ( 'NONE', *, *, #1578, .F. ) ;
#863 = DIRECTION ( 'NONE',  ( 1.000000000000000000, -0.0000000000000000000, -3.252606517456513300E-016 ) ) ;
#864 = CARTESIAN_POINT ( 'NONE',  ( 0.1250000000000001700, 0.1499999999999999900, -1.075000000000000800 ) ) ;
#865 = EDGE_CURVE ( 'NONE', #1541, #1369, #1840, .T. ) ;
#866 = DIRECTION ( 'NONE',  ( 0.0000000000000000000, 0.0000000000000000000, 1.000000000000000000 ) ) ;
#867 = ORIENTED_EDGE ( 'NONE', *, *, #156, .T. ) ;
#868 = CARTESIAN_POINT ( 'NONE',  ( -0.1250000000000000000, -0.05000000000000002400, 1.075000000000000800 ) ) ;
#869 = EDGE_CURVE ( 'NONE', #2242, #1509, #1316, .T. ) ;
#870 = DIRECTION ( 'NONE',  ( 0.0000000000000000000, 0.0000000000000000000, 1.000000000000000000 ) ) ;
#871 = DIRECTION ( 'NONE',  ( 0.0000000000000000000, -1.000000000000000000, 0.0000000000000000000 ) ) ;
#872 = ORIENTED_EDGE ( 'NONE', *, *, #2292, .F. ) ;
#873 = DIRECTION ( 'NONE',  ( -0.0000000000000000000, -1.000000000000000000, -0.0000000000000000000 ) ) ;
#874 = DIRECTION ( 'NONE',  ( -0.0000000000000000000, -1.000000000000000000, -0.0000000000000000000 ) ) ;
#875 = DIRECTION ( 'NONE',  ( -0.0000000000000000000, -1.000000000000000000, -0.0000000000000000000 ) ) ;
#876 = DIRECTION ( 'NONE',  ( 5.102127870520023000E-016, 0.0000000000000000000, 1.000000000000000000 ) ) ;
#877 = ORIENTED_EDGE ( 'NONE', *, *, #920, .T. ) ;
#878 = LINE ( 'NONE', #1900, #1280 ) ;
#879 = CYLINDRICAL_SURFACE ( 'NONE', #1703, 0.05000000000000002400 ) ;
#880 = ADVANCED_FACE ( 'NONE', ( #2430 ), #211, .F. ) ;
#881 = EDGE_LOOP ( 'NONE', ( #800, #1787 ) ) ;
#882 = VECTOR ( 'NONE', #1047, 1000.000000000000000 ) ;
#883 = CIRCLE ( 'NONE', #576, 0.1250000000000001100 ) ;
#884 = EDGE_CURVE ( 'NONE', #81, #2553, #1105, .T. ) ;
#885 = VECTOR ( 'NONE', #844, 1000.000000000000000 ) ;
#886 = LINE ( 'NONE', #233, #2559 ) ;
#887 = CARTESIAN_POINT ( 'NONE',  ( 0.1250000000000001900, -0.05000000000000002400, 1.075000000000000800 ) ) ;
#888 = ORIENTED_EDGE ( 'NONE', *, *, #1401, .F. ) ;
#889 = LINE ( 'NONE', #1317, #1015 ) ;
#890 = ORIENTED_EDGE ( 'NONE', *, *, #1563, .T. ) ;
#891 = CARTESIAN_POINT ( 'NONE',  ( 0.3249999999999996800, -0.05000000000000002400, 0.6119999999999997700 ) ) ;
#892 = VECTOR ( 'NONE', #251, 1000.000000000000000 ) ;
#893 = ORIENTED_EDGE ( 'NONE', *, *, #1388, .T. ) ;
#894 = VECTOR ( 'NONE', #1942, 1000.000000000000000 ) ;
#895 = ORIENTED_EDGE ( 'NONE', *, *, #1046, .T. ) ;
#896 = AXIS2_PLACEMENT_3D ( 'NONE', #205, #1805, #1189 ) ;
#897 = CARTESIAN_POINT ( 'NONE',  ( 0.3750000000000000000, 0.1499999999999999900, -1.500000000000000700 ) ) ;
#898 = DIRECTION ( 'NONE',  ( 0.0000000000000000000, 0.0000000000000000000, -1.000000000000000000 ) ) ;
#899 = ORIENTED_EDGE ( 'NONE', *, *, #2066, .F. ) ;
#900 = ORIENTED_EDGE ( 'NONE', *, *, #1655, .T. ) ;
#901 = EDGE_CURVE ( 'NONE', #1444, #1492, #50, .T. ) ;
#902 = ORIENTED_EDGE ( 'NONE', *, *, #2292, .T. ) ;
#903 = CARTESIAN_POINT ( 'NONE',  ( 0.3250000000000000100, -0.05000000000000002400, -0.6620000000000001400 ) ) ;
#904 = PLANE ( 'NONE',  #2506 ) ;
#905 = DIRECTION ( 'NONE',  ( 0.0000000000000000000, 0.0000000000000000000, 1.000000000000000000 ) ) ;
#906 = DIRECTION ( 'NONE',  ( -3.826595902890017200E-016, 0.0000000000000000000, 1.000000000000000000 ) ) ;
#907 = ORIENTED_EDGE ( 'NONE', *, *, #2453, .T. ) ;
#908 = AXIS2_PLACEMENT_3D ( 'NONE', #1584, #1400, #1786 ) ;
#909 = CARTESIAN_POINT ( 'NONE',  ( 0.6250000000000000000, -0.05000000000000002400, 1.500000000000000700 ) ) ;
#910 = ORIENTED_EDGE ( 'NONE', *, *, #2385, .T. ) ;
#911 = DIRECTION ( 'NONE',  ( -0.0000000000000000000, 1.000000000000000000, -0.0000000000000000000 ) ) ;
#912 = DIRECTION ( 'NONE',  ( -0.0000000000000000000, 1.000000000000000000, -0.0000000000000000000 ) ) ;
#913 = COLOUR_RGB ( '',1.000000000000000000, 1.000000000000000000, 1.000000000000000000 ) ;
#914 = SURFACE_SIDE_STYLE ('',( #824 ) ) ;
#915 = DIRECTION ( 'NONE',  ( -0.0000000000000000000, 1.000000000000000000, -0.0000000000000000000 ) ) ;
#916 = FACE_OUTER_BOUND ( 'NONE', #1416, .T. ) ;
#917 = LINE ( 'NONE', #358, #1624 ) ;
#918 = PRESENTATION_LAYER_ASSIGNMENT (  '', '', ( #655 ) ) ;
#919 = LINE ( 'NONE', #1628, #145 ) ;
#920 = EDGE_CURVE ( 'NONE', #2167, #231, #1938, .T. ) ;
#921 = DIRECTION ( 'NONE',  ( -1.000000000000000000, 0.0000000000000000000, 0.0000000000000000000 ) ) ;
#922 = DIRECTION ( 'NONE',  ( 0.0000000000000000000, 0.0000000000000000000, -1.000000000000000000 ) ) ;
#923 = ORIENTED_EDGE ( 'NONE', *, *, #1140, .F. ) ;
#924 = ORIENTED_EDGE ( 'NONE', *, *, #494, .T. ) ;
#925 = EDGE_LOOP ( 'NONE', ( #1201, #491, #900, #688, #285, #1064, #1331, #1722, #1349, #1539, #10, #345, #1830, #965, #2375, #366 ) ) ;
#926 = ORIENTED_EDGE ( 'NONE', *, *, #2268, .T. ) ;
#927 = PLANE ( 'NONE',  #151 ) ;
#928 = CARTESIAN_POINT ( 'NONE',  ( -0.6250000000000000000, 0.1499999999999999900, -1.075000000000000800 ) ) ;
#929 = CARTESIAN_POINT ( 'NONE',  ( -0.9999999999999997800, 0.7500000000000000000, -1.499999999999999300 ) ) ;
#930 = ORIENTED_EDGE ( 'NONE', *, *, #2052, .T. ) ;
#931 = ADVANCED_FACE ( 'NONE', ( #2101 ), #791, .F. ) ;
#932 = ADVANCED_FACE ( 'NONE', ( #22 ), #1, .F. ) ;
#933 = EDGE_CURVE ( 'NONE', #1169, #1457, #172, .T. ) ;
#934 = DIRECTION ( 'NONE',  ( -3.826595902890017200E-016, -0.0000000000000000000, 1.000000000000000000 ) ) ;
#935 = ORIENTED_EDGE ( 'NONE', *, *, #405, .F. ) ;
#936 = ORIENTED_EDGE ( 'NONE', *, *, #644, .F. ) ;
#937 = CARTESIAN_POINT ( 'NONE',  ( 0.3750000000000000000, 0.1499999999999999900, 0.6619999999999998100 ) ) ;
#938 = CARTESIAN_POINT ( 'NONE',  ( 0.3250000000000000100, 0.1499999999999999900, -0.6620000000000001400 ) ) ;
#939 = SURFACE_STYLE_USAGE ( .BOTH. , #581 ) ;
#940 = DIRECTION ( 'NONE',  ( 3.826595902890016700E-016, 0.0000000000000000000, -1.000000000000000000 ) ) ;
#941 = ORIENTED_EDGE ( 'NONE', *, *, #884, .T. ) ;
#942 = VECTOR ( 'NONE', #1297, 1000.000000000000000 ) ;
#943 = CYLINDRICAL_SURFACE ( 'NONE', #624, 0.05000000000000002400 ) ;
#944 = VECTOR ( 'NONE', #2119, 1000.000000000000000 ) ;
#945 = DIRECTION ( 'NONE',  ( 0.0000000000000000000, 0.0000000000000000000, 1.000000000000000000 ) ) ;
#946 = FACE_OUTER_BOUND ( 'NONE', #987, .T. ) ;
#947 = VECTOR ( 'NONE', #1523, 1000.000000000000000 ) ;
#948 = VECTOR ( 'NONE', #1107, 1000.000000000000000 ) ;
#949 = LINE ( 'NONE', #1062, #148 ) ;
#950 = EDGE_CURVE ( 'NONE', #2001, #66, #1566, .T. ) ;
#951 = ORIENTED_EDGE ( 'NONE', *, *, #1327, .T. ) ;
#952 = VERTEX_POINT ( 'NONE', #395 ) ;
#953 = EDGE_CURVE ( 'NONE', #1527, #42, #590, .T. ) ;
#954 = ORIENTED_EDGE ( 'NONE', *, *, #2420, .T. ) ;
#955 = LINE ( 'NONE', #1307, #2404 ) ;
#956 = EDGE_LOOP ( 'NONE', ( #462, #2170, #1471, #103 ) ) ;
#957 = DIRECTION ( 'NONE',  ( 5.102127870520023000E-016, 0.0000000000000000000, 1.000000000000000000 ) ) ;
#958 = ORIENTED_EDGE ( 'NONE', *, *, #1032, .T. ) ;
#959 = DIRECTION ( 'NONE',  ( -1.000000000000000000, 0.0000000000000000000, 2.000373011965875900E-016 ) ) ;
#960 = AXIS2_PLACEMENT_3D ( 'NONE', #2554, #393, #1552 ) ;
#961 = ORIENTED_EDGE ( 'NONE', *, *, #787, .T. ) ;
#962 = CARTESIAN_POINT ( 'NONE',  ( 0.1250000000000000000, 0.1499999999999999900, -1.500000000000000700 ) ) ;
#963 =( GEOMETRIC_REPRESENTATION_CONTEXT ( 3 ) GLOBAL_UNCERTAINTY_ASSIGNED_CONTEXT ( ( #2017 ) ) GLOBAL_UNIT_ASSIGNED_CONTEXT ( ( #1962, #1536, #1734 ) ) REPRESENTATION_CONTEXT ( 'NONE', 'WORKASPACE' ) );
#964 = EDGE_CURVE ( 'NONE', #2196, #294, #1469, .T. ) ;
#965 = ORIENTED_EDGE ( 'NONE', *, *, #964, .T. ) ;
#966 = VERTEX_POINT ( 'NONE', #807 ) ;
#967 = CARTESIAN_POINT ( 'NONE',  ( 0.3750000000000000000, 0.1499999999999999900, 1.500000000000000700 ) ) ;
#968 = DIRECTION ( 'NONE',  ( -0.0000000000000000000, -1.000000000000000000, -0.0000000000000000000 ) ) ;
#969 = ORIENTED_EDGE ( 'NONE', *, *, #953, .T. ) ;
#970 = EDGE_CURVE ( 'NONE', #1431, #2434, #1437, .T. ) ;
#971 = ORIENTED_EDGE ( 'NONE', *, *, #2188, .T. ) ;
#972 = ORIENTED_EDGE ( 'NONE', *, *, #722, .F. ) ;
#973 = APPLICATION_PROTOCOL_DEFINITION ( 'draft international standard', 'automotive_design', 1998, #2160 ) ;
#974 = PRESENTATION_STYLE_ASSIGNMENT (( #753 ) ) ;
#975 = CARTESIAN_POINT ( 'NONE',  ( -0.6250000000000000000, 0.1499999999999999900, -1.500000000000000700 ) ) ;
#976 = VERTEX_POINT ( 'NONE', #1988 ) ;
#977 = VECTOR ( 'NONE', #96, 1000.000000000000000 ) ;
#978 = FACE_OUTER_BOUND ( 'NONE', #447, .T. ) ;
#979 = AXIS2_PLACEMENT_3D ( 'NONE', #275, #1470, #281 ) ;
#980 = FILL_AREA_STYLE_COLOUR ( '', #1342 ) ;
#981 = CYLINDRICAL_SURFACE ( 'NONE', #1557, 0.1250000000000001100 ) ;
#982 = CARTESIAN_POINT ( 'NONE',  ( 1.000000000000000200, 0.0000000000000000000, 1.500000000000000000 ) ) ;
#983 = VERTEX_POINT ( 'NONE', #23 ) ;
#984 = EDGE_CURVE ( 'NONE', #1073, #1002, #2491, .T. ) ;
#985 = ORIENTED_EDGE ( 'NONE', *, *, #1327, .F. ) ;
#986 = CARTESIAN_POINT ( 'NONE',  ( -0.1250000000000000000, 0.1499999999999999900, -1.500000000000000700 ) ) ;
#987 = EDGE_LOOP ( 'NONE', ( #122, #503, #1672, #587, #969 ) ) ;
#988 = DIRECTION ( 'NONE',  ( 3.826595902890017200E-016, 0.0000000000000000000, 1.000000000000000000 ) ) ;
#989 = EDGE_LOOP ( 'NONE', ( #1378, #790, #135, #210 ) ) ;
#990 = DIRECTION ( 'NONE',  ( 0.0000000000000000000, 0.0000000000000000000, -1.000000000000000000 ) ) ;
#991 = DIRECTION ( 'NONE',  ( 0.0000000000000000000, 0.0000000000000000000, 1.000000000000000000 ) ) ;
#992 =( LENGTH_UNIT ( ) NAMED_UNIT ( * ) SI_UNIT ( .MILLI., .METRE. ) );
#993 = ORIENTED_EDGE ( 'NONE', *, *, #597, .F. ) ;
#994 = AXIS2_PLACEMENT_3D ( 'NONE', #1424, #1038, #1802 ) ;
#995 = CARTESIAN_POINT ( 'NONE',  ( -0.6250000000000000000, -0.05000000000000002400, -1.075000000000000800 ) ) ;
#996 = EDGE_CURVE ( 'NONE', #399, #2001, #2072, .T. ) ;
#997 = VERTEX_POINT ( 'NONE', #2186 ) ;
#998 = DIRECTION ( 'NONE',  ( 0.0000000000000000000, -1.000000000000000000, 0.0000000000000000000 ) ) ;
#999 = CARTESIAN_POINT ( 'NONE',  ( -0.1249999999999999400, 0.1499999999999999900, -1.075000000000000800 ) ) ;
#1000 = EDGE_CURVE ( 'NONE', #1609, #2486, #489, .T. ) ;
#1001 = DIRECTION ( 'NONE',  ( -0.0000000000000000000, 1.000000000000000000, -0.0000000000000000000 ) ) ;
#1002 = VERTEX_POINT ( 'NONE', #1166 ) ;
#1003 = CARTESIAN_POINT ( 'NONE',  ( -0.3669999999999998300, 0.1499999999999999900, -0.6120000000000001000 ) ) ;
#1004 = VECTOR ( 'NONE', #502, 1000.000000000000000 ) ;
#1005 = CYLINDRICAL_SURFACE ( 'NONE', #2090, 0.1250000000000001100 ) ;
#1006 = ORIENTED_EDGE ( 'NONE', *, *, #1671, .T. ) ;
#1007 = LINE ( 'NONE', #99, #485 ) ;
#1008 = LINE ( 'NONE', #1056, #1748 ) ;
#1009 = CIRCLE ( 'NONE', #1583, 0.1293489348316114700 ) ;
#1010 = VECTOR ( 'NONE', #625, 1000.000000000000000 ) ;
#1011 = PLANE ( 'NONE',  #1625 ) ;
#1012 = UNCERTAINTY_MEASURE_WITH_UNIT (LENGTH_MEASURE( 1.000000000000000100E-005 ), #2407, 'distance_accuracy_value', 'NONE');
#1013 = ADVANCED_FACE ( 'NONE', ( #2395 ), #2459, .F. ) ;
#1014 = ORIENTED_EDGE ( 'NONE', *, *, #1205, .T. ) ;
#1015 = VECTOR ( 'NONE', #1700, 1000.000000000000000 ) ;
#1016 = CARTESIAN_POINT ( 'NONE',  ( -0.4999999999999998900, 0.1499999999999999900, -1.075000000000000800 ) ) ;
#1017 = ORIENTED_EDGE ( 'NONE', *, *, #1688, .T. ) ;
#1018 = AXIS2_PLACEMENT_3D ( 'NONE', #2059, #2054, #2256 ) ;
#1019 = DIRECTION ( 'NONE',  ( 0.0000000000000000000, -0.0000000000000000000, 1.000000000000000000 ) ) ;
#1020 = EDGE_LOOP ( 'NONE', ( #1291, #679, #493, #2527, #1376, #1339, #2451, #428, #438, #322, #27, #2460 ) ) ;
#1021 = FACE_OUTER_BOUND ( 'NONE', #1477, .T. ) ;
#1022 = VERTEX_POINT ( 'NONE', #2218 ) ;
#1023 = DIRECTION ( 'NONE',  ( -0.0000000000000000000, 1.000000000000000000, -0.0000000000000000000 ) ) ;
#1024 = EDGE_CURVE ( 'NONE', #1609, #840, #886, .T. ) ;
#1025 = CARTESIAN_POINT ( 'NONE',  ( 0.3250000000000000100, 0.1499999999999999900, 0.6619999999999998100 ) ) ;
#1026 = EDGE_LOOP ( 'NONE', ( #406, #674, #1114, #1108 ) ) ;
#1027 = ADVANCED_FACE ( 'NONE', ( #422 ), #1626, .F. ) ;
#1028 = ORIENTED_EDGE ( 'NONE', *, *, #1144, .T. ) ;
#1029 = ADVANCED_FACE ( 'NONE', ( #1407 ), #1409, .T. ) ;
#1030 = CARTESIAN_POINT ( 'NONE',  ( 0.1250000000000000000, 0.1499999999999999900, -1.500000000000000700 ) ) ;
#1031 = ORIENTED_EDGE ( 'NONE', *, *, #305, .F. ) ;
#1032 = EDGE_CURVE ( 'NONE', #997, #1210, #194, .T. ) ;
#1033 = DIRECTION ( 'NONE',  ( -4.464361886705020600E-016, 0.0000000000000000000, 1.000000000000000000 ) ) ;
#1034 = CARTESIAN_POINT ( 'NONE',  ( -0.6250000000000000000, 0.0000000000000000000, 1.075000000000000800 ) ) ;
#1035 = VECTOR ( 'NONE', #1368, 1000.000000000000000 ) ;
#1036 = LINE ( 'NONE', #2183, #112 ) ;
#1037 = VECTOR ( 'NONE', #1597, 1000.000000000000000 ) ;
#1038 = DIRECTION ( 'NONE',  ( 0.0000000000000000000, -1.000000000000000000, 0.0000000000000000000 ) ) ;
#1039 = FACE_OUTER_BOUND ( 'NONE', #1026, .T. ) ;
#1040 = ORIENTED_EDGE ( 'NONE', *, *, #139, .T. ) ;
#1041 = VECTOR ( 'NONE', #690, 1000.000000000000000 ) ;
#1042 = CARTESIAN_POINT ( 'NONE',  ( 1.084202172485504400E-016, -0.05000000000000002400, -1.075000000000000800 ) ) ;
#1043 = ORIENTED_EDGE ( 'NONE', *, *, #1950, .F. ) ;
#1044 = MECHANICAL_DESIGN_GEOMETRIC_PRESENTATION_REPRESENTATION (  '', ( #2509 ), #1575 ) ;
#1045 = DIRECTION ( 'NONE',  ( -3.826595902890017200E-016, -0.0000000000000000000, 1.000000000000000000 ) ) ;
#1046 = EDGE_CURVE ( 'NONE', #675, #396, #17, .T. ) ;
#1047 = DIRECTION ( 'NONE',  ( -0.0000000000000000000, -1.000000000000000000, -0.0000000000000000000 ) ) ;
#1048 = ORIENTED_EDGE ( 'NONE', *, *, #1082, .T. ) ;
#1049 = CARTESIAN_POINT ( 'NONE',  ( -0.1250000000000000000, 0.1499999999999999900, 1.075000000000000800 ) ) ;
#1050 = ORIENTED_EDGE ( 'NONE', *, *, #213, .F. ) ;
#1051 = UNCERTAINTY_MEASURE_WITH_UNIT (LENGTH_MEASURE( 1.000000000000000100E-005 ), #992, 'distance_accuracy_value', 'NONE');
#1052 = DIRECTION ( 'NONE',  ( -0.0000000000000000000, 1.000000000000000000, -0.0000000000000000000 ) ) ;
#1053 = DIRECTION ( 'NONE',  ( -1.000000000000000000, -0.0000000000000000000, -0.0000000000000000000 ) ) ;
#1054 = AXIS2_PLACEMENT_3D ( 'NONE', #1069, #1642, #870 ) ;
#1055 = ORIENTED_EDGE ( 'NONE', *, *, #738, .F. ) ;
#1056 = CARTESIAN_POINT ( 'NONE',  ( -0.6250000000000000000, 0.1499999999999999900, 1.500000000000000700 ) ) ;
#1057 = CARTESIAN_POINT ( 'NONE',  ( -0.6250000000000000000, 0.0000000000000000000, 1.500000000000000700 ) ) ;
#1058 = EDGE_CURVE ( 'NONE', #1358, #1139, #861, .T. ) ;
#1059 = ORIENTED_EDGE ( 'NONE', *, *, #1860, .T. ) ;
#1060 = DIRECTION ( 'NONE',  ( 0.0000000000000000000, -1.000000000000000000, 0.0000000000000000000 ) ) ;
#1061 = VECTOR ( 'NONE', #934, 1000.000000000000000 ) ;
#1062 = CARTESIAN_POINT ( 'NONE',  ( -0.3750000000000000000, -0.0000000000000000000, -1.500000000000000700 ) ) ;
#1063 = CIRCLE ( 'NONE', #1174, 0.1250000000000001100 ) ;
#1064 = ORIENTED_EDGE ( 'NONE', *, *, #564, .T. ) ;
#1065 = LINE ( 'NONE', #2097, #944 ) ;
#1066 = FACE_OUTER_BOUND ( 'NONE', #1943, .T. ) ;
#1067 = CARTESIAN_POINT ( 'NONE',  ( 0.3250000000000000100, 0.1499999999999999900, -0.6620000000000001400 ) ) ;
#1068 = LINE ( 'NONE', #2366, #885 ) ;
#1069 = CARTESIAN_POINT ( 'NONE',  ( 1.084202172485504400E-016, 0.1499999999999999900, -1.075000000000000800 ) ) ;
#1070 = SURFACE_STYLE_FILL_AREA ( #752 ) ;
#1071 = LINE ( 'NONE', #500, #2002 ) ;
#1072 = DIRECTION ( 'NONE',  ( -3.826595902890017200E-016, -0.0000000000000000000, 1.000000000000000000 ) ) ;
#1073 = VERTEX_POINT ( 'NONE', #453 ) ;
#1074 = FACE_OUTER_BOUND ( 'NONE', #1365, .T. ) ;
#1075 = ORIENTED_EDGE ( 'NONE', *, *, #1741, .T. ) ;
#1076 = VERTEX_POINT ( 'NONE', #445 ) ;
#1077 = CARTESIAN_POINT ( 'NONE',  ( 0.3750000000000000000, -0.05000000000000002400, -0.6620000000000004800 ) ) ;
#1078 = ORIENTED_EDGE ( 'NONE', *, *, #2374, .T. ) ;
#1079 = DIRECTION ( 'NONE',  ( -0.5547001962252291500, 0.0000000000000000000, -0.8320502943378436100 ) ) ;
#1080 = CARTESIAN_POINT ( 'NONE',  ( -0.1250000000000000000, 0.1499999999999999900, -1.500000000000000700 ) ) ;
#1081 = ORIENTED_EDGE ( 'NONE', *, *, #644, .T. ) ;
#1082 = EDGE_CURVE ( 'NONE', #2505, #2405, #2535, .T. ) ;
#1083 = DIRECTION ( 'NONE',  ( 0.0000000000000000000, -1.000000000000000000, 0.0000000000000000000 ) ) ;
#1084 = ORIENTED_EDGE ( 'NONE', *, *, #1257, .T. ) ;
#1085 = CARTESIAN_POINT ( 'NONE',  ( -0.6438948910005848300, 0.7500000000000000000, 1.148317110647667500 ) ) ;
#1086 = EDGE_CURVE ( 'NONE', #1076, #702, #1878, .T. ) ;
#1087 = DIRECTION ( 'NONE',  ( 0.0000000000000000000, 0.0000000000000000000, 1.000000000000000000 ) ) ;
#1088 = VERTEX_POINT ( 'NONE', #2018 ) ;
#1089 = CARTESIAN_POINT ( 'NONE',  ( -0.3749999999999997800, 0.1499999999999999900, -1.075000000000000800 ) ) ;
#1090 = EDGE_LOOP ( 'NONE', ( #1531, #341, #1959, #1254 ) ) ;
#1091 = ADVANCED_FACE ( 'NONE', ( #1998 ), #641, .F. ) ;
#1092 = ADVANCED_FACE ( 'NONE', ( #2364, #1970 ), #656, .T. ) ;
#1093 = AXIS2_PLACEMENT_3D ( 'NONE', #833, #1432, #1842 ) ;
#1094 = DIRECTION ( 'NONE',  ( -3.252606517456513300E-016, 0.0000000000000000000, -1.000000000000000000 ) ) ;
#1095 = ORIENTED_EDGE ( 'NONE', *, *, #2192, .T. ) ;
#1096 = ORIENTED_EDGE ( 'NONE', *, *, #1426, .T. ) ;
#1097 = DIRECTION ( 'NONE',  ( 0.0000000000000000000, 0.0000000000000000000, -1.000000000000000000 ) ) ;
#1098 = EDGE_CURVE ( 'NONE', #1278, #470, #2038, .T. ) ;
#1099 = DIRECTION ( 'NONE',  ( 0.0000000000000000000, 0.0000000000000000000, -1.000000000000000000 ) ) ;
#1100 = AXIS2_PLACEMENT_3D ( 'NONE', #1085, #2452, #2466 ) ;
#1101 = LINE ( 'NONE', #1558, #1152 ) ;
#1102 = VECTOR ( 'NONE', #1366, 1000.000000000000000 ) ;
#1103 = PLANE ( 'NONE',  #1615 ) ;
#1104 = EDGE_CURVE ( 'NONE', #55, #746, #252, .T. ) ;
#1105 = LINE ( 'NONE', #1180, #793 ) ;
#1106 = DIRECTION ( 'NONE',  ( 1.000000000000000000, 0.0000000000000000000, -0.0000000000000000000 ) ) ;
#1107 = DIRECTION ( 'NONE',  ( 0.0000000000000000000, 0.0000000000000000000, -1.000000000000000000 ) ) ;
#1108 = ORIENTED_EDGE ( 'NONE', *, *, #424, .T. ) ;
#1109 = LINE ( 'NONE', #1602, #594 ) ;
#1110 = DIRECTION ( 'NONE',  ( -1.000000000000000000, 0.0000000000000000000, 0.0000000000000000000 ) ) ;
#1111 = DIRECTION ( 'NONE',  ( -1.000000000000000000, 0.0000000000000000000, 2.000373011965875900E-016 ) ) ;
#1112 = CARTESIAN_POINT ( 'NONE',  ( -0.1249999999999999400, -0.05000000000000002400, -1.075000000000000800 ) ) ;
#1113 = CARTESIAN_POINT ( 'NONE',  ( -0.1249999999999999700, 0.0000000000000000000, 1.075000000000000800 ) ) ;
#1114 = ORIENTED_EDGE ( 'NONE', *, *, #754, .F. ) ;
#1115 = EDGE_CURVE ( 'NONE', #1948, #2108, #353, .T. ) ;
#1116 = ORIENTED_EDGE ( 'NONE', *, *, #2453, .F. ) ;
#1117 = CARTESIAN_POINT ( 'NONE',  ( 0.3750000000000000000, 0.1499999999999999900, 1.500000000000000700 ) ) ;
#1118 = ORIENTED_EDGE ( 'NONE', *, *, #1426, .F. ) ;
#1119 = DIRECTION ( 'NONE',  ( -1.000000000000000000, -0.0000000000000000000, -0.0000000000000000000 ) ) ;
#1120 = ADVANCED_FACE ( 'NONE', ( #2303 ), #142, .F. ) ;
#1121 = CARTESIAN_POINT ( 'NONE',  ( -0.3749999999999998300, 0.1499999999999999900, 1.075000000000000800 ) ) ;
#1122 = ORIENTED_EDGE ( 'NONE', *, *, #1629, .T. ) ;
#1123 = CARTESIAN_POINT ( 'NONE',  ( -0.1250000000000000000, 0.1499999999999999900, 1.500000000000000700 ) ) ;
#1124 = VECTOR ( 'NONE', #33, 1000.000000000000000 ) ;
#1125 = LINE ( 'NONE', #1989, #1804 ) ;
#1126 = EDGE_CURVE ( 'NONE', #202, #336, #1646, .T. ) ;
#1127 = LINE ( 'NONE', #1872, #1567 ) ;
#1128 = LINE ( 'NONE', #434, #360 ) ;
#1129 = DIRECTION ( 'NONE',  ( 0.0000000000000000000, 0.0000000000000000000, 1.000000000000000000 ) ) ;
#1130 = EDGE_CURVE ( 'NONE', #2067, #778, #2429, .T. ) ;
#1131 = FACE_OUTER_BOUND ( 'NONE', #540, .T. ) ;
#1132 = LINE ( 'NONE', #253, #614 ) ;
#1133 = DIRECTION ( 'NONE',  ( -0.0000000000000000000, 1.000000000000000000, -0.0000000000000000000 ) ) ;
#1134 = ORIENTED_EDGE ( 'NONE', *, *, #1744, .T. ) ;
#1135 = ORIENTED_EDGE ( 'NONE', *, *, #1220, .T. ) ;
#1136 = LINE ( 'NONE', #118, #1448 ) ;
#1137 = EDGE_LOOP ( 'NONE', ( #1380, #1017, #817, #1488 ) ) ;
#1138 = CARTESIAN_POINT ( 'NONE',  ( 0.3249999999999996800, -0.05000000000000002400, 0.6119999999999997700 ) ) ;
#1139 = VERTEX_POINT ( 'NONE', #1604 ) ;
#1140 = EDGE_CURVE ( 'NONE', #1278, #1957, #1503, .T. ) ;
#1141 = DIRECTION ( 'NONE',  ( 0.0000000000000000000, 1.000000000000000000, 0.0000000000000000000 ) ) ;
#1142 = AXIS2_PLACEMENT_3D ( 'NONE', #442, #841, #60 ) ;
#1143 = VERTEX_POINT ( 'NONE', #1451 ) ;
#1144 = EDGE_CURVE ( 'NONE', #1022, #83, #1243, .T. ) ;
#1145 = EDGE_LOOP ( 'NONE', ( #2377, #2293, #266, #270 ) ) ;
#1146 = CARTESIAN_POINT ( 'NONE',  ( 0.1250000000000000000, 0.0000000000000000000, 1.500000000000000700 ) ) ;
#1147 = ORIENTED_EDGE ( 'NONE', *, *, #1929, .T. ) ;
#1148 = ORIENTED_EDGE ( 'NONE', *, *, #541, .F. ) ;
#1149 = ADVANCED_FACE ( 'NONE', ( #16 ), #2241, .F. ) ;
#1150 = AXIS2_PLACEMENT_3D ( 'NONE', #1887, #685, #1821 ) ;
#1151 = DIRECTION ( 'NONE',  ( 3.826595902890017200E-016, 0.0000000000000000000, 1.000000000000000000 ) ) ;
#1152 = VECTOR ( 'NONE', #2547, 1000.000000000000000 ) ;
#1153 = CARTESIAN_POINT ( 'NONE',  ( -0.6250000000000000000, -0.05000000000000002400, -1.075000000000000800 ) ) ;
#1154 = DIRECTION ( 'NONE',  ( -0.0000000000000000000, -1.000000000000000000, -0.0000000000000000000 ) ) ;
#1155 = LINE ( 'NONE', #1891, #1399 ) ;
#1156 = LINE ( 'NONE', #1326, #226 ) ;
#1157 = DIRECTION ( 'NONE',  ( 0.0000000000000000000, 0.0000000000000000000, 1.000000000000000000 ) ) ;
#1158 = VECTOR ( 'NONE', #2284, 1000.000000000000000 ) ;
#1159 = EDGE_CURVE ( 'NONE', #843, #1414, #1839, .T. ) ;
#1160 = CARTESIAN_POINT ( 'NONE',  ( 0.3750000000000000000, 0.1499999999999999900, -0.6620000000000004800 ) ) ;
#1161 = DIRECTION ( 'NONE',  ( 0.0000000000000000000, 0.0000000000000000000, -1.000000000000000000 ) ) ;
#1162 = ORIENTED_EDGE ( 'NONE', *, *, #2549, .F. ) ;
#1163 = FACE_OUTER_BOUND ( 'NONE', #2519, .T. ) ;
#1164 = ORIENTED_EDGE ( 'NONE', *, *, #2450, .F. ) ;
#1165 = DIRECTION ( 'NONE',  ( 1.000000000000000000, 0.0000000000000000000, 0.0000000000000000000 ) ) ;
#1166 = CARTESIAN_POINT ( 'NONE',  ( -0.3669999999999998300, 0.0000000000000000000, -0.6120000000000001000 ) ) ;
#1167 = CARTESIAN_POINT ( 'NONE',  ( 0.3750000000000000000, 0.1499999999999999900, 1.500000000000000700 ) ) ;
#1168 = AXIS2_PLACEMENT_3D ( 'NONE', #1377, #2165, #2382 ) ;
#1169 = VERTEX_POINT ( 'NONE', #511 ) ;
#1170 =( GEOMETRIC_REPRESENTATION_CONTEXT ( 3 ) GLOBAL_UNCERTAINTY_ASSIGNED_CONTEXT ( ( #788 ) ) GLOBAL_UNIT_ASSIGNED_CONTEXT ( ( #1301, #719, #1905 ) ) REPRESENTATION_CONTEXT ( 'NONE', 'WORKASPACE' ) );
#1171 = EDGE_CURVE ( 'NONE', #397, #2134, #222, .T. ) ;
#1172 = ORIENTED_EDGE ( 'NONE', *, *, #2025, .T. ) ;
#1173 = DIRECTION ( 'NONE',  ( 0.0000000000000000000, -0.0000000000000000000, -1.000000000000000000 ) ) ;
#1174 = AXIS2_PLACEMENT_3D ( 'NONE', #2357, #382, #185 ) ;
#1175 = VERTEX_POINT ( 'NONE', #1656 ) ;
#1176 = CARTESIAN_POINT ( 'NONE',  ( -0.4999999999999998900, -0.0000000000000000000, -1.075000000000000800 ) ) ;
#1177 = EDGE_CURVE ( 'NONE', #1457, #294, #2177, .T. ) ;
#1178 = VERTEX_POINT ( 'NONE', #67 ) ;
#1179 = DIRECTION ( 'NONE',  ( -0.0000000000000000000, -0.0000000000000000000, -1.000000000000000000 ) ) ;
#1180 = CARTESIAN_POINT ( 'NONE',  ( -0.1250000000000000000, 0.0000000000000000000, 1.500000000000000700 ) ) ;
#1181 = PLANE ( 'NONE',  #896 ) ;
#1182 = FILL_AREA_STYLE_COLOUR ( '', #2267 ) ;
#1183 = LINE ( 'NONE', #260, #451 ) ;
#1184 = FACE_OUTER_BOUND ( 'NONE', #653, .T. ) ;
#1185 = CARTESIAN_POINT ( 'NONE',  ( -0.6438948910005848300, 0.6500000000000000200, 1.277666045479279000 ) ) ;
#1186 = LINE ( 'NONE', #2055, #1650 ) ;
#1187 = LINE ( 'NONE', #2436, #197 ) ;
#1188 = FACE_OUTER_BOUND ( 'NONE', #154, .T. ) ;
#1189 = DIRECTION ( 'NONE',  ( -4.464361886705020600E-016, 0.0000000000000000000, 1.000000000000000000 ) ) ;
#1190 = EDGE_LOOP ( 'NONE', ( #823, #2544, #2282, #201 ) ) ;
#1191 = EDGE_CURVE ( 'NONE', #745, #686, #2266, .T. ) ;
#1192 = DIRECTION ( 'NONE',  ( -0.0000000000000000000, -1.000000000000000000, -0.0000000000000000000 ) ) ;
#1193 = ORIENTED_EDGE ( 'NONE', *, *, #630, .T. ) ;
#1194 = VECTOR ( 'NONE', #1106, 1000.000000000000000 ) ;
#1195 = CARTESIAN_POINT ( 'NONE',  ( -0.6250000000000000000, -0.05000000000000002400, -1.075000000000000800 ) ) ;
#1196 = EDGE_LOOP ( 'NONE', ( #1273, #2009, #1048, #1116 ) ) ;
#1197 = CARTESIAN_POINT ( 'NONE',  ( 0.6250000000000000000, -0.05000000000000002400, 1.500000000000000700 ) ) ;
#1198 = DIRECTION ( 'NONE',  ( -0.0000000000000000000, -1.000000000000000000, -0.0000000000000000000 ) ) ;
#1199 = CARTESIAN_POINT ( 'NONE',  ( -0.6250000000000000000, 0.1499999999999999900, -1.500000000000000700 ) ) ;
#1200 = SURFACE_STYLE_USAGE ( .BOTH. , #1608 ) ;
#1201 = ORIENTED_EDGE ( 'NONE', *, *, #170, .F. ) ;
#1202 = AXIS2_PLACEMENT_3D ( 'NONE', #1389, #1198, #599 ) ;
#1203 = CARTESIAN_POINT ( 'NONE',  ( -0.1249999999999999700, 0.1499999999999999900, -1.075000000000000800 ) ) ;
#1204 = DIRECTION ( 'NONE',  ( 0.0000000000000000000, 0.0000000000000000000, -1.000000000000000000 ) ) ;
#1205 = EDGE_CURVE ( 'NONE', #1509, #1743, #1183, .T. ) ;
#1206 = ORIENTED_EDGE ( 'NONE', *, *, #184, .T. ) ;
#1207 = CARTESIAN_POINT ( 'NONE',  ( 1.084202172485504400E-016, 0.1499999999999999900, 1.075000000000000800 ) ) ;
#1208 = EDGE_CURVE ( 'NONE', #1559, #1948, #792, .T. ) ;
#1209 = DIRECTION ( 'NONE',  ( 1.000000000000000000, 0.0000000000000000000, 0.0000000000000000000 ) ) ;
#1210 = VERTEX_POINT ( 'NONE', #1670 ) ;
#1211 = CARTESIAN_POINT ( 'NONE',  ( 1.084202172485504400E-016, 0.1499999999999999900, -1.075000000000000800 ) ) ;
#1212 = LINE ( 'NONE', #1167, #2235 ) ;
#1213 = AXIS2_PLACEMENT_3D ( 'NONE', #743, #2151, #2550 ) ;
#1214 = LINE ( 'NONE', #2496, #2127 ) ;
#1215 = FACE_OUTER_BOUND ( 'NONE', #32, .T. ) ;
#1216 = DIRECTION ( 'NONE',  ( 0.0000000000000000000, 0.0000000000000000000, -1.000000000000000000 ) ) ;
#1217 = LINE ( 'NONE', #189, #2236 ) ;
#1218 = PRODUCT_RELATED_PRODUCT_CATEGORY ( 'part', '', ( #2497 ) ) ;
#1219 = PLANE ( 'NONE',  #312 ) ;
#1220 = EDGE_CURVE ( 'NONE', #1462, #1358, #1869, .T. ) ;
#1221 = ADVANCED_FACE ( 'NONE', ( #2490 ), #2231, .F. ) ;
#1222 = VECTOR ( 'NONE', #1053, 1000.000000000000000 ) ;
#1223 = AXIS2_PLACEMENT_3D ( 'NONE', #1783, #600, #411 ) ;
#1224 = DIRECTION ( 'NONE',  ( -0.0000000000000000000, -1.000000000000000000, -0.0000000000000000000 ) ) ;
#1225 = VERTEX_POINT ( 'NONE', #697 ) ;
#1226 = LINE ( 'NONE', #1290, #1724 ) ;
#1227 = ORIENTED_EDGE ( 'NONE', *, *, #1277, .F. ) ;
#1228 = DIRECTION ( 'NONE',  ( 0.0000000000000000000, 0.0000000000000000000, 1.000000000000000000 ) ) ;
#1229 = EDGE_CURVE ( 'NONE', #1829, #1927, #1336, .T. ) ;
#1230 = ADVANCED_FACE ( 'NONE', ( #814 ), #1463, .F. ) ;
#1231 = CARTESIAN_POINT ( 'NONE',  ( 0.3750000000000000000, 0.0000000000000000000, -1.500000000000000700 ) ) ;
#1232 = VERTEX_POINT ( 'NONE', #1057 ) ;
#1233 = ORIENTED_EDGE ( 'NONE', *, *, #1926, .F. ) ;
#1234 = DIRECTION ( 'NONE',  ( -0.0000000000000000000, -1.000000000000000000, -0.0000000000000000000 ) ) ;
#1235 = ORIENTED_EDGE ( 'NONE', *, *, #417, .F. ) ;
#1236 = DIRECTION ( 'NONE',  ( 0.0000000000000000000, -0.0000000000000000000, -1.000000000000000000 ) ) ;
#1237 = VERTEX_POINT ( 'NONE', #1329 ) ;
#1238 = EDGE_CURVE ( 'NONE', #294, #326, #2064, .T. ) ;
#1239 = CARTESIAN_POINT ( 'NONE',  ( -0.3670000000000001600, 0.1499999999999999900, -0.5620000000000000600 ) ) ;
#1240 = ORIENTED_EDGE ( 'NONE', *, *, #1563, .F. ) ;
#1241 = DIRECTION ( 'NONE',  ( -6.202529590878173100E-017, 0.0000000000000000000, 1.000000000000000000 ) ) ;
#1242 = DIRECTION ( 'NONE',  ( 0.0000000000000000000, -1.000000000000000000, 0.0000000000000000000 ) ) ;
#1243 = LINE ( 'NONE', #2462, #2123 ) ;
#1244 = FACE_OUTER_BOUND ( 'NONE', #989, .T. ) ;
#1245 = DIRECTION ( 'NONE',  ( 0.0000000000000000000, -1.000000000000000000, 0.0000000000000000000 ) ) ;
#1246 = VECTOR ( 'NONE', #906, 1000.000000000000000 ) ;
#1247 = FACE_OUTER_BOUND ( 'NONE', #439, .T. ) ;
#1248 = PRESENTATION_LAYER_ASSIGNMENT (  '', '', ( #2058 ) ) ;
#1249 = CARTESIAN_POINT ( 'NONE',  ( 0.3249999999999996800, 0.1499999999999999900, -0.6120000000000001000 ) ) ;
#1250 = DIRECTION ( 'NONE',  ( -0.0000000000000000000, 1.000000000000000000, -0.0000000000000000000 ) ) ;
#1251 = SURFACE_STYLE_FILL_AREA ( #2250 ) ;
#1252 = ORIENTED_EDGE ( 'NONE', *, *, #1086, .F. ) ;
#1253 = DIRECTION ( 'NONE',  ( 1.000000000000000000, 0.0000000000000000000, 0.0000000000000000000 ) ) ;
#1254 = ORIENTED_EDGE ( 'NONE', *, *, #738, .T. ) ;
#1255 = DIRECTION ( 'NONE',  ( -0.0000000000000000000, 0.0000000000000000000, 1.000000000000000000 ) ) ;
#1256 = ORIENTED_EDGE ( 'NONE', *, *, #262, .F. ) ;
#1257 = EDGE_CURVE ( 'NONE', #1649, #966, #609, .T. ) ;
#1258 = VECTOR ( 'NONE', #2300, 1000.000000000000000 ) ;
#1259 = ORIENTED_EDGE ( 'NONE', *, *, #2324, .F. ) ;
#1260 = CARTESIAN_POINT ( 'NONE',  ( -0.4999999999999998900, -0.05000000000000002400, -1.075000000000000800 ) ) ;
#1261 = PLANE ( 'NONE',  #2560 ) ;
#1262 = EDGE_CURVE ( 'NONE', #2190, #1414, #1529, .T. ) ;
#1263 = CARTESIAN_POINT ( 'NONE',  ( -0.6250000000000000000, 0.1499999999999999900, -1.500000000000000700 ) ) ;
#1264 = DIRECTION ( 'NONE',  ( 0.0000000000000000000, -1.000000000000000000, 0.0000000000000000000 ) ) ;
#1265 = DIRECTION ( 'NONE',  ( -0.0000000000000000000, 1.000000000000000000, -0.0000000000000000000 ) ) ;
#1266 = ORIENTED_EDGE ( 'NONE', *, *, #2074, .F. ) ;
#1267 = CARTESIAN_POINT ( 'NONE',  ( 1.000000000000000200, 0.0000000000000000000, 1.500000000000000000 ) ) ;
#1268 = CARTESIAN_POINT ( 'NONE',  ( 1.084202172485504400E-016, -0.05000000000000002400, -0.9500000000000007300 ) ) ;
#1269 = PLANE ( 'NONE',  #401 ) ;
#1270 = DIRECTION ( 'NONE',  ( -0.0000000000000000000, 1.000000000000000000, -0.0000000000000000000 ) ) ;
#1271 = EDGE_CURVE ( 'NONE', #1462, #724, #286, .T. ) ;
#1272 = CARTESIAN_POINT ( 'NONE',  ( 0.1250000000000001700, -0.05000000000000002400, -1.075000000000000800 ) ) ;
#1273 = ORIENTED_EDGE ( 'NONE', *, *, #1671, .F. ) ;
#1274 =( NAMED_UNIT ( * ) PLANE_ANGLE_UNIT ( ) SI_UNIT ( $, .RADIAN. ) );
#1275 = AXIS2_PLACEMENT_3D ( 'NONE', #2517, #2157, #166 ) ;
#1276 = CARTESIAN_POINT ( 'NONE',  ( -0.6250000000000000000, -0.05000000000000002400, 1.500000000000000700 ) ) ;
#1277 = EDGE_CURVE ( 'NONE', #231, #839, #1586, .T. ) ;
#1278 = VERTEX_POINT ( 'NONE', #1498 ) ;
#1279 = CARTESIAN_POINT ( 'NONE',  ( -0.6250000000000000000, -0.05000000000000002400, -1.500000000000000700 ) ) ;
#1280 = VECTOR ( 'NONE', #2142, 1000.000000000000000 ) ;
#1281 = CARTESIAN_POINT ( 'NONE',  ( 0.3249999999999996800, 0.0000000000000000000, 0.6119999999999997700 ) ) ;
#1282 = LINE ( 'NONE', #1556, #759 ) ;
#1283 = CARTESIAN_POINT ( 'NONE',  ( 0.3750000000000000000, 0.1499999999999999900, -0.6620000000000004800 ) ) ;
#1284 = CIRCLE ( 'NONE', #638, 0.1250000000000001100 ) ;
#1285 = FACE_OUTER_BOUND ( 'NONE', #2187, .T. ) ;
#1286 = DIRECTION ( 'NONE',  ( -3.826595902890017200E-016, -0.0000000000000000000, 1.000000000000000000 ) ) ;
#1287 = CIRCLE ( 'NONE', #330, 0.1250000000000001100 ) ;
#1288 = LINE ( 'NONE', #2264, #892 ) ;
#1289 = AXIS2_PLACEMENT_3D ( 'NONE', #1292, #100, #440 ) ;
#1290 = CARTESIAN_POINT ( 'NONE',  ( 0.3750000000000000000, 0.1499999999999999900, -1.500000000000000700 ) ) ;
#1291 = ORIENTED_EDGE ( 'NONE', *, *, #1271, .T. ) ;
#1292 = CARTESIAN_POINT ( 'NONE',  ( -0.6438948910005848300, 0.7500000000000000000, 1.148317110647667500 ) ) ;
#1293 = VECTOR ( 'NONE', #1532, 1000.000000000000000 ) ;
#1294 = VERTEX_POINT ( 'NONE', #2508 ) ;
#1295 = DIRECTION ( 'NONE',  ( 0.0000000000000000000, 0.0000000000000000000, -1.000000000000000000 ) ) ;
#1296 = EDGE_CURVE ( 'NONE', #2361, #59, #2331, .T. ) ;
#1297 = DIRECTION ( 'NONE',  ( -0.0000000000000000000, -0.0000000000000000000, 1.000000000000000000 ) ) ;
#1298 = ORIENTED_EDGE ( 'NONE', *, *, #373, .T. ) ;
#1299 = DIRECTION ( 'NONE',  ( 0.0000000000000000000, -0.0000000000000000000, -1.000000000000000000 ) ) ;
#1300 = PLANE ( 'NONE',  #797 ) ;
#1301 =( LENGTH_UNIT ( ) NAMED_UNIT ( * ) SI_UNIT ( .MILLI., .METRE. ) );
#1302 = EDGE_LOOP ( 'NONE', ( #377, #1252, #1357, #1452, #1665 ) ) ;
#1303 = EDGE_LOOP ( 'NONE', ( #1418, #580, #777, #132 ) ) ;
#1304 = AXIS2_PLACEMENT_3D ( 'NONE', #1419, #846, #1019 ) ;
#1305 = CARTESIAN_POINT ( 'NONE',  ( 1.000000000000000200, 0.0000000000000000000, 1.500000000000000000 ) ) ;
#1306 = ORIENTED_EDGE ( 'NONE', *, *, #1126, .F. ) ;
#1307 = CARTESIAN_POINT ( 'NONE',  ( -0.3669999999999998300, 0.1499999999999999900, -0.6120000000000001000 ) ) ;
#1308 = CARTESIAN_POINT ( 'NONE',  ( 1.084202172485504400E-016, 0.1499999999999999900, 1.075000000000000800 ) ) ;
#1309 = VERTEX_POINT ( 'NONE', #1706 ) ;
#1310 = DIRECTION ( 'NONE',  ( 0.0000000000000000000, 0.0000000000000000000, -1.000000000000000000 ) ) ;
#1311 = AXIS2_PLACEMENT_3D ( 'NONE', #1766, #1553, #1544 ) ;
#1312 = ORIENTED_EDGE ( 'NONE', *, *, #1345, .F. ) ;
#1313 = DIRECTION ( 'NONE',  ( -1.000000000000000000, 0.0000000000000000000, 0.0000000000000000000 ) ) ;
#1314 = EDGE_CURVE ( 'NONE', #720, #1581, #548, .T. ) ;
#1315 = VECTOR ( 'NONE', #1893, 1000.000000000000000 ) ;
#1316 = CIRCLE ( 'NONE', #2227, 0.1250000000000001100 ) ;
#1317 = CARTESIAN_POINT ( 'NONE',  ( 0.3750000000000000000, 0.0000000000000000000, -1.500000000000000700 ) ) ;
#1318 = LINE ( 'NONE', #316, #795 ) ;
#1319 = ADVANCED_FACE ( 'NONE', ( #73 ), #1697, .F. ) ;
#1320 = CARTESIAN_POINT ( 'NONE',  ( -0.4170000000000001500, -0.0000000000000000000, -0.5619999999999998300 ) ) ;
#1321 = ORIENTED_EDGE ( 'NONE', *, *, #1338, .F. ) ;
#1322 = LINE ( 'NONE', #2232, #1041 ) ;
#1323 = ORIENTED_EDGE ( 'NONE', *, *, #1086, .T. ) ;
#1324 = FACE_OUTER_BOUND ( 'NONE', #125, .T. ) ;
#1325 = ORIENTED_EDGE ( 'NONE', *, *, #1726, .F. ) ;
#1326 = CARTESIAN_POINT ( 'NONE',  ( 1.000000000000000200, 0.7500000000000000000, 1.500000000000000000 ) ) ;
#1327 = EDGE_CURVE ( 'NONE', #746, #1022, #728, .T. ) ;
#1328 = ORIENTED_EDGE ( 'NONE', *, *, #541, .T. ) ;
#1329 = CARTESIAN_POINT ( 'NONE',  ( -0.1249999999999999700, 0.1499999999999999900, 1.075000000000000800 ) ) ;
#1330 = ADVANCED_FACE ( 'NONE', ( #2454 ), #927, .T. ) ;
#1331 = ORIENTED_EDGE ( 'NONE', *, *, #471, .T. ) ;
#1332 = AXIS2_PLACEMENT_3D ( 'NONE', #1791, #1397, #991 ) ;
#1333 = CARTESIAN_POINT ( 'NONE',  ( 0.3249999999999996800, -0.05000000000000002400, -0.6120000000000001000 ) ) ;
#1334 = DIRECTION ( 'NONE',  ( 0.0000000000000000000, -1.000000000000000000, 0.0000000000000000000 ) ) ;
#1335 = ADVANCED_FACE ( 'NONE', ( #916 ), #1928, .F. ) ;
#1336 = CIRCLE ( 'NONE', #115, 0.1250000000000001100 ) ;
#1337 = CIRCLE ( 'NONE', #1223, 0.1293489348316114700 ) ;
#1338 = EDGE_CURVE ( 'NONE', #1073, #155, #193, .T. ) ;
#1339 = ORIENTED_EDGE ( 'NONE', *, *, #2219, .T. ) ;
#1340 = VECTOR ( 'NONE', #683, 1000.000000000000000 ) ;
#1341 = FACE_OUTER_BOUND ( 'NONE', #566, .T. ) ;
#1342 = COLOUR_RGB ( '',1.000000000000000000, 1.000000000000000000, 1.000000000000000000 ) ;
#1343 = VECTOR ( 'NONE', #464, 1000.000000000000000 ) ;
#1344 = DIRECTION ( 'NONE',  ( 1.000000000000000000, 0.0000000000000000000, -3.826595902890016700E-016 ) ) ;
#1345 = EDGE_CURVE ( 'NONE', #326, #1169, #1435, .T. ) ;
#1346 = VECTOR ( 'NONE', #2022, 1000.000000000000000 ) ;
#1347 = CARTESIAN_POINT ( 'NONE',  ( -0.6250000000000000000, -0.05000000000000002400, -1.500000000000000700 ) ) ;
#1348 = LINE ( 'NONE', #1674, #768 ) ;
#1349 = ORIENTED_EDGE ( 'NONE', *, *, #1373, .F. ) ;
#1350 = VECTOR ( 'NONE', #911, 1000.000000000000000 ) ;
#1351 = ORIENTED_EDGE ( 'NONE', *, *, #1826, .T. ) ;
#1352 = CARTESIAN_POINT ( 'NONE',  ( -0.3750000000000000000, -0.05000000000000002400, 1.500000000000000700 ) ) ;
#1353 = AXIS2_PLACEMENT_3D ( 'NONE', #12, #1969, #1370 ) ;
#1354 = ADVANCED_FACE ( 'NONE', ( #2234 ), #1103, .F. ) ;
#1355 = CARTESIAN_POINT ( 'NONE',  ( 0.1250000000000001700, 0.1499999999999999900, 1.075000000000000800 ) ) ;
#1356 = CARTESIAN_POINT ( 'NONE',  ( 0.3750000000000000000, -0.05000000000000002400, -0.6620000000000004800 ) ) ;
#1357 = ORIENTED_EDGE ( 'NONE', *, *, #836, .F. ) ;
#1358 = VERTEX_POINT ( 'NONE', #736 ) ;
#1359 = PRESENTATION_LAYER_ASSIGNMENT (  '', '', ( #2289 ) ) ;
#1360 =( LENGTH_UNIT ( ) NAMED_UNIT ( * ) SI_UNIT ( .MILLI., .METRE. ) );
#1361 = ORIENTED_EDGE ( 'NONE', *, *, #1000, .F. ) ;
#1362 = EDGE_CURVE ( 'NONE', #2020, #675, #878, .T. ) ;
#1363 = CARTESIAN_POINT ( 'NONE',  ( 0.1250000000000000000, 0.1499999999999999900, 1.500000000000000700 ) ) ;
#1364 = ORIENTED_EDGE ( 'NONE', *, *, #1098, .F. ) ;
#1365 = EDGE_LOOP ( 'NONE', ( #37, #2255, #1784, #1075 ) ) ;
#1366 = DIRECTION ( 'NONE',  ( -1.000000000000000000, 0.0000000000000000000, 0.0000000000000000000 ) ) ;
#1367 = EDGE_LOOP ( 'NONE', ( #926, #1361, #1781, #2122 ) ) ;
#1368 = DIRECTION ( 'NONE',  ( -0.0000000000000000000, 1.000000000000000000, -0.0000000000000000000 ) ) ;
#1369 = VERTEX_POINT ( 'NONE', #518 ) ;
#1370 = DIRECTION ( 'NONE',  ( -1.000000000000000000, 0.0000000000000000000, 0.0000000000000000000 ) ) ;
#1371 = VECTOR ( 'NONE', #747, 1000.000000000000000 ) ;
#1372 = VECTOR ( 'NONE', #161, 1000.000000000000000 ) ;
#1373 = EDGE_CURVE ( 'NONE', #336, #1824, #1909, .T. ) ;
#1374 = DIRECTION ( 'NONE',  ( 1.000000000000000000, 0.0000000000000000000, 0.0000000000000000000 ) ) ;
#1375 = VERTEX_POINT ( 'NONE', #2147 ) ;
#1376 = ORIENTED_EDGE ( 'NONE', *, *, #848, .T. ) ;
#1377 = CARTESIAN_POINT ( 'NONE',  ( 0.3249999999999996800, -0.05000000000000002400, 0.6119999999999997700 ) ) ;
#1378 = ORIENTED_EDGE ( 'NONE', *, *, #40, .T. ) ;
#1379 = VECTOR ( 'NONE', #829, 1000.000000000000000 ) ;
#1380 = ORIENTED_EDGE ( 'NONE', *, *, #1314, .F. ) ;
#1381 = PLANE ( 'NONE',  #1150 ) ;
#1382 = ADVANCED_FACE ( 'NONE', ( #168 ), #765, .F. ) ;
#1383 = CARTESIAN_POINT ( 'NONE',  ( -0.6438948910005848300, 0.6500000000000000200, 1.277666045479279000 ) ) ;
#1384 = AXIS2_PLACEMENT_3D ( 'NONE', #2564, #575, #1161 ) ;
#1385 = SURFACE_STYLE_USAGE ( .BOTH. , #384 ) ;
#1386 = ORIENTED_EDGE ( 'NONE', *, *, #1130, .F. ) ;
#1387 = DIRECTION ( 'NONE',  ( -0.0000000000000000000, -1.000000000000000000, -0.0000000000000000000 ) ) ;
#1388 = EDGE_CURVE ( 'NONE', #1449, #1599, #1561, .T. ) ;
#1389 = CARTESIAN_POINT ( 'NONE',  ( 1.084202172485504400E-016, 0.1499999999999999900, -1.075000000000000800 ) ) ;
#1390 = DIRECTION ( 'NONE',  ( 0.0000000000000000000, -1.000000000000000000, 0.0000000000000000000 ) ) ;
#1391 = ADVANCED_FACE ( 'NONE', ( #1619 ), #164, .F. ) ;
#1392 = ORIENTED_EDGE ( 'NONE', *, *, #2254, .T. ) ;
#1393 = EDGE_CURVE ( 'NONE', #2383, #626, #1101, .T. ) ;
#1394 = CARTESIAN_POINT ( 'NONE',  ( -0.4170000000000001500, -0.05000000000000002400, -0.5620000000000000600 ) ) ;
#1395 = ORIENTED_EDGE ( 'NONE', *, *, #1772, .T. ) ;
#1396 = CARTESIAN_POINT ( 'NONE',  ( 1.084202172485504400E-016, 0.1499999999999999900, 1.075000000000000800 ) ) ;
#1397 = DIRECTION ( 'NONE',  ( -1.000000000000000000, 0.0000000000000000000, 0.0000000000000000000 ) ) ;
#1398 = ORIENTED_EDGE ( 'NONE', *, *, #373, .F. ) ;
#1399 = VECTOR ( 'NONE', #876, 1000.000000000000000 ) ;
#1400 = DIRECTION ( 'NONE',  ( 0.0000000000000000000, -1.000000000000000000, 0.0000000000000000000 ) ) ;
#1401 = EDGE_CURVE ( 'NONE', #1175, #81, #698, .T. ) ;
#1402 = ADVANCED_FACE ( 'NONE', ( #1678 ), #2330, .F. ) ;
#1403 = ORIENTED_EDGE ( 'NONE', *, *, #2074, .T. ) ;
#1404 = FACE_OUTER_BOUND ( 'NONE', #956, .T. ) ;
#1405 = FACE_OUTER_BOUND ( 'NONE', #629, .T. ) ;
#1406 = CYLINDRICAL_SURFACE ( 'NONE', #1769, 0.1250000000000001100 ) ;
#1407 = FACE_OUTER_BOUND ( 'NONE', #2086, .T. ) ;
#1408 = AXIS2_PLACEMENT_3D ( 'NONE', #1239, #873, #274 ) ;
#1409 = PLANE ( 'NONE',  #994 ) ;
#1410 = ORIENTED_EDGE ( 'NONE', *, *, #803, .F. ) ;
#1411 = LINE ( 'NONE', #897, #761 ) ;
#1412 = ORIENTED_EDGE ( 'NONE', *, *, #771, .F. ) ;
#1413 = EDGE_CURVE ( 'NONE', #1559, #1771, #45, .T. ) ;
#1414 = VERTEX_POINT ( 'NONE', #775 ) ;
#1415 = DIRECTION ( 'NONE',  ( -1.000000000000000000, 0.0000000000000000000, 0.0000000000000000000 ) ) ;
#1416 = EDGE_LOOP ( 'NONE', ( #760, #2092, #1858, #1873 ) ) ;
#1417 = VECTOR ( 'NONE', #1133, 1000.000000000000000 ) ;
#1418 = ORIENTED_EDGE ( 'NONE', *, *, #1373, .T. ) ;
#1419 = CARTESIAN_POINT ( 'NONE',  ( 0.0000000000000000000, 0.7500000000000000000, 0.0000000000000000000 ) ) ;
#1420 = ORIENTED_EDGE ( 'NONE', *, *, #1140, .T. ) ;
#1421 = ORIENTED_EDGE ( 'NONE', *, *, #40, .F. ) ;
#1422 = ORIENTED_EDGE ( 'NONE', *, *, #884, .F. ) ;
#1423 = EDGE_LOOP ( 'NONE', ( #941, #2246, #2531, #1827 ) ) ;
#1424 = CARTESIAN_POINT ( 'NONE',  ( 1.084202172485504400E-016, -0.05000000000000002400, -1.075000000000000800 ) ) ;
#1425 = ORIENTED_EDGE ( 'NONE', *, *, #124, .T. ) ;
#1426 = EDGE_CURVE ( 'NONE', #2141, #626, #642, .T. ) ;
#1427 = CARTESIAN_POINT ( 'NONE',  ( -0.9999999999999997800, 0.0000000000000000000, -1.499999999999999300 ) ) ;
#1428 = ORIENTED_EDGE ( 'NONE', *, *, #456, .F. ) ;
#1429 = CARTESIAN_POINT ( 'NONE',  ( 0.1250000000000000000, 0.1499999999999999900, 1.500000000000000700 ) ) ;
#1430 = ADVANCED_FACE ( 'NONE', ( #2207 ), #146, .T. ) ;
#1431 = VERTEX_POINT ( 'NONE', #369 ) ;
#1432 = DIRECTION ( 'NONE',  ( 0.0000000000000000000, 1.000000000000000000, 0.0000000000000000000 ) ) ;
#1433 = ADVANCED_FACE ( 'NONE', ( #1749 ), #589, .F. ) ;
#1434 = MECHANICAL_DESIGN_GEOMETRIC_PRESENTATION_REPRESENTATION (  '', ( #2058 ), #2028 ) ;
#1435 = LINE ( 'NONE', #1715, #942 ) ;
#1436 = PLANE ( 'NONE',  #2049 ) ;
#1437 = LINE ( 'NONE', #603, #553 ) ;
#1438 = LINE ( 'NONE', #1077, #1752 ) ;
#1439 = AXIS2_PLACEMENT_3D ( 'NONE', #487, #478, #1864 ) ;
#1440 = DIRECTION ( 'NONE',  ( 0.0000000000000000000, 0.0000000000000000000, 1.000000000000000000 ) ) ;
#1441 = VECTOR ( 'NONE', #2328, 1000.000000000000000 ) ;
#1442 = AXIS2_PLACEMENT_3D ( 'NONE', #1730, #1154, #1960 ) ;
#1443 = ORIENTED_EDGE ( 'NONE', *, *, #2149, .F. ) ;
#1444 = VERTEX_POINT ( 'NONE', #2323 ) ;
#1445 = EDGE_CURVE ( 'NONE', #2352, #2134, #585, .T. ) ;
#1446 = ORIENTED_EDGE ( 'NONE', *, *, #29, .T. ) ;
#1447 = DIRECTION ( 'NONE',  ( 0.0000000000000000000, 0.0000000000000000000, 1.000000000000000000 ) ) ;
#1448 = VECTOR ( 'NONE', #1507, 1000.000000000000000 ) ;
#1449 = VERTEX_POINT ( 'NONE', #1756 ) ;
#1450 = DIRECTION ( 'NONE',  ( -0.0000000000000000000, 1.000000000000000000, -0.0000000000000000000 ) ) ;
#1451 = CARTESIAN_POINT ( 'NONE',  ( -0.6438948910005848300, 0.7500000000000000000, 1.277666045479279000 ) ) ;
#1452 = ORIENTED_EDGE ( 'NONE', *, *, #1708, .F. ) ;
#1453 = DIRECTION ( 'NONE',  ( 1.000000000000000000, 0.0000000000000000000, 0.0000000000000000000 ) ) ;
#1454 = AXIS2_PLACEMENT_3D ( 'NONE', #466, #1250, #2085 ) ;
#1455 = DIRECTION ( 'NONE',  ( 0.0000000000000000000, 0.0000000000000000000, 1.000000000000000000 ) ) ;
#1456 = ORIENTED_EDGE ( 'NONE', *, *, #350, .F. ) ;
#1457 = VERTEX_POINT ( 'NONE', #1951 ) ;
#1458 = EDGE_CURVE ( 'NONE', #1309, #2167, #225, .T. ) ;
#1459 = DIRECTION ( 'NONE',  ( 0.0000000000000000000, 1.000000000000000000, 0.0000000000000000000 ) ) ;
#1460 = DIRECTION ( 'NONE',  ( 0.0000000000000000000, 0.0000000000000000000, -1.000000000000000000 ) ) ;
#1461 = MANIFOLD_SOLID_BREP ( 'Boss-Extrude2[3]', #1588 ) ;
#1462 = VERTEX_POINT ( 'NONE', #1333 ) ;
#1463 = CYLINDRICAL_SURFACE ( 'NONE', #63, 0.1293489348316114700 ) ;
#1464 = VECTOR ( 'NONE', #198, 1000.000000000000000 ) ;
#1465 = ORIENTED_EDGE ( 'NONE', *, *, #970, .F. ) ;
#1466 = VECTOR ( 'NONE', #108, 1000.000000000000000 ) ;
#1467 = CIRCLE ( 'NONE', #239, 0.1250000000000001100 ) ;
#1468 = VECTOR ( 'NONE', #838, 1000.000000000000000 ) ;
#1469 = LINE ( 'NONE', #1979, #2039 ) ;
#1470 = DIRECTION ( 'NONE',  ( 0.0000000000000000000, -1.000000000000000000, 0.0000000000000000000 ) ) ;
#1471 = ORIENTED_EDGE ( 'NONE', *, *, #1526, .F. ) ;
#1472 = FACE_OUTER_BOUND ( 'NONE', #2203, .T. ) ;
#1473 = ORIENTED_EDGE ( 'NONE', *, *, #1208, .F. ) ;
#1474 = DIRECTION ( 'NONE',  ( 0.0000000000000000000, -1.000000000000000000, 0.0000000000000000000 ) ) ;
#1475 = ORIENTED_EDGE ( 'NONE', *, *, #1826, .F. ) ;
#1476 = CARTESIAN_POINT ( 'NONE',  ( -0.4999999999999998900, 0.1499999999999999900, -1.075000000000000800 ) ) ;
#1477 = EDGE_LOOP ( 'NONE', ( #1028, #1055, #244, #338 ) ) ;
#1478 = EDGE_CURVE ( 'NONE', #1725, #2352, #1810, .T. ) ;
#1479 = LINE ( 'NONE', #1153, #1417 ) ;
#1480 = ORIENTED_EDGE ( 'NONE', *, *, #2356, .T. ) ;
#1481 = DIRECTION ( 'NONE',  ( 0.0000000000000000000, 0.0000000000000000000, -1.000000000000000000 ) ) ;
#1482 = DIRECTION ( 'NONE',  ( 0.0000000000000000000, 0.0000000000000000000, -1.000000000000000000 ) ) ;
#1483 = EDGE_CURVE ( 'NONE', #745, #2539, #2238, .T. ) ;
#1484 = DIRECTION ( 'NONE',  ( -0.0000000000000000000, 1.000000000000000000, -0.0000000000000000000 ) ) ;
#1485 = DIRECTION ( 'NONE',  ( 0.0000000000000000000, 0.0000000000000000000, -1.000000000000000000 ) ) ;
#1486 = SURFACE_SIDE_STYLE ('',( #1251 ) ) ;
#1487 = ORIENTED_EDGE ( 'NONE', *, *, #933, .F. ) ;
#1488 = ORIENTED_EDGE ( 'NONE', *, *, #435, .F. ) ;
#1489 = AXIS2_PLACEMENT_3D ( 'NONE', #1260, #1083, #1854 ) ;
#1490 = DIRECTION ( 'NONE',  ( 3.826595902890017200E-016, 0.0000000000000000000, 1.000000000000000000 ) ) ;
#1491 = CARTESIAN_POINT ( 'NONE',  ( 1.000000000000000200, 0.0000000000000000000, 1.500000000000000000 ) ) ;
#1492 = VERTEX_POINT ( 'NONE', #1394 ) ;
#1493 = CARTESIAN_POINT ( 'NONE',  ( 0.1250000000000000000, 0.0000000000000000000, -1.499999999999999600 ) ) ;
#1494 = CARTESIAN_POINT ( 'NONE',  ( 0.1250000000000001900, -0.05000000000000002400, 1.075000000000000800 ) ) ;
#1495 = CARTESIAN_POINT ( 'NONE',  ( -0.4999999999999998900, -0.05000000000000002400, -1.075000000000000800 ) ) ;
#1496 = AXIS2_PLACEMENT_3D ( 'NONE', #2408, #1576, #1216 ) ;
#1497 = ORIENTED_EDGE ( 'NONE', *, *, #1032, .F. ) ;
#1498 = CARTESIAN_POINT ( 'NONE',  ( -0.3749999999999998300, -0.05000000000000002400, 1.075000000000000800 ) ) ;
#1499 = ORIENTED_EDGE ( 'NONE', *, *, #1513, .F. ) ;
#1500 = EDGE_CURVE ( 'NONE', #686, #1449, #1623, .T. ) ;
#1501 = LINE ( 'NONE', #2362, #1836 ) ;
#1502 = DIRECTION ( 'NONE',  ( 0.0000000000000000000, 0.0000000000000000000, 1.000000000000000000 ) ) ;
#1503 = LINE ( 'NONE', #75, #328 ) ;
#1504 = LINE ( 'NONE', #2518, #2525 ) ;
#1505 = VECTOR ( 'NONE', #1033, 1000.000000000000000 ) ;
#1506 = AXIS2_PLACEMENT_3D ( 'NONE', #469, #1255, #2239 ) ;
#1507 = DIRECTION ( 'NONE',  ( -1.000000000000000000, 0.0000000000000000000, 2.168404344971008900E-016 ) ) ;
#1508 = PLANE ( 'NONE',  #368 ) ;
#1509 = VERTEX_POINT ( 'NONE', #2194 ) ;
#1510 = CARTESIAN_POINT ( 'NONE',  ( -0.2170000000000001900, 0.1499999999999999900, 0.6119999999999998800 ) ) ;
#1511 = ORIENTED_EDGE ( 'NONE', *, *, #2091, .T. ) ;
#1512 = EDGE_LOOP ( 'NONE', ( #2082, #2388, #1480, #215 ) ) ;
#1513 = EDGE_CURVE ( 'NONE', #1732, #165, #1036, .T. ) ;
#1514 = ADVANCED_FACE ( 'NONE', ( #2128 ), #2386, .F. ) ;
#1515 = ORIENTED_EDGE ( 'NONE', *, *, #424, .F. ) ;
#1516 = CARTESIAN_POINT ( 'NONE',  ( -0.3669999999999998300, -0.05000000000000002400, -0.6120000000000001000 ) ) ;
#1517 = DIRECTION ( 'NONE',  ( 1.000000000000000000, 0.0000000000000000000, -3.826595902890016700E-016 ) ) ;
#1518 = ORIENTED_EDGE ( 'NONE', *, *, #1845, .F. ) ;
#1519 = CARTESIAN_POINT ( 'NONE',  ( -0.4999999999999998900, -0.05000000000000002400, -1.075000000000000800 ) ) ;
#1520 = AXIS2_PLACEMENT_3D ( 'NONE', #208, #1001, #816 ) ;
#1521 = ORIENTED_EDGE ( 'NONE', *, *, #1542, .F. ) ;
#1522 = CARTESIAN_POINT ( 'NONE',  ( 0.3750000000000000000, 0.1499999999999999900, 1.500000000000000700 ) ) ;
#1523 = DIRECTION ( 'NONE',  ( -0.0000000000000000000, -1.000000000000000000, -0.0000000000000000000 ) ) ;
#1524 = ADVANCED_FACE ( 'NONE', ( #78 ), #224, .F. ) ;
#1525 = DIRECTION ( 'NONE',  ( 0.0000000000000000000, 0.0000000000000000000, 1.000000000000000000 ) ) ;
#1526 = EDGE_CURVE ( 'NONE', #983, #2185, #2100, .T. ) ;
#1527 = VERTEX_POINT ( 'NONE', #1195 ) ;
#1528 = EDGE_CURVE ( 'NONE', #1492, #188, #612, .T. ) ;
#1529 = LINE ( 'NONE', #1690, #2520 ) ;
#1530 = FACE_OUTER_BOUND ( 'NONE', #509, .T. ) ;
#1531 = ORIENTED_EDGE ( 'NONE', *, *, #2066, .T. ) ;
#1532 = DIRECTION ( 'NONE',  ( -0.0000000000000000000, -1.000000000000000000, -0.0000000000000000000 ) ) ;
#1533 = VECTOR ( 'NONE', #2259, 1000.000000000000000 ) ;
#1534 = PRESENTATION_STYLE_ASSIGNMENT (( #1385 ) ) ;
#1535 = VECTOR ( 'NONE', #1387, 1000.000000000000000 ) ;
#1536 =( NAMED_UNIT ( * ) PLANE_ANGLE_UNIT ( ) SI_UNIT ( $, .RADIAN. ) );
#1537 = CIRCLE ( 'NONE', #666, 0.05000000000000002400 ) ;
#1538 = DIRECTION ( 'NONE',  ( 0.0000000000000000000, 0.0000000000000000000, -1.000000000000000000 ) ) ;
#1539 = ORIENTED_EDGE ( 'NONE', *, *, #8, .T. ) ;
#1540 = DIRECTION ( 'NONE',  ( 0.0000000000000000000, -1.000000000000000000, 0.0000000000000000000 ) ) ;
#1541 = VERTEX_POINT ( 'NONE', #1794 ) ;
#1542 = EDGE_CURVE ( 'NONE', #1143, #2505, #519, .T. ) ;
#1543 = EDGE_LOOP ( 'NONE', ( #2105, #1446, #1122, #1235 ) ) ;
#1544 = DIRECTION ( 'NONE',  ( 0.0000000000000000000, -0.0000000000000000000, 1.000000000000000000 ) ) ;
#1545 = CARTESIAN_POINT ( 'NONE',  ( 0.6250000000000000000, 0.1499999999999999900, -1.500000000000000700 ) ) ;
#1546 = AXIS2_PLACEMENT_3D ( 'NONE', #98, #2073, #2445 ) ;
#1547 = CARTESIAN_POINT ( 'NONE',  ( 0.0000000000000000000, 0.0000000000000000000, 0.0000000000000000000 ) ) ;
#1548 = ORIENTED_EDGE ( 'NONE', *, *, #1115, .F. ) ;
#1549 = CARTESIAN_POINT ( 'NONE',  ( 0.3250000000000000100, -0.05000000000000002400, -0.6620000000000001400 ) ) ;
#1550 = EDGE_CURVE ( 'NONE', #1917, #976, #763, .T. ) ;
#1551 = ORIENTED_EDGE ( 'NONE', *, *, #1500, .T. ) ;
#1552 = DIRECTION ( 'NONE',  ( 0.0000000000000000000, 0.0000000000000000000, 1.000000000000000000 ) ) ;
#1553 = DIRECTION ( 'NONE',  ( 0.0000000000000000000, 1.000000000000000000, 0.0000000000000000000 ) ) ;
#1554 = CARTESIAN_POINT ( 'NONE',  ( -0.3750000000000000000, 0.1499999999999999900, 1.500000000000000700 ) ) ;
#1555 = PRODUCT_CONTEXT ( 'NONE', #2160, 'mechanical' ) ;
#1556 = CARTESIAN_POINT ( 'NONE',  ( 0.6250000000000000000, -0.05000000000000002400, -1.500000000000000700 ) ) ;
#1557 = AXIS2_PLACEMENT_3D ( 'NONE', #834, #446, #282 ) ;
#1558 = CARTESIAN_POINT ( 'NONE',  ( 0.1250000000000000000, -0.05000000000000002400, 1.500000000000000700 ) ) ;
#1559 = VERTEX_POINT ( 'NONE', #632 ) ;
#1560 = CARTESIAN_POINT ( 'NONE',  ( -0.6250000000000000000, -0.05000000000000002400, 1.500000000000000700 ) ) ;
#1561 = LINE ( 'NONE', #962, #2096 ) ;
#1562 = VECTOR ( 'NONE', #458, 1000.000000000000000 ) ;
#1563 = EDGE_CURVE ( 'NONE', #2553, #2551, #1777, .T. ) ;
#1564 = DIRECTION ( 'NONE',  ( -0.0000000000000000000, -1.000000000000000000, -0.0000000000000000000 ) ) ;
#1565 = VECTOR ( 'NONE', #2000, 1000.000000000000000 ) ;
#1566 = LINE ( 'NONE', #2360, #1037 ) ;
#1567 = VECTOR ( 'NONE', #898, 1000.000000000000000 ) ;
#1568 = DIRECTION ( 'NONE',  ( 1.000000000000000000, 0.0000000000000000000, 0.0000000000000000000 ) ) ;
#1569 = DIRECTION ( 'NONE',  ( -0.0000000000000000000, -1.000000000000000000, -0.0000000000000000000 ) ) ;
#1570 = EDGE_LOOP ( 'NONE', ( #1193, #1497, #1456, #314 ) ) ;
#1571 = FACE_OUTER_BOUND ( 'NONE', #1145, .T. ) ;
#1572 = AXIS2_PLACEMENT_3D ( 'NONE', #2378, #1580, #1173 ) ;
#1573 = ORIENTED_EDGE ( 'NONE', *, *, #56, .T. ) ;
#1574 = DIRECTION ( 'NONE',  ( -0.0000000000000000000, -1.000000000000000000, -0.0000000000000000000 ) ) ;
#1575 =( GEOMETRIC_REPRESENTATION_CONTEXT ( 3 ) GLOBAL_UNCERTAINTY_ASSIGNED_CONTEXT ( ( #1012 ) ) GLOBAL_UNIT_ASSIGNED_CONTEXT ( ( #2407, #39, #1616 ) ) REPRESENTATION_CONTEXT ( 'NONE', 'WORKASPACE' ) );
#1576 = DIRECTION ( 'NONE',  ( -0.0000000000000000000, -1.000000000000000000, -0.0000000000000000000 ) ) ;
#1577 = EDGE_LOOP ( 'NONE', ( #2402, #888, #385, #149, #951, #2226, #2314, #623, #1913, #1515, #2110, #2230, #1739, #1410, #380, #2363 ) ) ;
#1578 = EDGE_CURVE ( 'NONE', #1948, #593, #1128, .T. ) ;
#1579 =( NAMED_UNIT ( * ) PLANE_ANGLE_UNIT ( ) SI_UNIT ( $, .RADIAN. ) );
#1580 = DIRECTION ( 'NONE',  ( 0.0000000000000000000, -1.000000000000000000, 0.0000000000000000000 ) ) ;
#1581 = VERTEX_POINT ( 'NONE', #1185 ) ;
#1582 = CARTESIAN_POINT ( 'NONE',  ( 1.084202172485504400E-016, 0.1499999999999999900, -1.075000000000000800 ) ) ;
#1583 = AXIS2_PLACEMENT_3D ( 'NONE', #72, #1644, #1455 ) ;
#1584 = CARTESIAN_POINT ( 'NONE',  ( -0.3670000000000001600, -0.05000000000000002400, -0.5620000000000000600 ) ) ;
#1585 = EDGE_LOOP ( 'NONE', ( #860, #2536, #180, #1014, #867 ) ) ;
#1586 = LINE ( 'NONE', #2291, #1061 ) ;
#1587 = VECTOR ( 'NONE', #1374, 1000.000000000000000 ) ;
#1588 = CLOSED_SHELL ( 'NONE', ( #325, #2511, #2143, #932, #1330, #450 ) ) ;
#1589 = DIRECTION ( 'NONE',  ( 0.0000000000000000000, -1.000000000000000000, 0.0000000000000000000 ) ) ;
#1590 = LINE ( 'NONE', #2369, #550 ) ;
#1591 = CYLINDRICAL_SURFACE ( 'NONE', #2032, 0.1293489348316114700 ) ;
#1592 = EDGE_CURVE ( 'NONE', #155, #2361, #21, .T. ) ;
#1593 = VECTOR ( 'NONE', #1209, 1000.000000000000000 ) ;
#1594 = CIRCLE ( 'NONE', #1837, 0.1250000000000001100 ) ;
#1595 = ORIENTED_EDGE ( 'NONE', *, *, #953, .F. ) ;
#1596 = LINE ( 'NONE', #2244, #333 ) ;
#1597 = DIRECTION ( 'NONE',  ( -1.000000000000000000, 0.0000000000000000000, 0.0000000000000000000 ) ) ;
#1598 = EDGE_LOOP ( 'NONE', ( #15, #923, #352, #1392 ) ) ;
#1599 = VERTEX_POINT ( 'NONE', #1799 ) ;
#1600 = VECTOR ( 'NONE', #1568, 1000.000000000000000 ) ;
#1601 = ORIENTED_EDGE ( 'NONE', *, *, #787, .F. ) ;
#1602 = CARTESIAN_POINT ( 'NONE',  ( 1.084202172485504400E-016, 0.1499999999999999900, 0.9500000000000007300 ) ) ;
#1603 = CARTESIAN_POINT ( 'NONE',  ( -0.6438948910005848300, 0.7500000000000000000, 1.277666045479279000 ) ) ;
#1604 = CARTESIAN_POINT ( 'NONE',  ( 0.3750000000000000000, 0.1499999999999999900, -0.6620000000000004800 ) ) ;
#1605 = EDGE_CURVE ( 'NONE', #1232, #535, #1068, .T. ) ;
#1606 = ORIENTED_EDGE ( 'NONE', *, *, #1605, .F. ) ;
#1607 = PLANE ( 'NONE',  #1332 ) ;
#1608 = SURFACE_SIDE_STYLE ('',( #1648 ) ) ;
#1609 = VERTEX_POINT ( 'NONE', #407 ) ;
#1610 = EDGE_CURVE ( 'NONE', #1599, #976, #2394, .T. ) ;
#1611 = DIRECTION ( 'NONE',  ( -0.0000000000000000000, 0.0000000000000000000, 1.000000000000000000 ) ) ;
#1612 = ORIENTED_EDGE ( 'NONE', *, *, #564, .F. ) ;
#1613 = ORIENTED_EDGE ( 'NONE', *, *, #658, .T. ) ;
#1614 = DIRECTION ( 'NONE',  ( 0.0000000000000000000, 0.0000000000000000000, -1.000000000000000000 ) ) ;
#1615 = AXIS2_PLACEMENT_3D ( 'NONE', #339, #116, #311 ) ;
#1616 =( NAMED_UNIT ( * ) SI_UNIT ( $, .STERADIAN. ) SOLID_ANGLE_UNIT ( ) );
#1617 = EDGE_LOOP ( 'NONE', ( #2243, #1764, #2437, #1801 ) ) ;
#1618 = DIRECTION ( 'NONE',  ( 0.0000000000000000000, 1.000000000000000000, 0.0000000000000000000 ) ) ;
#1619 = FACE_OUTER_BOUND ( 'NONE', #560, .T. ) ;
#1620 = VECTOR ( 'NONE', #2339, 1000.000000000000000 ) ;
#1621 = CARTESIAN_POINT ( 'NONE',  ( -0.4170000000000002000, 0.1499999999999999900, 0.3119999999999999400 ) ) ;
#1622 = EDGE_CURVE ( 'NONE', #1890, #399, #552, .T. ) ;
#1623 = LINE ( 'NONE', #5, #1593 ) ;
#1624 = VECTOR ( 'NONE', #2530, 1000.000000000000000 ) ;
#1625 = AXIS2_PLACEMENT_3D ( 'NONE', #423, #631, #1415 ) ;
#1626 = PLANE ( 'NONE',  #433 ) ;
#1627 = VECTOR ( 'NONE', #2205, 1000.000000000000000 ) ;
#1628 = CARTESIAN_POINT ( 'NONE',  ( -0.6250000000000000000, -0.05000000000000002400, 1.075000000000000800 ) ) ;
#1629 = EDGE_CURVE ( 'NONE', #2551, #55, #1877, .T. ) ;
#1630 = ORIENTED_EDGE ( 'NONE', *, *, #707, .F. ) ;
#1631 = LINE ( 'NONE', #1807, #460 ) ;
#1632 = CARTESIAN_POINT ( 'NONE',  ( 1.084202172485504400E-016, 0.1499999999999999900, 1.075000000000000800 ) ) ;
#1633 = CARTESIAN_POINT ( 'NONE',  ( -0.1250000000000000000, 0.1499999999999999900, -1.500000000000000700 ) ) ;
#1634 = DIRECTION ( 'NONE',  ( 0.0000000000000000000, -1.000000000000000000, 0.0000000000000000000 ) ) ;
#1635 = AXIS2_PLACEMENT_3D ( 'NONE', #2265, #871, #84 ) ;
#1636 = CARTESIAN_POINT ( 'NONE',  ( -0.4999999999999998900, 0.1499999999999999900, -1.075000000000000800 ) ) ;
#1637 = ADVANCED_FACE ( 'NONE', ( #1247 ), #2050, .F. ) ;
#1638 = VERTEX_POINT ( 'NONE', #1231 ) ;
#1639 = ORIENTED_EDGE ( 'NONE', *, *, #1995, .F. ) ;
#1640 = EDGE_CURVE ( 'NONE', #1743, #746, #1714, .T. ) ;
#1641 = DIRECTION ( 'NONE',  ( -0.0000000000000000000, 1.000000000000000000, -0.0000000000000000000 ) ) ;
#1642 = DIRECTION ( 'NONE',  ( -0.0000000000000000000, 1.000000000000000000, 0.0000000000000000000 ) ) ;
#1643 = ORIENTED_EDGE ( 'NONE', *, *, #277, .F. ) ;
#1644 = DIRECTION ( 'NONE',  ( 0.0000000000000000000, 1.000000000000000000, 0.0000000000000000000 ) ) ;
#1645 = DIRECTION ( 'NONE',  ( 0.0000000000000000000, 0.0000000000000000000, -1.000000000000000000 ) ) ;
#1646 = LINE ( 'NONE', #2051, #1124 ) ;
#1647 = CARTESIAN_POINT ( 'NONE',  ( -0.6250000000000000000, -0.05000000000000002400, 1.500000000000000700 ) ) ;
#1648 = SURFACE_STYLE_FILL_AREA ( #796 ) ;
#1649 = VERTEX_POINT ( 'NONE', #1838 ) ;
#1650 = VECTOR ( 'NONE', #1651, 1000.000000000000000 ) ;
#1651 = DIRECTION ( 'NONE',  ( -0.0000000000000000000, -0.0000000000000000000, -1.000000000000000000 ) ) ;
#1652 = VECTOR ( 'NONE', #2175, 1000.000000000000000 ) ;
#1653 = DIRECTION ( 'NONE',  ( 0.0000000000000000000, 0.0000000000000000000, 1.000000000000000000 ) ) ;
#1654 = CIRCLE ( 'NONE', #979, 0.1250000000000001100 ) ;
#1655 = EDGE_CURVE ( 'NONE', #1638, #1917, #1187, .T. ) ;
#1656 = CARTESIAN_POINT ( 'NONE',  ( -0.1250000000000000000, 0.1499999999999999900, 1.500000000000000700 ) ) ;
#1657 = ORIENTED_EDGE ( 'NONE', *, *, #1914, .T. ) ;
#1658 = DIRECTION ( 'NONE',  ( -0.0000000000000000000, -1.000000000000000000, -0.0000000000000000000 ) ) ;
#1659 = CARTESIAN_POINT ( 'NONE',  ( -0.3750000000000000000, 0.1499999999999999900, -1.500000000000000700 ) ) ;
#1660 = ORIENTED_EDGE ( 'NONE', *, *, #1860, .F. ) ;
#1661 = LINE ( 'NONE', #1903, #1194 ) ;
#1662 = EDGE_LOOP ( 'NONE', ( #1848, #1770, #1162, #1782 ) ) ;
#1663 = PLANE ( 'NONE',  #1439 ) ;
#1664 = CARTESIAN_POINT ( 'NONE',  ( 0.1250000000000000000, 0.1499999999999999900, 1.500000000000000700 ) ) ;
#1665 = ORIENTED_EDGE ( 'NONE', *, *, #608, .F. ) ;
#1666 = ORIENTED_EDGE ( 'NONE', *, *, #604, .T. ) ;
#1667 = CARTESIAN_POINT ( 'NONE',  ( 0.3750000000000000000, -0.05000000000000002400, 1.500000000000000700 ) ) ;
#1668 = CARTESIAN_POINT ( 'NONE',  ( -0.4170000000000002000, -0.05000000000000002400, 0.3119999999999999400 ) ) ;
#1669 = MECHANICAL_DESIGN_GEOMETRIC_PRESENTATION_REPRESENTATION (  '', ( #2289 ), #337 ) ;
#1670 = CARTESIAN_POINT ( 'NONE',  ( -0.3750000000000000000, 0.1499999999999999900, -1.500000000000000700 ) ) ;
#1671 = EDGE_CURVE ( 'NONE', #1143, #2441, #1009, .T. ) ;
#1672 = ORIENTED_EDGE ( 'NONE', *, *, #1130, .T. ) ;
#1673 = EDGE_LOOP ( 'NONE', ( #2011, #1551, #893, #1403 ) ) ;
#1674 = CARTESIAN_POINT ( 'NONE',  ( -0.2170000000000001900, 0.1499999999999999900, 0.6119999999999998800 ) ) ;
#1675 = DIRECTION ( 'NONE',  ( 0.0000000000000000000, 0.0000000000000000000, 1.000000000000000000 ) ) ;
#1676 = DIRECTION ( 'NONE',  ( -1.000000000000000000, 0.0000000000000000000, 0.0000000000000000000 ) ) ;
#1677 = DIRECTION ( 'NONE',  ( 0.0000000000000000000, -0.0000000000000000000, -1.000000000000000000 ) ) ;
#1678 = FACE_OUTER_BOUND ( 'NONE', #602, .T. ) ;
#1679 = ADVANCED_FACE ( 'NONE', ( #2524 ), #1406, .T. ) ;
#1680 = CARTESIAN_POINT ( 'NONE',  ( -0.1250000000000000000, -0.05000000000000002400, -1.500000000000000700 ) ) ;
#1681 = VECTOR ( 'NONE', #2410, 1000.000000000000000 ) ;
#1682 = VECTOR ( 'NONE', #408, 1000.000000000000000 ) ;
#1683 = AXIS2_PLACEMENT_3D ( 'NONE', #449, #2033, #2428 ) ;
#1684 = DIRECTION ( 'NONE',  ( 0.0000000000000000000, 0.0000000000000000000, -1.000000000000000000 ) ) ;
#1685 = CARTESIAN_POINT ( 'NONE',  ( 1.000000000000000200, 0.7500000000000000000, -1.499999999999999800 ) ) ;
#1686 = LINE ( 'NONE', #120, #1246 ) ;
#1687 = EDGE_LOOP ( 'NONE', ( #2411, #2380, #1723, #119 ) ) ;
#1688 = EDGE_CURVE ( 'NONE', #720, #2047, #2270, .T. ) ;
#1689 = VERTEX_POINT ( 'NONE', #2223 ) ;
#1690 = CARTESIAN_POINT ( 'NONE',  ( -0.3750000000000000000, 0.1499999999999999900, 1.500000000000000700 ) ) ;
#1691 = CARTESIAN_POINT ( 'NONE',  ( 0.1250000000000001700, 0.1499999999999999900, -1.075000000000000800 ) ) ;
#1692 = PLANE ( 'NONE',  #2168 ) ;
#1693 = CARTESIAN_POINT ( 'NONE',  ( -0.3749999999999998300, 0.1499999999999999900, 1.075000000000000800 ) ) ;
#1694 = PLANE ( 'NONE',  #2285 ) ;
#1695 = EDGE_LOOP ( 'NONE', ( #930, #910, #44, #1081 ) ) ;
#1696 = AXIS2_PLACEMENT_3D ( 'NONE', #1211, #54, #1614 ) ;
#1697 = PLANE ( 'NONE',  #574 ) ;
#1698 = PLANE ( 'NONE',  #705 ) ;
#1699 = ORIENTED_EDGE ( 'NONE', *, *, #471, .F. ) ;
#1700 = DIRECTION ( 'NONE',  ( -0.0000000000000000000, -0.0000000000000000000, -1.000000000000000000 ) ) ;
#1701 = AXIS2_PLACEMENT_3D ( 'NONE', #126, #335, #1502 ) ;
#1702 = CARTESIAN_POINT ( 'NONE',  ( 0.3750000000000000000, 0.1499999999999999900, 0.6620000000000001400 ) ) ;
#1703 = AXIS2_PLACEMENT_3D ( 'NONE', #1025, #1192, #618 ) ;
#1704 = ORIENTED_EDGE ( 'NONE', *, *, #733, .T. ) ;
#1705 = ADVANCED_FACE ( 'NONE', ( #2004 ), #479, .T. ) ;
#1706 = CARTESIAN_POINT ( 'NONE',  ( -0.6250000000000000000, 0.1499999999999999900, 1.075000000000000800 ) ) ;
#1707 = EDGE_LOOP ( 'NONE', ( #477, #2297, #1043, #191 ) ) ;
#1708 = EDGE_CURVE ( 'NONE', #2108, #217, #2210, .T. ) ;
#1709 = DIRECTION ( 'NONE',  ( -0.0000000000000000000, 1.000000000000000000, -0.0000000000000000000 ) ) ;
#1710 = CARTESIAN_POINT ( 'NONE',  ( 0.3250000000000000100, 0.1499999999999999900, 0.6619999999999998100 ) ) ;
#1711 = CARTESIAN_POINT ( 'NONE',  ( -0.6250000000000000000, 0.1499999999999999900, -1.500000000000000700 ) ) ;
#1712 = CIRCLE ( 'NONE', #2299, 0.1250000000000001100 ) ;
#1713 = VECTOR ( 'NONE', #874, 1000.000000000000000 ) ;
#1714 = LINE ( 'NONE', #1429, #820 ) ;
#1715 = CARTESIAN_POINT ( 'NONE',  ( 0.6250000000000000000, 0.0000000000000000000, 1.500000000000000700 ) ) ;
#1716 = PRESENTATION_STYLE_ASSIGNMENT (( #939 ) ) ;
#1717 = AXIS2_PLACEMENT_3D ( 'NONE', #1582, #998, #218 ) ;
#1718 = DIRECTION ( 'NONE',  ( 1.000000000000000000, 0.0000000000000000000, 0.0000000000000000000 ) ) ;
#1719 = PLANE ( 'NONE',  #2317 ) ;
#1720 = ORIENTED_EDGE ( 'NONE', *, *, #2052, .F. ) ;
#1721 = ADVANCED_FACE ( 'NONE', ( #1215 ), #2208, .F. ) ;
#1722 = ORIENTED_EDGE ( 'NONE', *, *, #494, .F. ) ;
#1723 = ORIENTED_EDGE ( 'NONE', *, *, #280, .F. ) ;
#1724 = VECTOR ( 'NONE', #136, 1000.000000000000000 ) ;
#1725 = VERTEX_POINT ( 'NONE', #43 ) ;
#1726 = EDGE_CURVE ( 'NONE', #1818, #202, #171, .T. ) ;
#1727 = CARTESIAN_POINT ( 'NONE',  ( 0.3250000000000000100, 0.0000000000000000000, -0.6620000000000001400 ) ) ;
#1728 = EDGE_LOOP ( 'NONE', ( #598, #1955, #2162, #2501 ) ) ;
#1729 = DIRECTION ( 'NONE',  ( 0.0000000000000000000, 0.0000000000000000000, -1.000000000000000000 ) ) ;
#1730 = CARTESIAN_POINT ( 'NONE',  ( 0.3250000000000000100, 0.1499999999999999900, -0.6620000000000001400 ) ) ;
#1731 = ORIENTED_EDGE ( 'NONE', *, *, #692, .F. ) ;
#1732 = VERTEX_POINT ( 'NONE', #1621 ) ;
#1733 = ADVANCED_FACE ( 'NONE', ( #391 ), #1219, .F. ) ;
#1734 =( NAMED_UNIT ( * ) SI_UNIT ( $, .STERADIAN. ) SOLID_ANGLE_UNIT ( ) );
#1735 = VERTEX_POINT ( 'NONE', #854 ) ;
#1736 = UNCERTAINTY_MEASURE_WITH_UNIT (LENGTH_MEASURE( 1.000000000000000100E-005 ), #2079, 'distance_accuracy_value', 'NONE');
#1737 = AXIS2_PLACEMENT_3D ( 'NONE', #324, #2113, #922 ) ;
#1738 = CARTESIAN_POINT ( 'NONE',  ( 0.1250000000000001900, 0.1499999999999999900, 1.075000000000000800 ) ) ;
#1739 = ORIENTED_EDGE ( 'NONE', *, *, #2324, .T. ) ;
#1740 = APPLICATION_CONTEXT ( 'automotive_design' ) ;
#1741 = EDGE_CURVE ( 'NONE', #535, #2135, #647, .T. ) ;
#1742 = DIRECTION ( 'NONE',  ( 0.0000000000000000000, 0.0000000000000000000, 1.000000000000000000 ) ) ;
#1743 = VERTEX_POINT ( 'NONE', #1664 ) ;
#1744 = EDGE_CURVE ( 'NONE', #1178, #1829, #1712, .T. ) ;
#1745 = PRESENTATION_STYLE_ASSIGNMENT (( #1200 ) ) ;
#1746 = CARTESIAN_POINT ( 'NONE',  ( 0.3750000000000000000, 0.1499999999999999900, -1.500000000000000700 ) ) ;
#1747 = CARTESIAN_POINT ( 'NONE',  ( -0.3750000000000000000, 0.1499999999999999900, 1.500000000000000700 ) ) ;
#1748 = VECTOR ( 'NONE', #283, 1000.000000000000000 ) ;
#1749 = FACE_OUTER_BOUND ( 'NONE', #92, .T. ) ;
#1750 = VECTOR ( 'NONE', #1778, 1000.000000000000000 ) ;
#1751 =( NAMED_UNIT ( * ) SI_UNIT ( $, .STERADIAN. ) SOLID_ANGLE_UNIT ( ) );
#1752 = VECTOR ( 'NONE', #1270, 1000.000000000000000 ) ;
#1753 = CARTESIAN_POINT ( 'NONE',  ( 1.084202172485504400E-016, 0.1499999999999999900, 1.075000000000000800 ) ) ;
#1754 = AXIS2_PLACEMENT_3D ( 'NONE', #1966, #2342, #2358 ) ;
#1755 = FACE_OUTER_BOUND ( 'NONE', #684, .T. ) ;
#1756 = CARTESIAN_POINT ( 'NONE',  ( 0.1250000000000000000, 0.1499999999999999900, -1.500000000000000700 ) ) ;
#1757 = ORIENTED_EDGE ( 'NONE', *, *, #722, .T. ) ;
#1758 = LINE ( 'NONE', #2191, #1379 ) ;
#1759 = EDGE_LOOP ( 'NONE', ( #2007, #1050, #2512, #617 ) ) ;
#1760 = AXIS2_PLACEMENT_3D ( 'NONE', #2221, #853, #660 ) ;
#1761 = DIRECTION ( 'NONE',  ( 0.0000000000000000000, -1.000000000000000000, 0.0000000000000000000 ) ) ;
#1762 = CARTESIAN_POINT ( 'NONE',  ( 0.1250000000000001700, -0.05000000000000002400, -1.075000000000000800 ) ) ;
#1763 = EDGE_CURVE ( 'NONE', #997, #2067, #1155, .T. ) ;
#1764 = ORIENTED_EDGE ( 'NONE', *, *, #128, .F. ) ;
#1765 = EDGE_LOOP ( 'NONE', ( #1886, #735, #1266, #1961 ) ) ;
#1766 = CARTESIAN_POINT ( 'NONE',  ( -0.6438948910005848300, 0.6500000000000000200, 1.148317110647667500 ) ) ;
#1767 = CARTESIAN_POINT ( 'NONE',  ( 1.084202172485504400E-016, 0.1499999999999999900, 1.075000000000000800 ) ) ;
#1768 = DIRECTION ( 'NONE',  ( 0.0000000000000000000, 0.0000000000000000000, -1.000000000000000000 ) ) ;
#1769 = AXIS2_PLACEMENT_3D ( 'NONE', #1042, #2056, #1653 ) ;
#1770 = ORIENTED_EDGE ( 'NONE', *, *, #139, .F. ) ;
#1771 = VERTEX_POINT ( 'NONE', #1080 ) ;
#1772 = EDGE_CURVE ( 'NONE', #1444, #1732, #2211, .T. ) ;
#1773 = VECTOR ( 'NONE', #1119, 1000.000000000000000 ) ;
#1774 = CIRCLE ( 'NONE', #1800, 0.05000000000000002400 ) ;
#1775 = DIRECTION ( 'NONE',  ( -0.0000000000000000000, -1.000000000000000000, -0.0000000000000000000 ) ) ;
#1776 = CIRCLE ( 'NONE', #2012, 0.1293489348316114700 ) ;
#1777 = CIRCLE ( 'NONE', #554, 0.1250000000000001100 ) ;
#1778 = DIRECTION ( 'NONE',  ( 6.202529590878171900E-017, 0.0000000000000000000, -1.000000000000000000 ) ) ;
#1779 = MANIFOLD_SOLID_BREP ( 'Boss-Extrude2[1]', #2321 ) ;
#1780 = DIRECTION ( 'NONE',  ( -0.0000000000000000000, 1.000000000000000000, -0.0000000000000000000 ) ) ;
#1781 = ORIENTED_EDGE ( 'NONE', *, *, #56, .F. ) ;
#1782 = ORIENTED_EDGE ( 'NONE', *, *, #104, .T. ) ;
#1783 = CARTESIAN_POINT ( 'NONE',  ( -0.6438948910005848300, 0.6500000000000000200, 1.148317110647667500 ) ) ;
#1784 = ORIENTED_EDGE ( 'NONE', *, *, #213, .T. ) ;
#1785 = COLOUR_RGB ( '',1.000000000000000000, 1.000000000000000000, 1.000000000000000000 ) ;
#1786 = DIRECTION ( 'NONE',  ( 0.0000000000000000000, 0.0000000000000000000, -1.000000000000000000 ) ) ;
#1787 = ORIENTED_EDGE ( 'NONE', *, *, #1082, .F. ) ;
#1788 = ORIENTED_EDGE ( 'NONE', *, *, #1790, .F. ) ;
#1789 = VERTEX_POINT ( 'NONE', #1865 ) ;
#1790 = EDGE_CURVE ( 'NONE', #88, #212, #1936, .T. ) ;
#1791 = CARTESIAN_POINT ( 'NONE',  ( 1.000000000000000200, 0.7500000000000000000, 1.500000000000000000 ) ) ;
#1792 = ORIENTED_EDGE ( 'NONE', *, *, #1262, .T. ) ;
#1793 = EDGE_CURVE ( 'NONE', #188, #1462, #1071, .T. ) ;
#1794 = CARTESIAN_POINT ( 'NONE',  ( -0.1250000000000000000, -0.05000000000000002400, 1.500000000000000700 ) ) ;
#1795 = DIRECTION ( 'NONE',  ( 0.0000000000000000000, 0.0000000000000000000, -1.000000000000000000 ) ) ;
#1796 = ADVANCED_FACE ( 'NONE', ( #2069 ), #508, .F. ) ;
#1797 = ORIENTED_EDGE ( 'NONE', *, *, #1963, .F. ) ;
#1798 = CARTESIAN_POINT ( 'NONE',  ( 1.084202172485504400E-016, 0.0000000000000000000, -1.075000000000000800 ) ) ;
#1799 = CARTESIAN_POINT ( 'NONE',  ( 0.1250000000000001700, 0.1499999999999999900, -1.075000000000000800 ) ) ;
#1800 = AXIS2_PLACEMENT_3D ( 'NONE', #1822, #1634, #1835 ) ;
#1801 = ORIENTED_EDGE ( 'NONE', *, *, #319, .T. ) ;
#1802 = DIRECTION ( 'NONE',  ( 0.0000000000000000000, -0.0000000000000000000, -1.000000000000000000 ) ) ;
#1803 = VECTOR ( 'NONE', #2431, 1000.000000000000000 ) ;
#1804 = VECTOR ( 'NONE', #2199, 1000.000000000000000 ) ;
#1805 = DIRECTION ( 'NONE',  ( -1.000000000000000000, 0.0000000000000000000, -4.464361886705020600E-016 ) ) ;
#1806 = PRESENTATION_STYLE_ASSIGNMENT (( #284 ) ) ;
#1807 = CARTESIAN_POINT ( 'NONE',  ( -0.9999999999999997800, 0.7500000000000000000, -1.499999999999999300 ) ) ;
#1808 = LINE ( 'NONE', #667, #169 ) ;
#1809 = EDGE_CURVE ( 'NONE', #42, #2546, #556, .T. ) ;
#1810 = CIRCLE ( 'NONE', #1520, 0.05000000000000002400 ) ;
#1811 = VECTOR ( 'NONE', #578, 1000.000000000000000 ) ;
#1812 = PLANE ( 'NONE',  #347 ) ;
#1813 = ADVANCED_FACE ( 'NONE', ( #2392 ), #457, .F. ) ;
#1814 = CYLINDRICAL_SURFACE ( 'NONE', #1202, 0.1250000000000001100 ) ;
#1815 = CARTESIAN_POINT ( 'NONE',  ( 1.084202172485504400E-016, 0.0000000000000000000, 1.075000000000000800 ) ) ;
#1816 = VECTOR ( 'NONE', #822, 1000.000000000000100 ) ;
#1817 = CARTESIAN_POINT ( 'NONE',  ( -0.2170000000000001900, 0.0000000000000000000, 0.6119999999999998800 ) ) ;
#1818 = VERTEX_POINT ( 'NONE', #1089 ) ;
#1819 = LINE ( 'NONE', #1522, #1258 ) ;
#1820 = ORIENTED_EDGE ( 'NONE', *, *, #441, .F. ) ;
#1821 = DIRECTION ( 'NONE',  ( 6.202529590878171900E-017, 0.0000000000000000000, -1.000000000000000000 ) ) ;
#1822 = CARTESIAN_POINT ( 'NONE',  ( -0.3670000000000001600, -0.0000000000000000000, -0.5620000000000000600 ) ) ;
#1823 = AXIS2_PLACEMENT_3D ( 'NONE', #694, #1676, #1228 ) ;
#1824 = VERTEX_POINT ( 'NONE', #1659 ) ;
#1825 = CARTESIAN_POINT ( 'NONE',  ( -0.3750000000000000000, -0.05000000000000002400, -1.500000000000000700 ) ) ;
#1826 = EDGE_CURVE ( 'NONE', #2476, #2148, #949, .T. ) ;
#1827 = ORIENTED_EDGE ( 'NONE', *, *, #1401, .T. ) ;
#1828 = CARTESIAN_POINT ( 'NONE',  ( -0.6438948910005848300, 0.6500000000000000200, 1.148317110647667500 ) ) ;
#1829 = VERTEX_POINT ( 'NONE', #1861 ) ;
#1830 = ORIENTED_EDGE ( 'NONE', *, *, #2116, .F. ) ;
#1831 = CARTESIAN_POINT ( 'NONE',  ( -0.3749999999999998300, -0.05000000000000002400, 1.075000000000000800 ) ) ;
#1832 = ADVANCED_FACE ( 'NONE', ( #1188 ), #2446, .F. ) ;
#1833 = ORIENTED_EDGE ( 'NONE', *, *, #1688, .F. ) ;
#1834 = DIRECTION ( 'NONE',  ( -1.000000000000000000, 0.0000000000000000000, 0.0000000000000000000 ) ) ;
#1835 = DIRECTION ( 'NONE',  ( 0.0000000000000000000, 0.0000000000000000000, 1.000000000000000000 ) ) ;
#1836 = VECTOR ( 'NONE', #162, 1000.000000000000000 ) ;
#1837 = AXIS2_PLACEMENT_3D ( 'NONE', #2139, #1761, #348 ) ;
#1838 = CARTESIAN_POINT ( 'NONE',  ( 0.6250000000000000000, 0.1499999999999999900, 1.500000000000000700 ) ) ;
#1839 = LINE ( 'NONE', #1276, #1315 ) ;
#1840 = LINE ( 'NONE', #776, #392 ) ;
#1841 = ADVANCED_FACE ( 'NONE', ( #357 ), #2046, .F. ) ;
#1842 = DIRECTION ( 'NONE',  ( 0.0000000000000000000, -0.0000000000000000000, 1.000000000000000000 ) ) ;
#1843 = LINE ( 'NONE', #701, #1713 ) ;
#1844 = PLANE ( 'NONE',  #1546 ) ;
#1845 = EDGE_CURVE ( 'NONE', #952, #1890, #2008, .T. ) ;
#1846 = CYLINDRICAL_SURFACE ( 'NONE', #2555, 0.1250000000000001100 ) ;
#1847 = DIRECTION ( 'NONE',  ( 0.0000000000000000000, 0.0000000000000000000, 1.000000000000000000 ) ) ;
#1848 = ORIENTED_EDGE ( 'NONE', *, *, #1995, .T. ) ;
#1849 = CARTESIAN_POINT ( 'NONE',  ( 1.000000000000000200, 0.0000000000000000000, 1.500000000000000000 ) ) ;
#1850 = ADVANCED_FACE ( 'NONE', ( #1404 ), #1269, .F. ) ;
#1851 = EDGE_LOOP ( 'NONE', ( #1328, #620, #2373, #1095 ) ) ;
#1852 = VECTOR ( 'NONE', #35, 1000.000000000000000 ) ;
#1853 = EDGE_LOOP ( 'NONE', ( #1863, #2027 ) ) ;
#1854 = DIRECTION ( 'NONE',  ( 0.0000000000000000000, 0.0000000000000000000, -1.000000000000000000 ) ) ;
#1855 = DIRECTION ( 'NONE',  ( 1.000000000000000000, 0.0000000000000000000, -2.000373011965875900E-016 ) ) ;
#1856 = CARTESIAN_POINT ( 'NONE',  ( -0.2170000000000001900, 0.1499999999999999900, 0.6119999999999998800 ) ) ;
#1857 =( NAMED_UNIT ( * ) SI_UNIT ( $, .STERADIAN. ) SOLID_ANGLE_UNIT ( ) );
#1858 = ORIENTED_EDGE ( 'NONE', *, *, #2409, .F. ) ;
#1859 = CARTESIAN_POINT ( 'NONE',  ( -0.6438948910005848300, 0.6500000000000000200, 1.148317110647667500 ) ) ;
#1860 = EDGE_CURVE ( 'NONE', #202, #1976, #2182, .T. ) ;
#1861 = CARTESIAN_POINT ( 'NONE',  ( -0.4999999999999998900, 0.1499999999999999900, -0.9500000000000007300 ) ) ;
#1862 = DIRECTION ( 'NONE',  ( -0.0000000000000000000, 1.000000000000000000, -0.0000000000000000000 ) ) ;
#1863 = ORIENTED_EDGE ( 'NONE', *, *, #456, .T. ) ;
#1864 = DIRECTION ( 'NONE',  ( 0.0000000000000000000, 0.0000000000000000000, -1.000000000000000000 ) ) ;
#1865 = CARTESIAN_POINT ( 'NONE',  ( -0.1250000000000000000, -0.05000000000000002400, 1.075000000000000800 ) ) ;
#1866 = CARTESIAN_POINT ( 'NONE',  ( 0.3250000000000000100, 0.1499999999999999900, 0.6619999999999998100 ) ) ;
#1867 = AXIS2_PLACEMENT_3D ( 'NONE', #615, #1023, #2384 ) ;
#1868 = ORIENTED_EDGE ( 'NONE', *, *, #2132, .T. ) ;
#1869 = LINE ( 'NONE', #271, #2391 ) ;
#1870 = DIRECTION ( 'NONE',  ( 0.0000000000000000000, 0.0000000000000000000, 1.000000000000000000 ) ) ;
#1871 = FACE_OUTER_BOUND ( 'NONE', #2140, .T. ) ;
#1872 = CARTESIAN_POINT ( 'NONE',  ( 0.3750000000000000000, -0.05000000000000002400, 1.500000000000000700 ) ) ;
#1873 = ORIENTED_EDGE ( 'NONE', *, *, #2206, .T. ) ;
#1874 = FACE_OUTER_BOUND ( 'NONE', #1954, .T. ) ;
#1875 = VECTOR ( 'NONE', #1079, 1000.000000000000100 ) ;
#1876 = DIRECTION ( 'NONE',  ( 0.0000000000000000000, -0.0000000000000000000, -1.000000000000000000 ) ) ;
#1877 = CIRCLE ( 'NONE', #825, 0.1250000000000001100 ) ;
#1878 = CIRCLE ( 'NONE', #1696, 0.1250000000000001100 ) ;
#1879 = PRESENTATION_STYLE_ASSIGNMENT (( #2494 ) ) ;
#1880 = EDGE_CURVE ( 'NONE', #268, #2047, #818, .T. ) ;
#1881 = VERTEX_POINT ( 'NONE', #2061 ) ;
#1882 = CYLINDRICAL_SURFACE ( 'NONE', #85, 0.1250000000000001100 ) ;
#1883 = DIRECTION ( 'NONE',  ( -0.0000000000000000000, -0.0000000000000000000, 1.000000000000000000 ) ) ;
#1884 = EDGE_CURVE ( 'NONE', #593, #88, #1654, .T. ) ;
#1885 = DIRECTION ( 'NONE',  ( 0.0000000000000000000, -0.0000000000000000000, -1.000000000000000000 ) ) ;
#1886 = ORIENTED_EDGE ( 'NONE', *, *, #441, .T. ) ;
#1887 = CARTESIAN_POINT ( 'NONE',  ( -0.4170000000000002000, -0.05000000000000002400, 0.3119999999999999400 ) ) ;
#1888 = ADVANCED_FACE ( 'NONE', ( #1874 ), #419, .F. ) ;
#1889 = LINE ( 'NONE', #2368, #831 ) ;
#1890 = VERTEX_POINT ( 'NONE', #2076 ) ;
#1891 = CARTESIAN_POINT ( 'NONE',  ( -0.3750000000000000000, -0.05000000000000002400, -1.500000000000000700 ) ) ;
#1892 = AXIS2_PLACEMENT_3D ( 'NONE', #159, #1540, #351 ) ;
#1893 = DIRECTION ( 'NONE',  ( -0.0000000000000000000, 1.000000000000000000, -0.0000000000000000000 ) ) ;
#1894 = ORIENTED_EDGE ( 'NONE', *, *, #1229, .F. ) ;
#1895 = CARTESIAN_POINT ( 'NONE',  ( -0.1249999999999999400, -0.05000000000000002400, -1.075000000000000800 ) ) ;
#1896 = CLOSED_SHELL ( 'NONE', ( #1679, #259, #1733, #1221, #2198, #1029, #296 ) ) ;
#1897 = CARTESIAN_POINT ( 'NONE',  ( -0.6250000000000000000, 0.1499999999999999900, -1.075000000000000800 ) ) ;
#1898 =( GEOMETRIC_REPRESENTATION_CONTEXT ( 3 ) GLOBAL_UNCERTAINTY_ASSIGNED_CONTEXT ( ( #637 ) ) GLOBAL_UNIT_ASSIGNED_CONTEXT ( ( #2319, #571, #378 ) ) REPRESENTATION_CONTEXT ( 'NONE', 'WORKASPACE' ) );
#1899 = ORIENTED_EDGE ( 'NONE', *, *, #2233, .F. ) ;
#1900 = CARTESIAN_POINT ( 'NONE',  ( 0.3249999999999996800, 0.0000000000000000000, 0.6119999999999997700 ) ) ;
#1901 = EDGE_CURVE ( 'NONE', #1492, #165, #426, .T. ) ;
#1902 = ORIENTED_EDGE ( 'NONE', *, *, #530, .F. ) ;
#1903 = CARTESIAN_POINT ( 'NONE',  ( 0.3249999999999996800, 0.0000000000000000000, -0.6120000000000001000 ) ) ;
#1904 = CARTESIAN_POINT ( 'NONE',  ( 0.6250000000000000000, -0.05000000000000002400, -1.500000000000000700 ) ) ;
#1905 =( NAMED_UNIT ( * ) SI_UNIT ( $, .STERADIAN. ) SOLID_ANGLE_UNIT ( ) );
#1906 = EDGE_LOOP ( 'NONE', ( #152, #2078, #2481, #263 ) ) ;
#1907 = DIRECTION ( 'NONE',  ( 0.0000000000000000000, -1.000000000000000000, 0.0000000000000000000 ) ) ;
#1908 = ORIENTED_EDGE ( 'NONE', *, *, #920, .F. ) ;
#1909 = LINE ( 'NONE', #716, #1371 ) ;
#1910 = LINE ( 'NONE', #1545, #821 ) ;
#1911 = CARTESIAN_POINT ( 'NONE',  ( 0.3750000000000000000, -0.05000000000000002400, 1.500000000000000700 ) ) ;
#1912 = ADVANCED_FACE ( 'NONE', ( #2461 ), #1436, .F. ) ;
#1913 = ORIENTED_EDGE ( 'NONE', *, *, #933, .T. ) ;
#1914 = EDGE_CURVE ( 'NONE', #1818, #2148, #1132, .T. ) ;
#1915 = VECTOR ( 'NONE', #2045, 1000.000000000000000 ) ;
#1916 = DIRECTION ( 'NONE',  ( 0.0000000000000000000, 0.0000000000000000000, -1.000000000000000000 ) ) ;
#1917 = VERTEX_POINT ( 'NONE', #1493 ) ;
#1918 = VERTEX_POINT ( 'NONE', #2483 ) ;
#1919 = CARTESIAN_POINT ( 'NONE',  ( -0.4170000000000001500, -0.0000000000000000000, -0.5619999999999998300 ) ) ;
#1920 = CARTESIAN_POINT ( 'NONE',  ( 0.6250000000000000000, 0.1499999999999999900, 1.500000000000000700 ) ) ;
#1921 = ADVANCED_FACE ( 'NONE', ( #492 ), #1692, .F. ) ;
#1922 = ADVANCED_FACE ( 'NONE', ( #2528 ), #2294, .F. ) ;
#1923 = ORIENTED_EDGE ( 'NONE', *, *, #2473, .T. ) ;
#1924 = AXIS2_PLACEMENT_3D ( 'NONE', #1767, #595, #990 ) ;
#1925 = DIRECTION ( 'NONE',  ( 1.000000000000000000, 0.0000000000000000000, -0.0000000000000000000 ) ) ;
#1926 = EDGE_CURVE ( 'NONE', #59, #1638, #889, .T. ) ;
#1927 = VERTEX_POINT ( 'NONE', #315 ) ;
#1928 = PLANE ( 'NONE',  #858 ) ;
#1929 = EDGE_CURVE ( 'NONE', #2463, #1735, #1537, .T. ) ;
#1930 = DIRECTION ( 'NONE',  ( -0.0000000000000000000, -1.000000000000000000, -0.0000000000000000000 ) ) ;
#1931 = ORIENTED_EDGE ( 'NONE', *, *, #435, .T. ) ;
#1932 = CARTESIAN_POINT ( 'NONE',  ( -0.6250000000000000000, 0.1499999999999999900, 1.500000000000000700 ) ) ;
#1933 = VECTOR ( 'NONE', #1925, 1000.000000000000000 ) ;
#1934 = FACE_OUTER_BOUND ( 'NONE', #2195, .T. ) ;
#1935 = CARTESIAN_POINT ( 'NONE',  ( -0.1250000000000000000, 0.1499999999999999900, -1.500000000000000700 ) ) ;
#1936 = CIRCLE ( 'NONE', #1635, 0.1250000000000001100 ) ;
#1937 = VECTOR ( 'NONE', #1295, 1000.000000000000000 ) ;
#1938 = CIRCLE ( 'NONE', #654, 0.1250000000000001100 ) ;
#1939 = DIRECTION ( 'NONE',  ( -3.826595902890016700E-016, 0.0000000000000000000, -1.000000000000000000 ) ) ;
#1940 = ORIENTED_EDGE ( 'NONE', *, *, #1901, .F. ) ;
#1941 = STYLED_ITEM ( 'NONE', ( #1716 ), #238 ) ;
#1942 = DIRECTION ( 'NONE',  ( 1.000000000000000000, 0.0000000000000000000, 0.0000000000000000000 ) ) ;
#1943 = EDGE_LOOP ( 'NONE', ( #2053, #1256, #1421, #1499, #2063, #2184, #2438, #711, #676, #1412, #1398, #1630 ) ) ;
#1944 = VECTOR ( 'NONE', #827, 1000.000000000000000 ) ;
#1945 =( GEOMETRIC_REPRESENTATION_CONTEXT ( 3 ) GLOBAL_UNCERTAINTY_ASSIGNED_CONTEXT ( ( #562 ) ) GLOBAL_UNIT_ASSIGNED_CONTEXT ( ( #1360, #181, #2537 ) ) REPRESENTATION_CONTEXT ( 'NONE', 'WORKASPACE' ) );
#1946 = ADVANCED_FACE ( 'NONE', ( #1472 ), #1300, .F. ) ;
#1947 = ORIENTED_EDGE ( 'NONE', *, *, #608, .T. ) ;
#1948 = VERTEX_POINT ( 'NONE', #699 ) ;
#1949 = FILL_AREA_STYLE ('',( #567 ) ) ;
#1950 = EDGE_CURVE ( 'NONE', #212, #1559, #76, .T. ) ;
#1951 = CARTESIAN_POINT ( 'NONE',  ( 1.000000000000000200, 0.0000000000000000000, 1.500000000000000000 ) ) ;
#1952 = FILL_AREA_STYLE ('',( #577 ) ) ;
#1953 = CARTESIAN_POINT ( 'NONE',  ( -0.3669999999999998300, 0.1499999999999999900, -0.6120000000000001000 ) ) ;
#1954 = EDGE_LOOP ( 'NONE', ( #512, #2421, #375, #1135 ) ) ;
#1955 = ORIENTED_EDGE ( 'NONE', *, *, #319, .F. ) ;
#1956 = DIRECTION ( 'NONE',  ( 0.0000000000000000000, -1.000000000000000000, 0.0000000000000000000 ) ) ;
#1957 = VERTEX_POINT ( 'NONE', #137 ) ;
#1958 = STYLED_ITEM ( 'NONE', ( #1879 ), #2272 ) ;
#1959 = ORIENTED_EDGE ( 'NONE', *, *, #1929, .F. ) ;
#1960 = DIRECTION ( 'NONE',  ( 0.0000000000000000000, 0.0000000000000000000, -1.000000000000000000 ) ) ;
#1961 = ORIENTED_EDGE ( 'NONE', *, *, #1610, .T. ) ;
#1962 =( LENGTH_UNIT ( ) NAMED_UNIT ( * ) SI_UNIT ( .MILLI., .METRE. ) );
#1963 = EDGE_CURVE ( 'NONE', #1237, #2242, #1284, .T. ) ;
#1964 = CARTESIAN_POINT ( 'NONE',  ( -0.2170000000000001900, 0.0000000000000000000, 0.6119999999999998800 ) ) ;
#1965 = ORIENTED_EDGE ( 'NONE', *, *, #1413, .T. ) ;
#1966 = CARTESIAN_POINT ( 'NONE',  ( -0.4999999999999998900, 0.1499999999999999900, 1.075000000000000800 ) ) ;
#1967 = VECTOR ( 'NONE', #573, 1000.000000000000000 ) ;
#1968 = ORIENTED_EDGE ( 'NONE', *, *, #1362, .F. ) ;
#1969 = DIRECTION ( 'NONE',  ( -0.0000000000000000000, 0.0000000000000000000, -1.000000000000000000 ) ) ;
#1970 = FACE_OUTER_BOUND ( 'NONE', #157, .T. ) ;
#1971 = LINE ( 'NONE', #2158, #113 ) ;
#1972 = VECTOR ( 'NONE', #1484, 1000.000000000000000 ) ;
#1973 = CARTESIAN_POINT ( 'NONE',  ( 0.3249999999999996800, 0.1499999999999999900, 0.6119999999999997700 ) ) ;
#1974 = FACE_OUTER_BOUND ( 'NONE', #1662, .T. ) ;
#1975 = DIRECTION ( 'NONE',  ( 0.0000000000000000000, -1.000000000000000000, 0.0000000000000000000 ) ) ;
#1976 = VERTEX_POINT ( 'NONE', #710 ) ;
#1977 = SURFACE_STYLE_FILL_AREA ( #635 ) ;
#1978 = PRODUCT_DEFINITION ( 'UNKNOWN', '', #80, #2060 ) ;
#1979 = CARTESIAN_POINT ( 'NONE',  ( 1.000000000000000200, 0.7500000000000000000, -1.499999999999999800 ) ) ;
#1980 = VERTEX_POINT ( 'NONE', #2493 ) ;
#1981 = AXIS2_PLACEMENT_3D ( 'NONE', #1828, #1618, #2213 ) ;
#1982 = ORIENTED_EDGE ( 'NONE', *, *, #1277, .T. ) ;
#1983 = DIRECTION ( 'NONE',  ( -1.000000000000000000, 0.0000000000000000000, 2.168404344971008900E-016 ) ) ;
#1984 = CARTESIAN_POINT ( 'NONE',  ( 1.000000000000000200, 0.0000000000000000000, -1.499999999999999800 ) ) ;
#1985 = EDGE_CURVE ( 'NONE', #1449, #1917, #1065, .T. ) ;
#1986 = DIRECTION ( 'NONE',  ( -0.0000000000000000000, -0.0000000000000000000, -1.000000000000000000 ) ) ;
#1987 = ORIENTED_EDGE ( 'NONE', *, *, #184, .F. ) ;
#1988 = CARTESIAN_POINT ( 'NONE',  ( 0.1250000000000001700, 0.0000000000000000000, -1.075000000000000800 ) ) ;
#1989 = CARTESIAN_POINT ( 'NONE',  ( -0.4170000000000002000, 0.1499999999999999900, 0.3119999999999999400 ) ) ;
#1990 = CLOSED_SHELL ( 'NONE', ( #537, #443, #133, #334 ) ) ;
#1991 = AXIS2_PLACEMENT_3D ( 'NONE', #1667, #1253, #2448 ) ;
#1992 =( LENGTH_UNIT ( ) NAMED_UNIT ( * ) SI_UNIT ( .MILLI., .METRE. ) );
#1993 = EDGE_LOOP ( 'NONE', ( #645, #444, #616, #1084, #2031, #1147, #200, #1425, #1757, #236, #2354, #961 ) ) ;
#1994 = DIRECTION ( 'NONE',  ( 0.0000000000000000000, 0.0000000000000000000, -1.000000000000000000 ) ) ;
#1995 = EDGE_CURVE ( 'NONE', #2412, #2141, #289, .T. ) ;
#1996 = CARTESIAN_POINT ( 'NONE',  ( -0.6250000000000000000, 0.1499999999999999900, 1.075000000000000800 ) ) ;
#1997 = EDGE_LOOP ( 'NONE', ( #1788, #242, #1323, #2514 ) ) ;
#1998 = FACE_OUTER_BOUND ( 'NONE', #2468, .T. ) ;
#1999 = FACE_OUTER_BOUND ( 'NONE', #1196, .T. ) ;
#2000 = DIRECTION ( 'NONE',  ( -0.0000000000000000000, -1.000000000000000000, -0.0000000000000000000 ) ) ;
#2001 = VERTEX_POINT ( 'NONE', #1920 ) ;
#2002 = VECTOR ( 'NONE', #300, 1000.000000000000000 ) ;
#2003 = VECTOR ( 'NONE', #1099, 1000.000000000000000 ) ;
#2004 = FACE_OUTER_BOUND ( 'NONE', #1585, .T. ) ;
#2005 = FACE_OUTER_BOUND ( 'NONE', #1423, .T. ) ;
#2006 = DIRECTION ( 'NONE',  ( 0.0000000000000000000, 0.0000000000000000000, -1.000000000000000000 ) ) ;
#2007 = ORIENTED_EDGE ( 'NONE', *, *, #1605, .T. ) ;
#2008 = LINE ( 'NONE', #58, #2077 ) ;
#2009 = ORIENTED_EDGE ( 'NONE', *, *, #1542, .T. ) ;
#2010 = SURFACE_SIDE_STYLE ('',( #1977 ) ) ;
#2011 = ORIENTED_EDGE ( 'NONE', *, *, #1191, .T. ) ;
#2012 = AXIS2_PLACEMENT_3D ( 'NONE', #2029, #2276, #1087 ) ;
#2013 = EDGE_LOOP ( 'NONE', ( #1666, #1465, #2447, #785 ) ) ;
#2014 = VECTOR ( 'NONE', #921, 1000.000000000000000 ) ;
#2015 = CARTESIAN_POINT ( 'NONE',  ( 0.1250000000000000000, 0.0000000000000000000, -1.500000000000000700 ) ) ;
#2016 = VERTEX_POINT ( 'NONE', #929 ) ;
#2017 = UNCERTAINTY_MEASURE_WITH_UNIT (LENGTH_MEASURE( 1.000000000000000100E-005 ), #1962, 'distance_accuracy_value', 'NONE');
#2018 = CARTESIAN_POINT ( 'NONE',  ( -0.4170000000000002000, 0.1499999999999999900, 0.3119999999999999400 ) ) ;
#2019 = ADVANCED_FACE ( 'NONE', ( #19 ), #1508, .T. ) ;
#2020 = VERTEX_POINT ( 'NONE', #1281 ) ;
#2021 = EDGE_CURVE ( 'NONE', #2185, #1638, #1411, .T. ) ;
#2022 = DIRECTION ( 'NONE',  ( -0.0000000000000000000, 1.000000000000000000, -0.0000000000000000000 ) ) ;
#2023 = SURFACE_STYLE_USAGE ( .BOTH. , #2010 ) ;
#2024 = ORIENTED_EDGE ( 'NONE', *, *, #1483, .T. ) ;
#2025 = EDGE_CURVE ( 'NONE', #2167, #2135, #2334, .T. ) ;
#2026 = ORIENTED_EDGE ( 'NONE', *, *, #2274, .F. ) ;
#2027 = ORIENTED_EDGE ( 'NONE', *, *, #1314, .T. ) ;
#2028 =( GEOMETRIC_REPRESENTATION_CONTEXT ( 3 ) GLOBAL_UNCERTAINTY_ASSIGNED_CONTEXT ( ( #90 ) ) GLOBAL_UNIT_ASSIGNED_CONTEXT ( ( #1992, #1579, #601 ) ) REPRESENTATION_CONTEXT ( 'NONE', 'WORKASPACE' ) );
#2029 = CARTESIAN_POINT ( 'NONE',  ( -0.6438948910005848300, 0.7500000000000000000, 1.148317110647667500 ) ) ;
#2030 = CARTESIAN_POINT ( 'NONE',  ( -0.1250000000000000000, 0.1499999999999999900, -1.500000000000000700 ) ) ;
#2031 = ORIENTED_EDGE ( 'NONE', *, *, #672, .T. ) ;
#2032 = AXIS2_PLACEMENT_3D ( 'NONE', #539, #2129, #534 ) ;
#2033 = DIRECTION ( 'NONE',  ( 1.000000000000000000, -0.0000000000000000000, 3.826595902890016700E-016 ) ) ;
#2034 = ORIENTED_EDGE ( 'NONE', *, *, #2306, .F. ) ;
#2035 = CARTESIAN_POINT ( 'NONE',  ( 0.1250000000000000000, -0.05000000000000002400, -1.500000000000000700 ) ) ;
#2036 = FACE_OUTER_BOUND ( 'NONE', #1020, .T. ) ;
#2037 = EDGE_CURVE ( 'NONE', #2352, #1431, #1590, .T. ) ;
#2038 = LINE ( 'NONE', #1831, #669 ) ;
#2039 = VECTOR ( 'NONE', #1569, 1000.000000000000000 ) ;
#2040 = DIRECTION ( 'NONE',  ( -0.0000000000000000000, 1.000000000000000000, -0.0000000000000000000 ) ) ;
#2041 = DIRECTION ( 'NONE',  ( -0.0000000000000000000, 0.0000000000000000000, 1.000000000000000000 ) ) ;
#2042 = DIRECTION ( 'NONE',  ( 0.0000000000000000000, 1.000000000000000000, 0.0000000000000000000 ) ) ;
#2043 = EDGE_LOOP ( 'NONE', ( #158, #1940, #2397, #1395 ) ) ;
#2044 = ORIENTED_EDGE ( 'NONE', *, *, #2523, .F. ) ;
#2045 = DIRECTION ( 'NONE',  ( -0.0000000000000000000, 1.000000000000000000, -0.0000000000000000000 ) ) ;
#2046 = PLANE ( 'NONE',  #255 ) ;
#2047 = VERTEX_POINT ( 'NONE', #429 ) ;
#2048 = DIRECTION ( 'NONE',  ( -1.000000000000000000, 0.0000000000000000000, -6.202529590878173100E-017 ) ) ;
#2049 = AXIS2_PLACEMENT_3D ( 'NONE', #1633, #1834, #1847 ) ;
#2050 = PLANE ( 'NONE',  #1506 ) ;
#2051 = CARTESIAN_POINT ( 'NONE',  ( -0.6250000000000000000, 0.1499999999999999900, -1.500000000000000700 ) ) ;
#2052 = EDGE_CURVE ( 'NONE', #843, #1881, #1007, .T. ) ;
#2053 = ORIENTED_EDGE ( 'NONE', *, *, #1058, .F. ) ;
#2054 = DIRECTION ( 'NONE',  ( 0.0000000000000000000, -1.000000000000000000, 0.0000000000000000000 ) ) ;
#2055 = CARTESIAN_POINT ( 'NONE',  ( -0.6250000000000000000, -0.0000000000000000000, -1.500000000000000700 ) ) ;
#2056 = DIRECTION ( 'NONE',  ( -0.0000000000000000000, 1.000000000000000000, -0.0000000000000000000 ) ) ;
#2057 = ORIENTED_EDGE ( 'NONE', *, *, #1884, .T. ) ;
#2058 = STYLED_ITEM ( 'NONE', ( #1534 ), #1461 ) ;
#2059 = CARTESIAN_POINT ( 'NONE',  ( -0.4999999999999998900, 0.1499999999999999900, 1.075000000000000800 ) ) ;
#2060 = PRODUCT_DEFINITION_CONTEXT ( 'detailed design', #1740, 'design' ) ;
#2061 = CARTESIAN_POINT ( 'NONE',  ( -0.6250000000000000000, -0.05000000000000002400, 1.075000000000000800 ) ) ;
#2062 = CARTESIAN_POINT ( 'NONE',  ( -0.2170000000000001900, 0.1499999999999999900, 0.6119999999999998800 ) ) ;
#2063 = ORIENTED_EDGE ( 'NONE', *, *, #2403, .F. ) ;
#2064 = LINE ( 'NONE', #2444, #483 ) ;
#2065 = VECTOR ( 'NONE', #1564, 1000.000000000000000 ) ;
#2066 = EDGE_CURVE ( 'NONE', #83, #2020, #650, .T. ) ;
#2067 = VERTEX_POINT ( 'NONE', #418 ) ;
#2068 = DIRECTION ( 'NONE',  ( -0.0000000000000000000, 1.000000000000000000, -0.0000000000000000000 ) ) ;
#2069 = FACE_OUTER_BOUND ( 'NONE', #1673, .T. ) ;
#2070 = VECTOR ( 'NONE', #2088, 1000.000000000000000 ) ;
#2071 = VECTOR ( 'NONE', #182, 1000.000000000000000 ) ;
#2072 = LINE ( 'NONE', #1197, #1010 ) ;
#2073 = DIRECTION ( 'NONE',  ( -0.0000000000000000000, 0.0000000000000000000, 1.000000000000000000 ) ) ;
#2074 = EDGE_CURVE ( 'NONE', #1599, #745, #2212, .T. ) ;
#2075 = CYLINDRICAL_SURFACE ( 'NONE', #2367, 0.1250000000000001100 ) ;
#2076 = CARTESIAN_POINT ( 'NONE',  ( 0.6250000000000000000, -0.05000000000000002400, -1.500000000000000700 ) ) ;
#2077 = VECTOR ( 'NONE', #2228, 1000.000000000000000 ) ;
#2078 = ORIENTED_EDGE ( 'NONE', *, *, #104, .F. ) ;
#2079 =( LENGTH_UNIT ( ) NAMED_UNIT ( * ) SI_UNIT ( .MILLI., .METRE. ) );
#2080 = ORIENTED_EDGE ( 'NONE', *, *, #1809, .F. ) ;
#2081 = PRESENTATION_STYLE_ASSIGNMENT (( #2353 ) ) ;
#2082 = ORIENTED_EDGE ( 'NONE', *, *, #160, .F. ) ;
#2083 = DIRECTION ( 'NONE',  ( -1.000000000000000000, 0.0000000000000000000, 3.252606517456513300E-016 ) ) ;
#2084 = CARTESIAN_POINT ( 'NONE',  ( 0.1250000000000001700, 0.0000000000000000000, 1.075000000000000800 ) ) ;
#2085 = DIRECTION ( 'NONE',  ( 0.0000000000000000000, 0.0000000000000000000, 1.000000000000000000 ) ) ;
#2086 = EDGE_LOOP ( 'NONE', ( #2414, #2316, #734, #2057, #741 ) ) ;
#2087 = CARTESIAN_POINT ( 'NONE',  ( 0.3750000000000000000, 0.1499999999999999900, -1.500000000000000700 ) ) ;
#2088 = DIRECTION ( 'NONE',  ( 0.0000000000000000000, 0.0000000000000000000, -1.000000000000000000 ) ) ;
#2089 = DIRECTION ( 'NONE',  ( 0.0000000000000000000, 0.0000000000000000000, -1.000000000000000000 ) ) ;
#2090 = AXIS2_PLACEMENT_3D ( 'NONE', #1753, #582, #1768 ) ;
#2091 = EDGE_CURVE ( 'NONE', #2148, #1976, #2277, .T. ) ;
#2092 = ORIENTED_EDGE ( 'NONE', *, *, #2132, .F. ) ;
#2093 = DIRECTION ( 'NONE',  ( 0.0000000000000000000, 0.0000000000000000000, -1.000000000000000000 ) ) ;
#2094 = ORIENTED_EDGE ( 'NONE', *, *, #2563, .F. ) ;
#2095 = CARTESIAN_POINT ( 'NONE',  ( 0.1250000000000000000, 0.1499999999999999900, 1.500000000000000700 ) ) ;
#2096 = VECTOR ( 'NONE', #1151, 1000.000000000000000 ) ;
#2097 = CARTESIAN_POINT ( 'NONE',  ( 0.1250000000000000000, 0.1499999999999999900, -1.500000000000000700 ) ) ;
#2098 = CYLINDRICAL_SURFACE ( 'NONE', #750, 0.05000000000000002400 ) ;
#2099 = CARTESIAN_POINT ( 'NONE',  ( -0.2170000000000001900, -0.05000000000000002400, 0.6119999999999998800 ) ) ;
#2100 = LINE ( 'NONE', #789, #291 ) ;
#2101 = FACE_OUTER_BOUND ( 'NONE', #2298, .T. ) ;
#2102 = FACE_OUTER_BOUND ( 'NONE', #1512, .T. ) ;
#2103 = EDGE_CURVE ( 'NONE', #1541, #1789, #1217, .T. ) ;
#2104 = CARTESIAN_POINT ( 'NONE',  ( -0.3750000000000000000, 0.1499999999999999900, -1.500000000000000700 ) ) ;
#2105 = ORIENTED_EDGE ( 'NONE', *, *, #869, .F. ) ;
#2106 = ADVANCED_FACE ( 'NONE', ( #2338 ), #1814, .F. ) ;
#2107 = CARTESIAN_POINT ( 'NONE',  ( -0.6438948910005848300, 0.6500000000000000200, 1.277666045479279000 ) ) ;
#2108 = VERTEX_POINT ( 'NONE', #410 ) ;
#2109 = DIRECTION ( 'NONE',  ( 1.000000000000000000, 0.0000000000000000000, 0.0000000000000000000 ) ) ;
#2110 = ORIENTED_EDGE ( 'NONE', *, *, #1024, .F. ) ;
#2111 = DIRECTION ( 'NONE',  ( -0.0000000000000000000, -1.000000000000000000, -0.0000000000000000000 ) ) ;
#2112 = ADVANCED_FACE ( 'NONE', ( #1039 ), #1607, .F. ) ;
#2113 = DIRECTION ( 'NONE',  ( 0.0000000000000000000, -1.000000000000000000, 0.0000000000000000000 ) ) ;
#2114 = MECHANICAL_DESIGN_GEOMETRIC_PRESENTATION_REPRESENTATION (  '', ( #1941 ), #963 ) ;
#2115 = EDGE_LOOP ( 'NONE', ( #1240, #1422, #849, #536, #830, #652, #1606, #1259, #178, #1031, #2193, #332, #1475, #1699, #935, #1820, #163, #2474, #1233, #662, #1643, #1148, #2044, #845, #1968, #899, #403, #985, #636, #86 ) ) ;
#2116 = EDGE_CURVE ( 'NONE', #2196, #2016, #2495, .T. ) ;
#2117 = ORIENTED_EDGE ( 'NONE', *, *, #1478, .F. ) ;
#2118 = DIRECTION ( 'NONE',  ( -0.0000000000000000000, 1.000000000000000000, -0.0000000000000000000 ) ) ;
#2119 = DIRECTION ( 'NONE',  ( -0.0000000000000000000, -1.000000000000000000, -0.0000000000000000000 ) ) ;
#2120 = DIRECTION ( 'NONE',  ( 0.0000000000000000000, 0.0000000000000000000, -1.000000000000000000 ) ) ;
#2121 = DIRECTION ( 'NONE',  ( 0.0000000000000000000, 0.0000000000000000000, -1.000000000000000000 ) ) ;
#2122 = ORIENTED_EDGE ( 'NONE', *, *, #26, .T. ) ;
#2123 = VECTOR ( 'NONE', #680, 1000.000000000000000 ) ;
#2124 = CARTESIAN_POINT ( 'NONE',  ( -0.1250000000000000000, -0.05000000000000002400, 1.500000000000000700 ) ) ;
#2125 = VECTOR ( 'NONE', #521, 1000.000000000000000 ) ;
#2126 = DIRECTION ( 'NONE',  ( -0.0000000000000000000, 1.000000000000000000, -0.0000000000000000000 ) ) ;
#2127 = VECTOR ( 'NONE', #1310, 1000.000000000000000 ) ;
#2128 = FACE_OUTER_BOUND ( 'NONE', #1570, .T. ) ;
#2129 = DIRECTION ( 'NONE',  ( -0.0000000000000000000, 1.000000000000000000, -0.0000000000000000000 ) ) ;
#2130 = VECTOR ( 'NONE', #1265, 1000.000000000000000 ) ;
#2131 = ORIENTED_EDGE ( 'NONE', *, *, #2523, .T. ) ;
#2132 = EDGE_CURVE ( 'NONE', #952, #1294, #77, .T. ) ;
#2133 = CIRCLE ( 'NONE', #2371, 0.05000000000000002400 ) ;
#2134 = VERTEX_POINT ( 'NONE', #794 ) ;
#2135 = VERTEX_POINT ( 'NONE', #628 ) ;
#2136 = LINE ( 'NONE', #1746, #1600 ) ;
#2137 = ORIENTED_EDGE ( 'NONE', *, *, #2286, .F. ) ;
#2138 = CARTESIAN_POINT ( 'NONE',  ( 0.3750000000000000000, -0.05000000000000002400, 1.500000000000000700 ) ) ;
#2139 = CARTESIAN_POINT ( 'NONE',  ( 1.084202172485504400E-016, -0.05000000000000002400, 1.075000000000000800 ) ) ;
#2140 = EDGE_LOOP ( 'NONE', ( #427, #301, #2117, #2350 ) ) ;
#2141 = VERTEX_POINT ( 'NONE', #2372 ) ;
#2142 = DIRECTION ( 'NONE',  ( -1.000000000000000000, 0.0000000000000000000, 2.000373011965875900E-016 ) ) ;
#2143 = ADVANCED_FACE ( 'NONE', ( #114 ), #1181, .F. ) ;
#2144 = CARTESIAN_POINT ( 'NONE',  ( -0.4999999999999998900, -0.05000000000000002400, -1.075000000000000800 ) ) ;
#2145 = EDGE_CURVE ( 'NONE', #2067, #1178, #2561, .T. ) ;
#2146 = ORIENTED_EDGE ( 'NONE', *, *, #1393, .F. ) ;
#2147 = CARTESIAN_POINT ( 'NONE',  ( 0.1250000000000001900, -0.05000000000000002400, 1.075000000000000800 ) ) ;
#2148 = VERTEX_POINT ( 'NONE', #605 ) ;
#2149 = EDGE_CURVE ( 'NONE', #2047, #268, #1776, .T. ) ;
#2150 = PLANE ( 'NONE',  #2337 ) ;
#2151 = DIRECTION ( 'NONE',  ( 0.0000000000000000000, -1.000000000000000000, 0.0000000000000000000 ) ) ;
#2152 = ADVANCED_FACE ( 'NONE', ( #523 ), #1381, .F. ) ;
#2153 = VECTOR ( 'NONE', #2538, 1000.000000000000000 ) ;
#2154 = LINE ( 'NONE', #1352, #1102 ) ;
#2155 = AXIS2_PLACEMENT_3D ( 'NONE', #105, #671, #1490 ) ;
#2156 = VECTOR ( 'NONE', #1780, 1000.000000000000000 ) ;
#2157 = DIRECTION ( 'NONE',  ( 0.0000000000000000000, 1.000000000000000000, 0.0000000000000000000 ) ) ;
#2158 = CARTESIAN_POINT ( 'NONE',  ( -0.6250000000000000000, 0.1499999999999999900, 1.500000000000000700 ) ) ;
#2159 = AXIS2_PLACEMENT_3D ( 'NONE', #755, #1141, #2529 ) ;
#2160 = APPLICATION_CONTEXT ( 'automotive_design' ) ;
#2161 = ORIENTED_EDGE ( 'NONE', *, *, #2340, .T. ) ;
#2162 = ORIENTED_EDGE ( 'NONE', *, *, #848, .F. ) ;
#2163 = PLANE ( 'NONE',  #387 ) ;
#2164 = EDGE_CURVE ( 'NONE', #2441, #1143, #256, .T. ) ;
#2165 = DIRECTION ( 'NONE',  ( -2.000373011965875900E-016, 0.0000000000000000000, -1.000000000000000000 ) ) ;
#2166 = CARTESIAN_POINT ( 'NONE',  ( -0.1249999999999999400, 0.1499999999999999900, -1.075000000000000800 ) ) ;
#2167 = VERTEX_POINT ( 'NONE', #93 ) ;
#2168 = AXIS2_PLACEMENT_3D ( 'NONE', #1904, #2475, #905 ) ;
#2169 = DIRECTION ( 'NONE',  ( 0.0000000000000000000, 0.0000000000000000000, -1.000000000000000000 ) ) ;
#2170 = ORIENTED_EDGE ( 'NONE', *, *, #2021, .F. ) ;
#2171 = DIRECTION ( 'NONE',  ( -0.0000000000000000000, 1.000000000000000000, -0.0000000000000000000 ) ) ;
#2172 = ORIENTED_EDGE ( 'NONE', *, *, #583, .F. ) ;
#2173 = EDGE_CURVE ( 'NONE', #212, #702, #611, .T. ) ;
#2174 = DIRECTION ( 'NONE',  ( -1.000000000000000000, 0.0000000000000000000, 2.168404344971008900E-016 ) ) ;
#2175 = DIRECTION ( 'NONE',  ( -0.0000000000000000000, -1.000000000000000000, -0.0000000000000000000 ) ) ;
#2176 = DIRECTION ( 'NONE',  ( 0.0000000000000000000, 0.0000000000000000000, -1.000000000000000000 ) ) ;
#2177 = LINE ( 'NONE', #1267, #851 ) ;
#2178 = VECTOR ( 'NONE', #2426, 1000.000000000000100 ) ;
#2179 = VECTOR ( 'NONE', #1775, 1000.000000000000000 ) ;
#2180 = CARTESIAN_POINT ( 'NONE',  ( -0.3750000000000000000, -0.05000000000000002400, 1.500000000000000700 ) ) ;
#2181 = AXIS2_PLACEMENT_3D ( 'NONE', #1016, #402, #809 ) ;
#2182 = LINE ( 'NONE', #693, #882 ) ;
#2183 = CARTESIAN_POINT ( 'NONE',  ( -0.4170000000000002000, 0.1499999999999999900, 0.3119999999999999400 ) ) ;
#2184 = ORIENTED_EDGE ( 'NONE', *, *, #604, .F. ) ;
#2185 = VERTEX_POINT ( 'NONE', #2087 ) ;
#2186 = CARTESIAN_POINT ( 'NONE',  ( -0.3750000000000000000, -0.05000000000000002400, -1.500000000000000700 ) ) ;
#2187 = EDGE_LOOP ( 'NONE', ( #2565, #1731, #1364, #1420 ) ) ;
#2188 = EDGE_CURVE ( 'NONE', #1375, #2383, #52, .T. ) ;
#2189 = LINE ( 'NONE', #106, #2281 ) ;
#2190 = VERTEX_POINT ( 'NONE', #826 ) ;
#2191 = CARTESIAN_POINT ( 'NONE',  ( 1.000000000000000200, 0.7500000000000000000, 1.500000000000000000 ) ) ;
#2192 = EDGE_CURVE ( 'NONE', #1980, #186, #1843, .T. ) ;
#2193 = ORIENTED_EDGE ( 'NONE', *, *, #2322, .F. ) ;
#2194 = CARTESIAN_POINT ( 'NONE',  ( 0.1250000000000001700, 0.1499999999999999900, 1.075000000000000800 ) ) ;
#2195 = EDGE_LOOP ( 'NONE', ( #2248, #2498, #1321, #2262 ) ) ;
#2196 = VERTEX_POINT ( 'NONE', #2258 ) ;
#2197 = DIRECTION ( 'NONE',  ( -3.826595902890017200E-016, 0.0000000000000000000, 1.000000000000000000 ) ) ;
#2198 = ADVANCED_FACE ( 'NONE', ( #2102 ), #981, .T. ) ;
#2199 = DIRECTION ( 'NONE',  ( -0.0000000000000000000, -1.000000000000000000, -0.0000000000000000000 ) ) ;
#2200 = DIRECTION ( 'NONE',  ( 3.826595902890017200E-016, 0.0000000000000000000, 1.000000000000000000 ) ) ;
#2201 = ORIENTED_EDGE ( 'NONE', *, *, #2274, .T. ) ;
#2202 = PRESENTATION_LAYER_ASSIGNMENT (  '', '', ( #436 ) ) ;
#2203 = EDGE_LOOP ( 'NONE', ( #895, #310, #204, #2161 ) ) ;
#2204 = DIRECTION ( 'NONE',  ( -0.0000000000000000000, 0.0000000000000000000, -1.000000000000000000 ) ) ;
#2205 = DIRECTION ( 'NONE',  ( -0.0000000000000000000, -1.000000000000000000, -0.0000000000000000000 ) ) ;
#2206 = EDGE_CURVE ( 'NONE', #724, #1139, #1438, .T. ) ;
#2207 = FACE_OUTER_BOUND ( 'NONE', #1598, .T. ) ;
#2208 = PLANE ( 'NONE',  #1683 ) ;
#2209 = CIRCLE ( 'NONE', #1701, 0.05000000000000002400 ) ;
#2210 = LINE ( 'NONE', #1030, #1681 ) ;
#2211 = LINE ( 'NONE', #1668, #2130 ) ;
#2212 = CIRCLE ( 'NONE', #1717, 0.1250000000000001100 ) ;
#2213 = DIRECTION ( 'NONE',  ( 0.0000000000000000000, -0.0000000000000000000, 1.000000000000000000 ) ) ;
#2214 = AXIS2_PLACEMENT_3D ( 'NONE', #1685, #49, #2457 ) ;
#2215 = ORIENTED_EDGE ( 'NONE', *, *, #813, .F. ) ;
#2216 = LINE ( 'NONE', #2310, #179 ) ;
#2217 = ORIENTED_EDGE ( 'NONE', *, *, #1159, .F. ) ;
#2218 = CARTESIAN_POINT ( 'NONE',  ( 0.3750000000000000000, 0.0000000000000000000, 1.500000000000000700 ) ) ;
#2219 = EDGE_CURVE ( 'NONE', #751, #1725, #1127, .T. ) ;
#2220 = ADVANCED_FACE ( 'NONE', ( #174 ), #307, .F. ) ;
#2221 = CARTESIAN_POINT ( 'NONE',  ( -0.6438948910005848300, 0.7500000000000000000, 1.148317110647667500 ) ) ;
#2222 = ADVANCED_FACE ( 'NONE', ( #455 ), #2416, .F. ) ;
#2223 = CARTESIAN_POINT ( 'NONE',  ( 0.6250000000000000000, 0.1499999999999999900, -1.500000000000000700 ) ) ;
#2224 = ORIENTED_EDGE ( 'NONE', *, *, #8, .F. ) ;
#2225 = CARTESIAN_POINT ( 'NONE',  ( 0.1250000000000000000, 0.0000000000000000000, 1.500000000000000700 ) ) ;
#2226 = ORIENTED_EDGE ( 'NONE', *, *, #245, .F. ) ;
#2227 = AXIS2_PLACEMENT_3D ( 'NONE', #1396, #7, #2006 ) ;
#2228 = DIRECTION ( 'NONE',  ( 1.000000000000000000, 0.0000000000000000000, 0.0000000000000000000 ) ) ;
#2229 = CARTESIAN_POINT ( 'NONE',  ( -0.4170000000000001500, 0.1499999999999999900, -0.5619999999999998300 ) ) ;
#2230 = ORIENTED_EDGE ( 'NONE', *, *, #1000, .T. ) ;
#2231 = PLANE ( 'NONE',  #2155 ) ;
#2232 = CARTESIAN_POINT ( 'NONE',  ( 0.3249999999999996800, 0.1499999999999999900, 0.6119999999999997700 ) ) ;
#2233 = EDGE_CURVE ( 'NONE', #983, #59, #2398, .T. ) ;
#2234 = FACE_OUTER_BOUND ( 'NONE', #1367, .T. ) ;
#2235 = VECTOR ( 'NONE', #774, 1000.000000000000000 ) ;
#2236 = VECTOR ( 'NONE', #1994, 1000.000000000000000 ) ;
#2237 = CARTESIAN_POINT ( 'NONE',  ( 0.3249999999999996800, 0.0000000000000000000, -0.6120000000000001000 ) ) ;
#2238 = LINE ( 'NONE', #1203, #1565 ) ;
#2239 = DIRECTION ( 'NONE',  ( 1.000000000000000000, 0.0000000000000000000, 0.0000000000000000000 ) ) ;
#2240 = COLOUR_RGB ( '',0.7921568627450980000, 0.8196078431372548800, 0.9333333333333333500 ) ;
#2241 = PLANE ( 'NONE',  #2415 ) ;
#2242 = VERTEX_POINT ( 'NONE', #229 ) ;
#2243 = ORIENTED_EDGE ( 'NONE', *, *, #2489, .T. ) ;
#2244 = CARTESIAN_POINT ( 'NONE',  ( -0.9999999999999997800, 0.7500000000000000000, 1.500000000000000700 ) ) ;
#2245 = DIRECTION ( 'NONE',  ( -1.000000000000000000, 0.0000000000000000000, 0.0000000000000000000 ) ) ;
#2246 = ORIENTED_EDGE ( 'NONE', *, *, #733, .F. ) ;
#2247 = AXIS2_PLACEMENT_3D ( 'NONE', #2249, #1264, #1677 ) ;
#2248 = ORIENTED_EDGE ( 'NONE', *, *, #277, .T. ) ;
#2249 = CARTESIAN_POINT ( 'NONE',  ( 0.3250000000000000100, 0.1499999999999999900, -0.6620000000000001400 ) ) ;
#2250 = FILL_AREA_STYLE ('',( #276 ) ) ;
#2251 = AXIS2_PLACEMENT_3D ( 'NONE', #2229, #2048, #1241 ) ;
#2252 = ORIENTED_EDGE ( 'NONE', *, *, #2563, .T. ) ;
#2253 = ORIENTED_EDGE ( 'NONE', *, *, #1104, .T. ) ;
#2254 = EDGE_CURVE ( 'NONE', #1881, #459, #919, .T. ) ;
#2255 = ORIENTED_EDGE ( 'NONE', *, *, #1458, .F. ) ;
#2256 = DIRECTION ( 'NONE',  ( 0.0000000000000000000, -0.0000000000000000000, -1.000000000000000000 ) ) ;
#2257 = CARTESIAN_POINT ( 'NONE',  ( -0.6438948910005848300, 0.7500000000000000000, 1.148317110647667500 ) ) ;
#2258 = CARTESIAN_POINT ( 'NONE',  ( 1.000000000000000200, 0.7500000000000000000, -1.499999999999999800 ) ) ;
#2259 = DIRECTION ( 'NONE',  ( -0.0000000000000000000, 1.000000000000000000, -0.0000000000000000000 ) ) ;
#2260 = CARTESIAN_POINT ( 'NONE',  ( -0.4999999999999998900, 0.0000000000000000000, 1.075000000000000800 ) ) ;
#2261 = CARTESIAN_POINT ( 'NONE',  ( -0.1250000000000000000, 0.1499999999999999900, -1.500000000000000700 ) ) ;
#2262 = ORIENTED_EDGE ( 'NONE', *, *, #984, .T. ) ;
#2263 =( GEOMETRIC_REPRESENTATION_CONTEXT ( 3 ) GLOBAL_UNCERTAINTY_ASSIGNED_CONTEXT ( ( #1736 ) ) GLOBAL_UNIT_ASSIGNED_CONTEXT ( ( #2079, #1274, #1857 ) ) REPRESENTATION_CONTEXT ( 'NONE', 'WORKASPACE' ) );
#2264 = CARTESIAN_POINT ( 'NONE',  ( 0.3750000000000000000, -0.05000000000000002400, 0.6619999999999998100 ) ) ;
#2265 = CARTESIAN_POINT ( 'NONE',  ( 1.084202172485504400E-016, -0.05000000000000002400, -1.075000000000000800 ) ) ;
#2266 = LINE ( 'NONE', #2261, #977 ) ;
#2267 = COLOUR_RGB ( '',1.000000000000000000, 1.000000000000000000, 1.000000000000000000 ) ;
#2268 = EDGE_CURVE ( 'NONE', #531, #2486, #394, .T. ) ;
#2269 = LINE ( 'NONE', #1856, #2335 ) ;
#2270 = LINE ( 'NONE', #240, #488 ) ;
#2271 = LINE ( 'NONE', #1554, #947 ) ;
#2272 = MANIFOLD_SOLID_BREP ( 'Boss-Extrude3', #1990 ) ;
#2273 = CARTESIAN_POINT ( 'NONE',  ( -0.4170000000000001500, 0.1499999999999999900, -0.5620000000000000600 ) ) ;
#2274 = EDGE_CURVE ( 'NONE', #2383, #1541, #1318, .T. ) ;
#2275 = DIRECTION ( 'NONE',  ( -0.0000000000000000000, -1.000000000000000000, -0.0000000000000000000 ) ) ;
#2276 = DIRECTION ( 'NONE',  ( 0.0000000000000000000, 1.000000000000000000, 0.0000000000000000000 ) ) ;
#2277 = CIRCLE ( 'NONE', #764, 0.1250000000000001100 ) ;
#2278 = CARTESIAN_POINT ( 'NONE',  ( 1.084202172485504400E-016, 0.0000000000000000000, 0.9500000000000007300 ) ) ;
#2279 = VECTOR ( 'NONE', #1641, 1000.000000000000000 ) ;
#2280 = ORIENTED_EDGE ( 'NONE', *, *, #2473, .F. ) ;
#2281 = VECTOR ( 'NONE', #1111, 1000.000000000000000 ) ;
#2282 = ORIENTED_EDGE ( 'NONE', *, *, #1622, .F. ) ;
#2283 = DIRECTION ( 'NONE',  ( -3.826595902890016700E-016, 0.0000000000000000000, -1.000000000000000000 ) ) ;
#2284 = DIRECTION ( 'NONE',  ( -0.0000000000000000000, -1.000000000000000000, -0.0000000000000000000 ) ) ;
#2285 = AXIS2_PLACEMENT_3D ( 'NONE', #1495, #744, #726 ) ;
#2286 = EDGE_CURVE ( 'NONE', #1957, #2190, #1686, .T. ) ;
#2287 = ORIENTED_EDGE ( 'NONE', *, *, #2145, .F. ) ;
#2288 = DIRECTION ( 'NONE',  ( -1.000000000000000000, 0.0000000000000000000, -3.826595902890017200E-016 ) ) ;
#2289 = STYLED_ITEM ( 'NONE', ( #1745 ), #472 ) ;
#2290 = ORIENTED_EDGE ( 'NONE', *, *, #1388, .F. ) ;
#2291 = CARTESIAN_POINT ( 'NONE',  ( -0.3750000000000000000, 0.1499999999999999900, 1.500000000000000700 ) ) ;
#2292 = EDGE_CURVE ( 'NONE', #231, #619, #196, .T. ) ;
#2293 = ORIENTED_EDGE ( 'NONE', *, *, #1220, .F. ) ;
#2294 = PLANE ( 'NONE',  #4 ) ;
#2295 = DIRECTION ( 'NONE',  ( -0.0000000000000000000, -1.000000000000000000, -0.0000000000000000000 ) ) ;
#2296 = DIRECTION ( 'NONE',  ( -0.5547001962252290400, 0.0000000000000000000, -0.8320502943378437200 ) ) ;
#2297 = ORIENTED_EDGE ( 'NONE', *, *, #1413, .F. ) ;
#2298 = EDGE_LOOP ( 'NONE', ( #247, #2280, #1894, #62, #129 ) ) ;
#2299 = AXIS2_PLACEMENT_3D ( 'NONE', #1476, #95, #2089 ) ;
#2300 = DIRECTION ( 'NONE',  ( -0.0000000000000000000, -1.000000000000000000, -0.0000000000000000000 ) ) ;
#2301 = DIRECTION ( 'NONE',  ( 0.0000000000000000000, -1.000000000000000000, 0.0000000000000000000 ) ) ;
#2302 = CARTESIAN_POINT ( 'NONE',  ( -0.1249999999999999700, 0.0000000000000000000, -1.075000000000000800 ) ) ;
#2303 = FACE_OUTER_BOUND ( 'NONE', #30, .T. ) ;
#2304 = LINE ( 'NONE', #649, #1562 ) ;
#2305 = VECTOR ( 'NONE', #2295, 1000.000000000000000 ) ;
#2306 = EDGE_CURVE ( 'NONE', #1649, #1169, #591, .T. ) ;
#2307 = VECTOR ( 'NONE', #1440, 1000.000000000000000 ) ;
#2308 = DIRECTION ( 'NONE',  ( 0.0000000000000000000, -1.000000000000000000, 0.0000000000000000000 ) ) ;
#2309 = LINE ( 'NONE', #516, #948 ) ;
#2310 = CARTESIAN_POINT ( 'NONE',  ( -0.3750000000000000000, 0.1499999999999999900, -1.500000000000000700 ) ) ;
#2311 = ORIENTED_EDGE ( 'NONE', *, *, #970, .T. ) ;
#2312 = ORIENTED_EDGE ( 'NONE', *, *, #2164, .T. ) ;
#2313 = CARTESIAN_POINT ( 'NONE',  ( -0.6438948910005848300, 0.7500000000000000000, 1.018968175816056000 ) ) ;
#2314 = ORIENTED_EDGE ( 'NONE', *, *, #1257, .F. ) ;
#2315 = FACE_OUTER_BOUND ( 'NONE', #881, .T. ) ;
#2316 = ORIENTED_EDGE ( 'NONE', *, *, #1208, .T. ) ;
#2317 = AXIS2_PLACEMENT_3D ( 'NONE', #749, #2347, #544 ) ;
#2318 = DIRECTION ( 'NONE',  ( -1.000000000000000000, 0.0000000000000000000, 2.168404344971008900E-016 ) ) ;
#2319 =( LENGTH_UNIT ( ) NAMED_UNIT ( * ) SI_UNIT ( .MILLI., .METRE. ) );
#2320 = DIRECTION ( 'NONE',  ( 0.0000000000000000000, 0.0000000000000000000, -1.000000000000000000 ) ) ;
#2321 = CLOSED_SHELL ( 'NONE', ( #1832, #1430, #2515, #1027, #2019, #1382 ) ) ;
#2322 = EDGE_CURVE ( 'NONE', #1976, #425, #1186, .T. ) ;
#2323 = CARTESIAN_POINT ( 'NONE',  ( -0.4170000000000002000, -0.05000000000000002400, 0.3119999999999999400 ) ) ;
#2324 = EDGE_CURVE ( 'NONE', #2486, #1232, #762, .T. ) ;
#2325 = CARTESIAN_POINT ( 'NONE',  ( -0.6250000000000000000, 0.1499999999999999900, -1.500000000000000700 ) ) ;
#2326 = CARTESIAN_POINT ( 'NONE',  ( 1.000000000000000200, 0.7500000000000000000, 1.500000000000000000 ) ) ;
#2327 = ADVANCED_FACE ( 'NONE', ( #1405 ), #1663, .F. ) ;
#2328 = DIRECTION ( 'NONE',  ( 0.0000000000000000000, 0.0000000000000000000, -1.000000000000000000 ) ) ;
#2329 = CARTESIAN_POINT ( 'NONE',  ( -0.3749999999999998300, 0.0000000000000000000, 1.075000000000000800 ) ) ;
#2330 = PLANE ( 'NONE',  #412 ) ;
#2331 = CIRCLE ( 'NONE', #190, 0.05000000000000002400 ) ;
#2332 = LINE ( 'NONE', #51, #2065 ) ;
#2333 = CARTESIAN_POINT ( 'NONE',  ( -0.3750000000000000000, 0.0000000000000000000, 1.500000000000000700 ) ) ;
#2334 = LINE ( 'NONE', #2467, #2125 ) ;
#2335 = VECTOR ( 'NONE', #875, 1000.000000000000000 ) ;
#2336 = LINE ( 'NONE', #3, #1372 ) ;
#2337 = AXIS2_PLACEMENT_3D ( 'NONE', #967, #2346, #183 ) ;
#2338 = FACE_OUTER_BOUND ( 'NONE', #1765, .T. ) ;
#2339 = DIRECTION ( 'NONE',  ( 1.000000000000000000, 0.0000000000000000000, 0.0000000000000000000 ) ) ;
#2340 = EDGE_CURVE ( 'NONE', #2359, #675, #2269, .T. ) ;
#2341 = VECTOR ( 'NONE', #279, 1000.000000000000000 ) ;
#2342 = DIRECTION ( 'NONE',  ( 0.0000000000000000000, -1.000000000000000000, 0.0000000000000000000 ) ) ;
#2343 = ORIENTED_EDGE ( 'NONE', *, *, #1177, .F. ) ;
#2344 = VECTOR ( 'NONE', #2111, 1000.000000000000000 ) ;
#2345 = ORIENTED_EDGE ( 'NONE', *, *, #241, .T. ) ;
#2346 = DIRECTION ( 'NONE',  ( -1.000000000000000000, 0.0000000000000000000, 0.0000000000000000000 ) ) ;
#2347 = DIRECTION ( 'NONE',  ( -1.000000000000000000, 0.0000000000000000000, 0.0000000000000000000 ) ) ;
#2348 = DIRECTION ( 'NONE',  ( 0.0000000000000000000, -0.0000000000000000000, -1.000000000000000000 ) ) ;
#2349 = EDGE_LOOP ( 'NONE', ( #1833, #1428, #1931, #187 ) ) ;
#2350 = ORIENTED_EDGE ( 'NONE', *, *, #128, .T. ) ;
#2351 = PRESENTATION_LAYER_ASSIGNMENT (  '', '', ( #1958 ) ) ;
#2352 = VERTEX_POINT ( 'NONE', #891 ) ;
#2353 = SURFACE_STYLE_USAGE ( .BOTH. , #2540 ) ;
#2354 = ORIENTED_EDGE ( 'NONE', *, *, #1338, .T. ) ;
#2355 = APPLICATION_PROTOCOL_DEFINITION ( 'draft international standard', 'automotive_design', 1998, #1740 ) ;
#2356 = EDGE_CURVE ( 'NONE', #593, #217, #20, .T. ) ;
#2357 = CARTESIAN_POINT ( 'NONE',  ( -0.4999999999999998900, 0.0000000000000000000, 1.075000000000000800 ) ) ;
#2358 = DIRECTION ( 'NONE',  ( 0.0000000000000000000, -0.0000000000000000000, -1.000000000000000000 ) ) ;
#2359 = VERTEX_POINT ( 'NONE', #2062 ) ;
#2360 = CARTESIAN_POINT ( 'NONE',  ( 0.6250000000000000000, 0.1499999999999999900, 1.500000000000000700 ) ) ;
#2361 = VERTEX_POINT ( 'NONE', #2237 ) ;
#2362 = CARTESIAN_POINT ( 'NONE',  ( -0.3750000000000000000, 0.1499999999999999900, -1.500000000000000700 ) ) ;
#2363 = ORIENTED_EDGE ( 'NONE', *, *, #813, .T. ) ;
#2364 = FACE_BOUND ( 'NONE', #757, .T. ) ;
#2365 = LINE ( 'NONE', #572, #292 ) ;
#2366 = CARTESIAN_POINT ( 'NONE',  ( -0.6250000000000000000, 0.0000000000000000000, 1.500000000000000700 ) ) ;
#2367 = AXIS2_PLACEMENT_3D ( 'NONE', #1519, #915, #1525 ) ;
#2368 = CARTESIAN_POINT ( 'NONE',  ( -0.1250000000000000000, -0.0000000000000000000, -1.500000000000000700 ) ) ;
#2369 = CARTESIAN_POINT ( 'NONE',  ( 0.3249999999999996800, -0.05000000000000002400, 0.6119999999999997700 ) ) ;
#2370 = SHAPE_DEFINITION_REPRESENTATION ( #2381, #238 ) ;
#2371 = AXIS2_PLACEMENT_3D ( 'NONE', #495, #1060, #264 ) ;
#2372 = CARTESIAN_POINT ( 'NONE',  ( 0.1250000000000001900, 0.1499999999999999900, 1.075000000000000800 ) ) ;
#2373 = ORIENTED_EDGE ( 'NONE', *, *, #2424, .F. ) ;
#2374 = EDGE_CURVE ( 'NONE', #839, #1225, #1008, .T. ) ;
#2375 = ORIENTED_EDGE ( 'NONE', *, *, #1238, .T. ) ;
#2376 = LINE ( 'NONE', #1383, #1852 ) ;
#2377 = ORIENTED_EDGE ( 'NONE', *, *, #262, .T. ) ;
#2378 = CARTESIAN_POINT ( 'NONE',  ( -0.4999999999999998900, 0.1499999999999999900, -1.075000000000000800 ) ) ;
#2379 = CARTESIAN_POINT ( 'NONE',  ( 0.3750000000000000000, -0.05000000000000002400, -1.500000000000000700 ) ) ;
#2380 = ORIENTED_EDGE ( 'NONE', *, *, #2340, .F. ) ;
#2381 = PRODUCT_DEFINITION_SHAPE ( 'NONE', 'NONE',  #1978 ) ;
#2382 = DIRECTION ( 'NONE',  ( -1.000000000000000000, 0.0000000000000000000, 2.000373011965875900E-016 ) ) ;
#2383 = VERTEX_POINT ( 'NONE', #257 ) ;
#2384 = DIRECTION ( 'NONE',  ( 0.0000000000000000000, 0.0000000000000000000, 1.000000000000000000 ) ) ;
#2385 = EDGE_CURVE ( 'NONE', #1881, #1278, #883, .T. ) ;
#2386 = PLANE ( 'NONE',  #234 ) ;
#2387 = ADVANCED_FACE ( 'NONE', ( #1066 ), #2442, .F. ) ;
#2388 = ORIENTED_EDGE ( 'NONE', *, *, #1884, .F. ) ;
#2389 = CARTESIAN_POINT ( 'NONE',  ( -0.4999999999999998900, 0.1499999999999999900, 1.075000000000000800 ) ) ;
#2390 = ADVANCED_FACE ( 'NONE', ( #2393 ), #687, .F. ) ;
#2391 = VECTOR ( 'NONE', #855, 1000.000000000000000 ) ;
#2392 = FACE_OUTER_BOUND ( 'NONE', #1687, .T. ) ;
#2393 = FACE_OUTER_BOUND ( 'NONE', #1617, .T. ) ;
#2394 = LINE ( 'NONE', #864, #1468 ) ;
#2395 = FACE_OUTER_BOUND ( 'NONE', #1543, .T. ) ;
#2396 =( NAMED_UNIT ( * ) PLANE_ANGLE_UNIT ( ) SI_UNIT ( $, .RADIAN. ) );
#2397 = ORIENTED_EDGE ( 'NONE', *, *, #901, .F. ) ;
#2398 = LINE ( 'NONE', #1283, #1627 ) ;
#2399 = CARTESIAN_POINT ( 'NONE',  ( 0.3249999999999996800, 0.1499999999999999900, -0.6120000000000001000 ) ) ;
#2400 = EDGE_LOOP ( 'NONE', ( #414, #432, #862, #607 ) ) ;
#2401 = CARTESIAN_POINT ( 'NONE',  ( 0.3250000000000000100, 0.1499999999999999900, -0.6620000000000001400 ) ) ;
#2402 = ORIENTED_EDGE ( 'NONE', *, *, #298, .T. ) ;
#2403 = EDGE_CURVE ( 'NONE', #2434, #1732, #2522, .T. ) ;
#2404 = VECTOR ( 'NONE', #1718, 1000.000000000000000 ) ;
#2405 = VERTEX_POINT ( 'NONE', #507 ) ;
#2406 = ADVANCED_FACE ( 'NONE', ( #819 ), #82, .T. ) ;
#2407 =( LENGTH_UNIT ( ) NAMED_UNIT ( * ) SI_UNIT ( .MILLI., .METRE. ) );
#2408 = CARTESIAN_POINT ( 'NONE',  ( -0.6438948910005848300, 0.7500000000000000000, 1.148317110647667500 ) ) ;
#2409 = EDGE_CURVE ( 'NONE', #724, #952, #703, .T. ) ;
#2410 = DIRECTION ( 'NONE',  ( 3.826595902890017200E-016, 0.0000000000000000000, 1.000000000000000000 ) ) ;
#2411 = ORIENTED_EDGE ( 'NONE', *, *, #1362, .T. ) ;
#2412 = VERTEX_POINT ( 'NONE', #1049 ) ;
#2413 = DIRECTION ( 'NONE',  ( 0.0000000000000000000, 0.0000000000000000000, -1.000000000000000000 ) ) ;
#2414 = ORIENTED_EDGE ( 'NONE', *, *, #1950, .T. ) ;
#2415 = AXIS2_PLACEMENT_3D ( 'NONE', #288, #1094, #2083 ) ;
#2416 = PLANE ( 'NONE',  #2214 ) ;
#2417 = CARTESIAN_POINT ( 'NONE',  ( -0.2170000000000001900, -0.05000000000000002400, 0.6119999999999998800 ) ) ;
#2418 = MECHANICAL_DESIGN_GEOMETRIC_PRESENTATION_REPRESENTATION (  '', ( #1958 ), #1170 ) ;
#2419 = CARTESIAN_POINT ( 'NONE',  ( -0.1250000000000000000, -0.05000000000000002400, -1.500000000000000700 ) ) ;
#2420 = EDGE_CURVE ( 'NONE', #619, #344, #1808, .T. ) ;
#2421 = ORIENTED_EDGE ( 'NONE', *, *, #2206, .F. ) ;
#2422 = CARTESIAN_POINT ( 'NONE',  ( -0.6438948910005848300, 0.6500000000000000200, 1.148317110647667500 ) ) ;
#2423 = ORIENTED_EDGE ( 'NONE', *, *, #2439, .F. ) ;
#2424 = EDGE_CURVE ( 'NONE', #1980, #1073, #2209, .T. ) ;
#2425 = DIRECTION ( 'NONE',  ( 0.0000000000000000000, 0.0000000000000000000, 1.000000000000000000 ) ) ;
#2426 = DIRECTION ( 'NONE',  ( -0.5547001962252291500, 0.0000000000000000000, -0.8320502943378436100 ) ) ;
#2427 = LINE ( 'NONE', #1160, #847 ) ;
#2428 = DIRECTION ( 'NONE',  ( 3.826595902890016700E-016, 0.0000000000000000000, -1.000000000000000000 ) ) ;
#2429 = CIRCLE ( 'NONE', #1489, 0.1250000000000001100 ) ;
#2430 = FACE_OUTER_BOUND ( 'NONE', #2013, .T. ) ;
#2431 = DIRECTION ( 'NONE',  ( -0.0000000000000000000, 1.000000000000000000, -0.0000000000000000000 ) ) ;
#2432 = COLOUR_RGB ( '',1.000000000000000000, 1.000000000000000000, 1.000000000000000000 ) ;
#2433 = ADVANCED_FACE ( 'NONE', ( #2458 ), #1591, .F. ) ;
#2434 = VERTEX_POINT ( 'NONE', #1510 ) ;
#2435 = COLOUR_RGB ( '',0.2509803921568627400, 0.2509803921568627400, 0.2509803921568627400 ) ;
#2436 = CARTESIAN_POINT ( 'NONE',  ( 1.000000000000000200, 0.0000000000000000000, -1.499999999999999800 ) ) ;
#2437 = ORIENTED_EDGE ( 'NONE', *, *, #2219, .F. ) ;
#2438 = ORIENTED_EDGE ( 'NONE', *, *, #1171, .F. ) ;
#2439 = EDGE_CURVE ( 'NONE', #1369, #2412, #290, .T. ) ;
#2440 = DIRECTION ( 'NONE',  ( 2.000373011965875900E-016, -0.0000000000000000000, 1.000000000000000000 ) ) ;
#2441 = VERTEX_POINT ( 'NONE', #2313 ) ;
#2442 = PLANE ( 'NONE',  #2247 ) ;
#2443 = ORIENTED_EDGE ( 'NONE', *, *, #1914, .F. ) ;
#2444 = CARTESIAN_POINT ( 'NONE',  ( 1.000000000000000200, 0.0000000000000000000, -1.499999999999999800 ) ) ;
#2445 = DIRECTION ( 'NONE',  ( 1.000000000000000000, 0.0000000000000000000, 0.0000000000000000000 ) ) ;
#2446 = PLANE ( 'NONE',  #842 ) ;
#2447 = ORIENTED_EDGE ( 'NONE', *, *, #2037, .F. ) ;
#2448 = DIRECTION ( 'NONE',  ( 0.0000000000000000000, 0.0000000000000000000, -1.000000000000000000 ) ) ;
#2449 = DIRECTION ( 'NONE',  ( 1.000000000000000000, 0.0000000000000000000, 0.0000000000000000000 ) ) ;
#2450 = EDGE_CURVE ( 'NONE', #459, #1957, #1467, .T. ) ;
#2451 = ORIENTED_EDGE ( 'NONE', *, *, #1478, .T. ) ;
#2452 = DIRECTION ( 'NONE',  ( 0.0000000000000000000, 1.000000000000000000, 0.0000000000000000000 ) ) ;
#2453 = EDGE_CURVE ( 'NONE', #2441, #2405, #551, .T. ) ;
#2454 = FACE_OUTER_BOUND ( 'NONE', #308, .T. ) ;
#2455 = DIRECTION ( 'NONE',  ( 1.000000000000000000, 0.0000000000000000000, 0.0000000000000000000 ) ) ;
#2456 = FACE_OUTER_BOUND ( 'NONE', #501, .T. ) ;
#2457 = DIRECTION ( 'NONE',  ( 1.000000000000000000, 0.0000000000000000000, -2.168404344971008900E-016 ) ) ;
#2458 = FACE_OUTER_BOUND ( 'NONE', #1137, .T. ) ;
#2459 = CYLINDRICAL_SURFACE ( 'NONE', #1924, 0.1250000000000001100 ) ;
#2460 = ORIENTED_EDGE ( 'NONE', *, *, #1793, .T. ) ;
#2461 = FACE_OUTER_BOUND ( 'NONE', #481, .T. ) ;
#2462 = CARTESIAN_POINT ( 'NONE',  ( 0.3750000000000000000, 0.0000000000000000000, 1.500000000000000700 ) ) ;
#2463 = VERTEX_POINT ( 'NONE', #1702 ) ;
#2464 = PRESENTATION_STYLE_ASSIGNMENT (( #2023 ) ) ;
#2465 = UNCERTAINTY_MEASURE_WITH_UNIT (LENGTH_MEASURE( 1.000000000000000100E-005 ), #769, 'distance_accuracy_value', 'NONE');
#2466 = DIRECTION ( 'NONE',  ( 0.0000000000000000000, -0.0000000000000000000, 1.000000000000000000 ) ) ;
#2467 = CARTESIAN_POINT ( 'NONE',  ( -0.4999999999999998900, 0.1499999999999999900, 0.9500000000000007300 ) ) ;
#2468 = EDGE_LOOP ( 'NONE', ( #1487, #1312, #2469, #2343 ) ) ;
#2469 = ORIENTED_EDGE ( 'NONE', *, *, #1238, .F. ) ;
#2470 = AXIS2_PLACEMENT_3D ( 'NONE', #2124, #1165, #1729 ) ;
#2471 = CARTESIAN_POINT ( 'NONE',  ( -0.4999999999999998900, 0.1499999999999999900, -1.075000000000000800 ) ) ;
#2472 = ORIENTED_EDGE ( 'NONE', *, *, #1262, .F. ) ;
#2473 = EDGE_CURVE ( 'NONE', #1927, #2546, #359, .T. ) ;
#2474 = ORIENTED_EDGE ( 'NONE', *, *, #1655, .F. ) ;
#2475 = DIRECTION ( 'NONE',  ( -1.000000000000000000, 0.0000000000000000000, 0.0000000000000000000 ) ) ;
#2476 = VERTEX_POINT ( 'NONE', #714 ) ;
#2477 = ORIENTED_EDGE ( 'NONE', *, *, #2254, .F. ) ;
#2478 = DIRECTION ( 'NONE',  ( 0.0000000000000000000, 0.0000000000000000000, 1.000000000000000000 ) ) ;
#2479 = EDGE_LOOP ( 'NONE', ( #1947, #1548, #1473, #1965 ) ) ;
#2480 = CARTESIAN_POINT ( 'NONE',  ( -0.6438948910005848300, 0.6500000000000000200, 1.148317110647667500 ) ) ;
#2481 = ORIENTED_EDGE ( 'NONE', *, *, #2103, .F. ) ;
#2482 = DIRECTION ( 'NONE',  ( 0.0000000000000000000, -1.000000000000000000, 0.0000000000000000000 ) ) ;
#2483 = CARTESIAN_POINT ( 'NONE',  ( -0.1250000000000000000, -0.0000000000000000000, -1.500000000000000700 ) ) ;
#2484 = FILL_AREA_STYLE ('',( #295 ) ) ;
#2485 = ADVANCED_FACE ( 'NONE', ( #1341 ), #2513, .F. ) ;
#2486 = VERTEX_POINT ( 'NONE', #147 ) ;
#2487 = SURFACE_STYLE_FILL_AREA ( #1949 ) ;
#2488 = ADVANCED_FACE ( 'NONE', ( #946 ), #1694, .T. ) ;
#2489 = EDGE_CURVE ( 'NONE', #66, #397, #1214, .T. ) ;
#2490 = FACE_OUTER_BOUND ( 'NONE', #2400, .T. ) ;
#2491 = LINE ( 'NONE', #1003, #1535 ) ;
#2492 = CARTESIAN_POINT ( 'NONE',  ( 0.6250000000000000000, 0.1499999999999999900, -1.500000000000000700 ) ) ;
#2493 = CARTESIAN_POINT ( 'NONE',  ( -0.4170000000000001500, 0.1499999999999999900, -0.5619999999999998300 ) ) ;
#2494 = SURFACE_STYLE_USAGE ( .BOTH. , #914 ) ;
#2495 = LINE ( 'NONE', #634, #706 ) ;
#2496 = CARTESIAN_POINT ( 'NONE',  ( 0.3750000000000000000, 0.1499999999999999900, 1.500000000000000700 ) ) ;
#2497 = PRODUCT ( 'A1395SEHLT-T', 'A1395SEHLT-T', '', ( #1555 ) ) ;
#2498 = ORIENTED_EDGE ( 'NONE', *, *, #1592, .F. ) ;
#2499 = LINE ( 'NONE', #868, #1915 ) ;
#2500 = EDGE_LOOP ( 'NONE', ( #2345, #527, #2026, #48 ) ) ;
#2501 = ORIENTED_EDGE ( 'NONE', *, *, #996, .T. ) ;
#2502 = CARTESIAN_POINT ( 'NONE',  ( -0.6438948910005848300, 0.7500000000000000000, 1.277666045479279000 ) ) ;
#2503 = DIRECTION ( 'NONE',  ( -0.8320502943378437200, 0.0000000000000000000, 0.5547001962252290400 ) ) ;
#2504 = CARTESIAN_POINT ( 'NONE',  ( -0.3749999999999998300, -0.05000000000000002400, 1.075000000000000800 ) ) ;
#2505 = VERTEX_POINT ( 'NONE', #2107 ) ;
#2506 = AXIS2_PLACEMENT_3D ( 'NONE', #742, #767, #957 ) ;
#2507 = ORIENTED_EDGE ( 'NONE', *, *, #1458, .T. ) ;
#2508 = CARTESIAN_POINT ( 'NONE',  ( 0.3750000000000000000, 0.1499999999999999900, -1.500000000000000700 ) ) ;
#2509 = STYLED_ITEM ( 'NONE', ( #2464 ), #11 ) ;
#2510 = CARTESIAN_POINT ( 'NONE',  ( -0.1249999999999999700, 0.1499999999999999900, -1.075000000000000800 ) ) ;
#2511 = ADVANCED_FACE ( 'NONE', ( #1974 ), #1846, .T. ) ;
#2512 = ORIENTED_EDGE ( 'NONE', *, *, #2543, .F. ) ;
#2513 = PLANE ( 'NONE',  #783 ) ;
#2514 = ORIENTED_EDGE ( 'NONE', *, *, #2173, .F. ) ;
#2515 = ADVANCED_FACE ( 'NONE', ( #1285 ), #525, .F. ) ;
#2516 = DIRECTION ( 'NONE',  ( -0.0000000000000000000, 1.000000000000000000, -0.0000000000000000000 ) ) ;
#2517 = CARTESIAN_POINT ( 'NONE',  ( 0.0000000000000000000, 0.0000000000000000000, 0.0000000000000000000 ) ) ;
#2518 = CARTESIAN_POINT ( 'NONE',  ( -0.1249999999999999700, 0.1499999999999999900, 1.075000000000000800 ) ) ;
#2519 = EDGE_LOOP ( 'NONE', ( #1923, #2080, #1595, #2566 ) ) ;
#2520 = VECTOR ( 'NONE', #1313, 1000.000000000000000 ) ;
#2521 = COLOUR_RGB ( '',1.000000000000000000, 1.000000000000000000, 1.000000000000000000 ) ;
#2522 = LINE ( 'NONE', #71, #1875 ) ;
#2523 = EDGE_CURVE ( 'NONE', #396, #186, #24, .T. ) ;
#2524 = FACE_OUTER_BOUND ( 'NONE', #1997, .T. ) ;
#2525 = VECTOR ( 'NONE', #968, 1000.000000000000000 ) ;
#2526 = CARTESIAN_POINT ( 'NONE',  ( -0.1250000000000000000, 0.1499999999999999900, 1.500000000000000700 ) ) ;
#2527 = ORIENTED_EDGE ( 'NONE', *, *, #1622, .T. ) ;
#2528 = FACE_OUTER_BOUND ( 'NONE', #563, .T. ) ;
#2529 = DIRECTION ( 'NONE',  ( 0.0000000000000000000, 0.0000000000000000000, 1.000000000000000000 ) ) ;
#2530 = DIRECTION ( 'NONE',  ( 0.0000000000000000000, 0.0000000000000000000, -1.000000000000000000 ) ) ;
#2531 = ORIENTED_EDGE ( 'NONE', *, *, #784, .F. ) ;
#2532 = LINE ( 'NONE', #1199, #1944 ) ;
#2533 = FILL_AREA_STYLE_COLOUR ( '', #2240 ) ;
#2534 = ORIENTED_EDGE ( 'NONE', *, *, #2103, .T. ) ;
#2535 = CIRCLE ( 'NONE', #781, 0.1293489348316114700 ) ;
#2536 = ORIENTED_EDGE ( 'NONE', *, *, #1963, .T. ) ;
#2537 =( NAMED_UNIT ( * ) SI_UNIT ( $, .STERADIAN. ) SOLID_ANGLE_UNIT ( ) );
#2538 = DIRECTION ( 'NONE',  ( -4.464361886705020600E-016, 0.0000000000000000000, 1.000000000000000000 ) ) ;
#2539 = VERTEX_POINT ( 'NONE', #2302 ) ;
#2540 = SURFACE_SIDE_STYLE ('',( #498 ) ) ;
#2541 = DIRECTION ( 'NONE',  ( 0.0000000000000000000, 0.0000000000000000000, -1.000000000000000000 ) ) ;
#2542 = ADVANCED_FACE ( 'NONE', ( #1131 ), #2075, .T. ) ;
#2543 = EDGE_CURVE ( 'NONE', #1225, #1309, #2309, .T. ) ;
#2544 = ORIENTED_EDGE ( 'NONE', *, *, #996, .F. ) ;
#2545 = CARTESIAN_POINT ( 'NONE',  ( 0.1250000000000000000, 0.1499999999999999900, 1.500000000000000700 ) ) ;
#2546 = VERTEX_POINT ( 'NONE', #1711 ) ;
#2547 = DIRECTION ( 'NONE',  ( -0.0000000000000000000, 1.000000000000000000, -0.0000000000000000000 ) ) ;
#2548 = ORIENTED_EDGE ( 'NONE', *, *, #510, .T. ) ;
#2549 = EDGE_CURVE ( 'NONE', #1789, #1375, #1594, .T. ) ;
#2550 = DIRECTION ( 'NONE',  ( 0.0000000000000000000, 0.0000000000000000000, -1.000000000000000000 ) ) ;
#2551 = VERTEX_POINT ( 'NONE', #2278 ) ;
#2552 = CARTESIAN_POINT ( 'NONE',  ( -0.6438948910005848300, 0.6500000000000000200, 1.018968175816056000 ) ) ;
#2553 = VERTEX_POINT ( 'NONE', #1113 ) ;
#2554 = CARTESIAN_POINT ( 'NONE',  ( -0.4999999999999998900, -0.05000000000000002400, 1.075000000000000800 ) ) ;
#2555 = AXIS2_PLACEMENT_3D ( 'NONE', #309, #547, #2478 ) ;
#2556 = CARTESIAN_POINT ( 'NONE',  ( -0.4170000000000002000, 0.0000000000000000000, 0.3119999999999999400 ) ) ;
#2557 = DIRECTION ( 'NONE',  ( -0.0000000000000000000, -1.000000000000000000, -0.0000000000000000000 ) ) ;
#2558 = VECTOR ( 'NONE', #2200, 1000.000000000000000 ) ;
#2559 = VECTOR ( 'NONE', #633, 1000.000000000000000 ) ;
#2560 = AXIS2_PLACEMENT_3D ( 'NONE', #505, #1453, #664 ) ;
#2561 = LINE ( 'NONE', #13, #1346 ) ;
#2562 = SURFACE_SIDE_STYLE ('',( #2487 ) ) ;
#2563 = EDGE_CURVE ( 'NONE', #1414, #459, #331, .T. ) ;
#2564 = CARTESIAN_POINT ( 'NONE',  ( -0.4999999999999998900, 0.1499999999999999900, -1.075000000000000800 ) ) ;
#2565 = ORIENTED_EDGE ( 'NONE', *, *, #2286, .T. ) ;
#2566 = ORIENTED_EDGE ( 'NONE', *, *, #390, .T. ) ;
ENDSEC;
END-ISO-10303-21;
