  0
SECTION
  2
HEADER
  9
$ACADVER
  1
AC1027
  9
$ACADMAINTVER
 70
   105
  9
$DWGCODEPAGE
  3
ANSI_936
  9
$LASTSAVEDBY
  1
Administrator
  9
$REQUIREDVERSIONS
160
                 0
  9
$INSBASE
 10
0.0
 20
0.0
 30
0.0
  9
$EXTMIN
 10
86.66781650902274
 20
-24.60518356094361
 30
0.0
  9
$EXTMAX
 10
897.1659036750388
 20
45.15146114638319
 30
0.0
  9
$LIMMIN
 10
0.0
 20
0.0
  9
$LIMMAX
 10
420.0
 20
297.0
  9
$ORTHOMODE
 70
     1
  9
$REGENMODE
 70
     1
  9
$FILLMODE
 70
     1
  9
$QTEXTMODE
 70
     0
  9
$MIRRTEXT
 70
     0
  9
$LTSCALE
 40
1.0
  9
$ATTMODE
 70
     1
  9
$TEXTSIZE
 40
2.5
  9
$TRACEWID
 40
1.0
  9
$TEXTSTYLE
  7
Standard
  9
$CLAYER
  8
细实线
  9
$CELTYPE
  6
ByLayer
  9
$CECOLOR
 62
   240
  9
$CELTSCALE
 40
1.0
  9
$DISPSILH
 70
     0
  9
$DIMSCALE
 40
1.0
  9
$DIMASZ
 40
1.0
  9
$DIMEXO
 40
0.2
  9
$DIMDLI
 40
3.75
  9
$DIMRND
 40
0.0
  9
$DIMDLE
 40
0.0
  9
$DIMEXE
 40
1.25
  9
$DIMTP
 40
0.0
  9
$DIMTM
 40
0.0
  9
$DIMTXT
 40
1.0
  9
$DIMCEN
 40
2.5
  9
$DIMTSZ
 40
0.0
  9
$DIMTOL
 70
     0
  9
$DIMLIM
 70
     0
  9
$DIMTIH
 70
     0
  9
$DIMTOH
 70
     0
  9
$DIMSE1
 70
     0
  9
$DIMSE2
 70
     0
  9
$DIMTAD
 70
     1
  9
$DIMZIN
 70
     1
  9
$DIMBLK
  1

  9
$DIMASO
 70
     1
  9
$DIMSHO
 70
     1
  9
$DIMPOST
  1

  9
$DIMAPOST
  1

  9
$DIMALT
 70
     0
  9
$DIMALTD
 70
     3
  9
$DIMALTF
 40
0.03937007874016
  9
$DIMLFAC
 40
1.0
  9
$DIMTOFL
 70
     1
  9
$DIMTVP
 40
0.0
  9
$DIMTIX
 70
     0
  9
$DIMSOXD
 70
     0
  9
$DIMSAH
 70
     0
  9
$DIMBLK1
  1

  9
$DIMBLK2
  1

  9
$DIMSTYLE
  2
ISO-25
  9
$DIMCLRD
 70
     0
  9
$DIMCLRE
 70
     0
  9
$DIMCLRT
 70
     0
  9
$DIMTFAC
 40
1.0
  9
$DIMGAP
 40
0.625
  9
$DIMJUST
 70
     0
  9
$DIMSD1
 70
     0
  9
$DIMSD2
 70
     0
  9
$DIMTOLJ
 70
     0
  9
$DIMTZIN
 70
     8
  9
$DIMALTZ
 70
     0
  9
$DIMALTTZ
 70
     0
  9
$DIMUPT
 70
     0
  9
$DIMDEC
 70
     2
  9
$DIMTDEC
 70
     2
  9
$DIMALTU
 70
     2
  9
$DIMALTTD
 70
     3
  9
$DIMTXSTY
  7
Standard
  9
$DIMAUNIT
 70
     0
  9
$DIMADEC
 70
     0
  9
$DIMALTRND
 40
0.0
  9
$DIMAZIN
 70
     0
  9
$DIMDSEP
 70
    46
  9
$DIMATFIT
 70
     3
  9
$DIMFRAC
 70
     0
  9
$DIMLDRBLK
  1

  9
$DIMLUNIT
 70
     2
  9
$DIMLWD
 70
    -2
  9
$DIMLWE
 70
    -2
  9
$DIMTMOVE
 70
     0
  9
$DIMFXL
 40
1.0
  9
$DIMFXLON
 70
     0
  9
$DIMJOGANG
 40
0.7853981633974483
  9
$DIMTFILL
 70
     0
  9
$DIMTFILLCLR
 70
     0
  9
$DIMARCSYM
 70
     0
  9
$DIMLTYPE
  6

  9
$DIMLTEX1
  6

  9
$DIMLTEX2
  6

  9
$DIMTXTDIRECTION
 70
     0
  9
$LUNITS
 70
     2
  9
$LUPREC
 70
     4
  9
$SKETCHINC
 40
1.0
  9
$FILLETRAD
 40
0.2
  9
$AUNITS
 70
     0
  9
$AUPREC
 70
     0
  9
$MENU
  1
.
  9
$ELEVATION
 40
0.0
  9
$PELEVATION
 40
0.0
  9
$THICKNESS
 40
0.0
  9
$LIMCHECK
 70
     0
  9
$CHAMFERA
 40
0.0
  9
$CHAMFERB
 40
0.0
  9
$CHAMFERC
 40
0.0
  9
$CHAMFERD
 40
0.0
  9
$SKPOLY
 70
     0
  9
$TDCREATE
 40
2458612.573497246
  9
$TDUCREATE
 40
2458612.240163912
  9
$TDUPDATE
 40
2461249.656272731
  9
$TDUUPDATE
 40
2461249.322939398
  9
$TDINDWG
 40
38.9946802546
  9
$TDUSRTIMER
 40
38.9946802315
  9
$USRTIMER
 70
     1
  9
$ANGBASE
 50
0.0
  9
$ANGDIR
 70
     0
  9
$PDMODE
 70
     0
  9
$PDSIZE
 40
0.0
  9
$PLINEWID
 40
0.0
  9
$SPLFRAME
 70
     0
  9
$SPLINETYPE
 70
     6
  9
$SPLINESEGS
 70
     8
  9
$HANDSEED
  5
45B1C
  9
$SURFTAB1
 70
     6
  9
$SURFTAB2
 70
     6
  9
$SURFTYPE
 70
     6
  9
$SURFU
 70
     6
  9
$SURFV
 70
     6
  9
$UCSBASE
  2

  9
$UCSNAME
  2

  9
$UCSORG
 10
0.0
 20
0.0
 30
0.0
  9
$UCSXDIR
 10
1.0
 20
0.0
 30
0.0
  9
$UCSYDIR
 10
0.0
 20
1.0
 30
0.0
  9
$UCSORTHOREF
  2

  9
$UCSORTHOVIEW
 70
     0
  9
$UCSORGTOP
 10
0.0
 20
0.0
 30
0.0
  9
$UCSORGBOTTOM
 10
0.0
 20
0.0
 30
0.0
  9
$UCSORGLEFT
 10
0.0
 20
0.0
 30
0.0
  9
$UCSORGRIGHT
 10
0.0
 20
0.0
 30
0.0
  9
$UCSORGFRONT
 10
0.0
 20
0.0
 30
0.0
  9
$UCSORGBACK
 10
0.0
 20
0.0
 30
0.0
  9
$PUCSBASE
  2

  9
$PUCSNAME
  2

  9
$PUCSORG
 10
0.0
 20
0.0
 30
0.0
  9
$PUCSXDIR
 10
1.0
 20
0.0
 30
0.0
  9
$PUCSYDIR
 10
0.0
 20
1.0
 30
0.0
  9
$PUCSORTHOREF
  2

  9
$PUCSORTHOVIEW
 70
     0
  9
$PUCSORGTOP
 10
0.0
 20
0.0
 30
0.0
  9
$PUCSORGBOTTOM
 10
0.0
 20
0.0
 30
0.0
  9
$PUCSORGLEFT
 10
0.0
 20
0.0
 30
0.0
  9
$PUCSORGRIGHT
 10
0.0
 20
0.0
 30
0.0
  9
$PUCSORGFRONT
 10
0.0
 20
0.0
 30
0.0
  9
$PUCSORGBACK
 10
0.0
 20
0.0
 30
0.0
  9
$USERI1
 70
     0
  9
$USERI2
 70
     0
  9
$USERI3
 70
     0
  9
$USERI4
 70
     0
  9
$USERI5
 70
     0
  9
$USERR1
 40
0.0
  9
$USERR2
 40
0.0
  9
$USERR3
 40
0.0
  9
$USERR4
 40
0.0
  9
$USERR5
 40
0.0
  9
$WORLDVIEW
 70
     1
  9
$SHADEDGE
 70
     3
  9
$SHADEDIF
 70
    70
  9
$TILEMODE
 70
     1
  9
$MAXACTVP
 70
    64
  9
$PINSBASE
 10
0.0
 20
0.0
 30
0.0
  9
$PLIMCHECK
 70
     0
  9
$PEXTMIN
 10
0.0
 20
0.0
 30
0.0
  9
$PEXTMAX
 10
0.0
 20
0.0
 30
0.0
  9
$PLIMMIN
 10
0.0
 20
0.0
  9
$PLIMMAX
 10
12.0
 20
9.0
  9
$UNITMODE
 70
     0
  9
$VISRETAIN
 70
     1
  9
$PLINEGEN
 70
     0
  9
$PSLTSCALE
 70
     1
  9
$TREEDEPTH
 70
  3020
  9
$CMLSTYLE
  2
Standard
  9
$CMLJUST
 70
     0
  9
$CMLSCALE
 40
20.0
  9
$PROXYGRAPHICS
 70
     1
  9
$MEASUREMENT
 70
     1
  9
$CELWEIGHT
370
    -1
  9
$ENDCAPS
280
     0
  9
$JOINSTYLE
280
     0
  9
$LWDISPLAY
290
     1
  9
$INSUNITS
 70
     4
  9
$HYPERLINKBASE
  1

  9
$STYLESHEET
  1

  9
$XEDIT
290
     1
  9
$CEPSNTYPE
380
     0
  9
$PSTYLEMODE
290
     1
  9
$FINGERPRINTGUID
  2
{F4FBC2E9-C3B0-4141-921E-3FA236B04809}
  9
$VERSIONGUID
  2
{2AFCBE6E-6867-4224-B36A-1C15D98F8642}
  9
$EXTNAMES
290
     1
  9
$PSVPSCALE
 40
0.0
  9
$OLESTARTUP
290
     0
  9
$SORTENTS
280
   127
  9
$INDEXCTL
280
     0
  9
$HIDETEXT
280
     1
  9
$XCLIPFRAME
280
     2
  9
$HALOGAP
280
     0
  9
$OBSCOLOR
 70
   257
  9
$OBSLTYPE
280
     0
  9
$INTERSECTIONDISPLAY
280
     0
  9
$INTERSECTIONCOLOR
 70
   257
  9
$DIMASSOC
280
     2
  9
$PROJECTNAME
  1

  9
$CAMERADISPLAY
290
     0
  9
$LENSLENGTH
 40
50.0
  9
$CAMERAHEIGHT
 40
0.0
  9
$STEPSPERSEC
 40
2.0
  9
$STEPSIZE
 40
6.0
  9
$3DDWFPREC
 40
2.0
  9
$PSOLWIDTH
 40
5.0
  9
$PSOLHEIGHT
 40
80.0
  9
$LOFTANG1
 40
1.570796326794896
  9
$LOFTANG2
 40
1.570796326794896
  9
$LOFTMAG1
 40
0.0
  9
$LOFTMAG2
 40
0.0
  9
$LOFTPARAM
 70
     7
  9
$LOFTNORMALS
280
     1
  9
$LATITUDE
 40
37.795
  9
$LONGITUDE
 40
-122.394
  9
$NORTHDIRECTION
 40
0.0
  9
$TIMEZONE
 70
 -8000
  9
$LIGHTGLYPHDISPLAY
280
     1
  9
$TILEMODELIGHTSYNCH
280
     1
  9
$CMATERIAL
347
EC
  9
$SOLIDHIST
280
     0
  9
$SHOWHIST
280
     1
  9
$DWFFRAME
280
     2
  9
$DGNFRAME
280
     0
  9
$REALWORLDSCALE
290
     1
  9
$INTERFERECOLOR
 62
     1
  9
$INTERFEREOBJVS
345
F9
  9
$INTERFEREVPVS
346
F6
  9
$CSHADOW
280
     0
  9
$SHADOWPLANELOCATION
 40
0.0
  0
ENDSEC
  0
SECTION
  2
CLASSES
  0
CLASS
  1
ACDBDICTIONARYWDFLT
  2
AcDbDictionaryWithDefault
  3
ObjectDBX Classes
 90
        0
 91
        1
280
     0
281
     0
  0
CLASS
  1
DICTIONARYVAR
  2
AcDbDictionaryVar
  3
ObjectDBX Classes
 90
        0
 91
       15
280
     0
281
     0
  0
CLASS
  1
TABLESTYLE
  2
AcDbTableStyle
  3
ObjectDBX Classes
 90
     4095
 91
        1
280
     0
281
     0
  0
CLASS
  1
MATERIAL
  2
AcDbMaterial
  3
ObjectDBX Classes
 90
     1153
 91
        3
280
     0
281
     0
  0
CLASS
  1
VISUALSTYLE
  2
AcDbVisualStyle
  3
ObjectDBX Classes
 90
     4095
 91
       24
280
     0
281
     0
  0
CLASS
  1
SCALE
  2
AcDbScale
  3
ObjectDBX Classes
 90
     1153
 91
       17
280
     0
281
     0
  0
CLASS
  1
MLEADERSTYLE
  2
AcDbMLeaderStyle
  3
ACDB_MLEADERSTYLE_CLASS
 90
     4095
 91
        1
280
     0
281
     0
  0
CLASS
  1
CELLSTYLEMAP
  2
AcDbCellStyleMap
  3
ObjectDBX Classes
 90
     1152
 91
        1
280
     0
281
     0
  0
CLASS
  1
EXACXREFPANELOBJECT
  2
ExAcXREFPanelObject
  3
EXAC_ESW
 90
     1025
 91
        0
280
     0
281
     0
  0
CLASS
  1
NPOCOLLECTION
  2
AcDbImpNonPersistentObjectsCollection
  3
ObjectDBX Classes
 90
     1153
 91
        0
280
     0
281
     0
  0
CLASS
  1
LAYER_INDEX
  2
AcDbLayerIndex
  3
ObjectDBX Classes
 90
        0
 91
        0
280
     0
281
     0
  0
CLASS
  1
SPATIAL_INDEX
  2
AcDbSpatialIndex
  3
ObjectDBX Classes
 90
        0
 91
        0
280
     0
281
     0
  0
CLASS
  1
IDBUFFER
  2
AcDbIdBuffer
  3
ObjectDBX Classes
 90
        0
 91
        0
280
     0
281
     0
  0
CLASS
  1
ACDBSECTIONVIEWSTYLE
  2
AcDbSectionViewStyle
  3
ObjectDBX Classes
 90
     1025
 91
        2
280
     0
281
     0
  0
CLASS
  1
ACDBDETAILVIEWSTYLE
  2
AcDbDetailViewStyle
  3
ObjectDBX Classes
 90
     1025
 91
        2
280
     0
281
     0
  0
CLASS
  1
SORTENTSTABLE
  2
AcDbSortentsTable
  3
ObjectDBX Classes
 90
        0
 91
        1
280
     0
281
     0
  0
CLASS
  1
ACARRAYJIGENTITY
  2
AcArrayJigEntity
  3
ACAD_ARRAY
 90
      129
 91
        0
280
     0
281
     1
  0
CLASS
  1
ACDBASSOCNETWORK
  2
AcDbAssocNetwork
  3
ObjectDBX Classes
 90
     1025
 91
        1
280
     0
281
     0
  0
CLASS
  1
ACDBASSOCACTION
  2
AcDbAssocAction
  3
ObjectDBX Classes
 90
     1025
 91
        0
280
     0
281
     0
  0
CLASS
  1
ACDBASSOCARRAYACTIONBODY
  2
AcDbAssocArrayActionBody
  3
ObjectDBX Classes
 90
     1025
 91
        0
280
     0
281
     0
  0
CLASS
  1
ACDBASSOCVERTEXACTIONPARAM
  2
AcDbAssocVertexActionParam
  3
ObjectDBX Classes
 90
     1025
 91
        0
280
     0
281
     0
  0
CLASS
  1
ACDBASSOCDEPENDENCY
  2
AcDbAssocDependency
  3
ObjectDBX Classes
 90
     1025
 91
        0
280
     0
281
     0
  0
CLASS
  1
ACDBASSOCARRAYRECTANGULARPARAMETERS
  2
AcDbAssocArrayRectangularParameters
  3
ObjectDBX Classes
 90
     1025
 91
        0
280
     0
281
     0
  0
CLASS
  1
DIMASSOC
  2
AcDbDimAssoc
  3
"AcDbDimAssoc|Product Desc:     AcDim ARX App For Dimension|Company:          Autodesk, Inc.|WEB Address:      www.autodesk.com"
 90
        0
 91
       23
280
     0
281
     0
  0
CLASS
  1
RAPIDRTRENDERSETTINGS
  2
AcDbRapidRTRenderSettings
  3
ObjectDBX Classes
 90
     1024
 91
        0
280
     0
281
     0
  0
CLASS
  1
MULTILEADER
  2
AcDbMLeader
  3
ACDB_MLEADER_CLASS
 90
     1025
 91
        1
280
     0
281
     1
  0
CLASS
  1
PDFDEFINITION
  2
AcDbPdfDefinition
  3
ObjectDBX Classes
 90
     1153
 91
        3
280
     0
281
     0
  0
CLASS
  1
PDFUNDERLAY
  2
AcDbPdfReference
  3
ObjectDBX Classes
 90
     4095
 91
        0
280
     0
281
     1
  0
CLASS
  1
ACDB_ALDIMOBJECTCONTEXTDATA_CLASS
  2
AcDbAlignedDimensionObjectContextData
  3
ObjectDBX Classes
 90
     1153
 91
        0
280
     0
281
     0
  0
CLASS
  1
ACDB_DYNAMICBLOCKPURGEPREVENTER_VERSION
  2
AcDbDynamicBlockPurgePreventer
  3
ObjectDBX Classes
 90
     1153
 91
        0
280
     0
281
     0
  0
CLASS
  1
PLOTSETTINGS
  2
AcDbPlotSettings
  3
ObjectDBX Classes
 90
        0
 91
        1
280
     0
281
     0
  0
ENDSEC
  0
SECTION
  2
TABLES
  0
TABLE
  2
VPORT
  5
8
330
0
100
AcDbSymbolTable
 70
     1
  0
VPORT
  5
EA
330
8
100
AcDbSymbolTableRecord
100
AcDbViewportTableRecord
  2
*Active
 70
     0
 10
0.0
 20
0.0
 11
1.0
 21
1.0
 12
89.75311247532555
 22
26.40327038138151
 13
0.0
 23
0.0
 14
10.0
 24
10.0
 15
10.0
 25
10.0
 16
0.0
 26
0.0
 36
1.0
 17
0.0
 27
0.0
 37
0.0
 40
101.3491990521816
 41
2.466233766233766
 42
50.0
 43
0.0
 44
0.0
 50
0.0
 51
0.0
 71
     0
 72
  1000
 73
     1
 74
     3
 75
     0
 76
     0
 77
     0
 78
     0
281
     0
 65
     1
110
0.0
120
0.0
130
0.0
111
1.0
121
0.0
131
0.0
112
0.0
122
1.0
132
0.0
 79
     0
146
0.0
348
F5
 60
     3
 61
     5
292
     1
282
     1
141
0.0
142
0.0
 63
   250
421
  3355443
1001
ACAD_NAV_VCDISPLAY
1070
     3
  0
ENDTAB
  0
TABLE
  2
LTYPE
  5
5
330
0
100
AcDbSymbolTable
 70
     3
  0
LTYPE
  5
14
330
5
100
AcDbSymbolTableRecord
100
AcDbLinetypeTableRecord
  2
ByBlock
 70
     0
  3

 72
    65
 73
     0
 40
0.0
  0
LTYPE
  5
15
330
5
100
AcDbSymbolTableRecord
100
AcDbLinetypeTableRecord
  2
ByLayer
 70
     0
  3

 72
    65
 73
     0
 40
0.0
  0
LTYPE
  5
16
330
5
100
AcDbSymbolTableRecord
100
AcDbLinetypeTableRecord
  2
Continuous
 70
     0
  3
Solid line
 72
    65
 73
     0
 40
0.0
  0
LTYPE
  5
2DF
330
5
100
AcDbSymbolTableRecord
100
AcDbLinetypeTableRecord
  2
ACAD_ISO08W100
 70
     0
  3
ISO long-dash short-dash ____ __ ____ __ ____ _
 72
    65
 73
     4
 40
36.0
 49
24.0
 74
     0
 49
-3.0
 74
     0
 49
6.0
 74
     0
 49
-3.0
 74
     0
  0
LTYPE
  5
457B3
330
5
100
AcDbSymbolTableRecord
100
AcDbLinetypeTableRecord
  2
ACAD_ISO02W100
 70
     0
  3
ISO dash __ __ __ __ __ __ __ __ __ __ __ __ __
 72
    65
 73
     2
 40
15.0
 49
12.0
 74
     0
 49
-3.0
 74
     0
  0
ENDTAB
  0
TABLE
  2
LAYER
  5
2
102
{ACAD_XDICTIONARY
360
1FF
102
}
330
0
100
AcDbSymbolTable
 70
    10
  0
LAYER
  5
10
102
{ACAD_XDICTIONARY
360
13C
102
}
330
2
100
AcDbSymbolTableRecord
100
AcDbLayerTableRecord
  2
0
 70
     0
 62
     7
  6
Continuous
370
    -3
390
F
347
EE
348
0
  0
LAYER
  5
25E
330
2
100
AcDbSymbolTableRecord
100
AcDbLayerTableRecord
  2
Outline
 70
     0
 62
     7
  6
Continuous
370
    30
390
F
347
EE
348
0
1001
AcAecLayerStandard
1000

1000

1001
AcCmTransparency
1071
        0
  0
LAYER
  5
261
330
2
100
AcDbSymbolTableRecord
100
AcDbLayerTableRecord
  2
细实线
 70
     0
 62
     7
  6
Continuous
370
    15
390
F
347
EE
348
0
1001
AcAecLayerStandard
1000

1000

1001
AcCmTransparency
1071
        0
  0
LAYER
  5
384
330
2
100
AcDbSymbolTableRecord
100
AcDbLayerTableRecord
  2
Defpoints
 70
     0
 62
     7
  6
Continuous
290
     0
370
    -3
390
F
347
EE
348
0
  0
LAYER
  5
4CC1
330
2
100
AcDbSymbolTableRecord
100
AcDbLayerTableRecord
  2
SYM_PART_NAME_01
 70
     0
 62
   254
  6
Continuous
370
    -3
390
F
347
EE
348
0
  0
LAYER
  5
4CC2
330
2
100
AcDbSymbolTableRecord
100
AcDbLayerTableRecord
  2
SYM_PART_TYPE_01
 70
     0
 62
   254
  6
Continuous
370
    -3
390
F
347
EE
348
0
  0
LAYER
  5
1E7A4
330
2
100
AcDbSymbolTableRecord
100
AcDbLayerTableRecord
  2
DRIL_SYMBOL
 70
     0
 62
     6
  6
Continuous
370
    -3
390
F
347
EE
348
0
  0
LAYER
  5
44C39
330
2
100
AcDbSymbolTableRecord
100
AcDbLayerTableRecord
  2
SOLDERMASKTOP_P
 70
     0
 62
     5
  6
Continuous
370
    -3
390
F
347
EE
348
0
  0
LAYER
  5
457B4
330
2
100
AcDbSymbolTableRecord
100
AcDbLayerTableRecord
  2
图框
 70
     0
 62
     7
  6
Continuous
370
    35
390
F
347
EE
348
0
  0
LAYER
  5
457B5
330
2
100
AcDbSymbolTableRecord
100
AcDbLayerTableRecord
  2
DELETE
 70
     0
 62
    10
  6
Continuous
370
    -3
390
F
347
EE
348
0
  0
ENDTAB
  0
TABLE
  2
STYLE
  5
3
330
0
100
AcDbSymbolTable
 70
     2
  0
STYLE
  5
11
330
3
100
AcDbSymbolTableRecord
100
AcDbTextStyleTableRecord
  2
Standard
 70
     0
 40
0.0
 41
1.0
 50
0.0
 71
     0
 42
2.5
  3
arial.ttf
  4

1001
ACAD
1000
Arial
1071
       34
  0
STYLE
  5
4CCF
330
3
100
AcDbSymbolTableRecord
100
AcDbTextStyleTableRecord
  2
W0$127R0
 70
     0
 40
0.0
 41
0.75
 50
0.0
 71
     0
 42
0.0
  3
simplex
  4

  0
ENDTAB
  0
TABLE
  2
VIEW
  5
6
330
0
100
AcDbSymbolTable
 70
     0
  0
ENDTAB
  0
TABLE
  2
UCS
  5
7
330
0
100
AcDbSymbolTable
 70
     0
  0
ENDTAB
  0
TABLE
  2
APPID
  5
9
330
0
100
AcDbSymbolTable
 70
    22
  0
APPID
  5
12
330
9
100
AcDbSymbolTableRecord
100
AcDbRegAppTableRecord
  2
ACAD
 70
     0
  0
APPID
  5
9E
330
9
100
AcDbSymbolTableRecord
100
AcDbRegAppTableRecord
  2
ACAD_PSEXT
 70
     0
  0
APPID
  5
133
330
9
100
AcDbSymbolTableRecord
100
AcDbRegAppTableRecord
  2
AcadAnnoPO
 70
     0
  0
APPID
  5
134
330
9
100
AcDbSymbolTableRecord
100
AcDbRegAppTableRecord
  2
AcadAnnotative
 70
     0
  0
APPID
  5
135
330
9
100
AcDbSymbolTableRecord
100
AcDbRegAppTableRecord
  2
ACAD_DSTYLE_DIMJAG
 70
     0
  0
APPID
  5
136
330
9
100
AcDbSymbolTableRecord
100
AcDbRegAppTableRecord
  2
ACAD_DSTYLE_DIMTALN
 70
     0
  0
APPID
  5
165
330
9
100
AcDbSymbolTableRecord
100
AcDbRegAppTableRecord
  2
ACAD_MLEADERVER
 70
     0
  0
APPID
  5
217
330
9
100
AcDbSymbolTableRecord
100
AcDbRegAppTableRecord
  2
ACAD_NAV_VCDISPLAY
 70
     0
  0
APPID
  5
25F
330
9
100
AcDbSymbolTableRecord
100
AcDbRegAppTableRecord
  2
AcAecLayerStandard
 70
     0
  0
APPID
  5
260
330
9
100
AcDbSymbolTableRecord
100
AcDbRegAppTableRecord
  2
AcCmTransparency
 70
     0
  0
APPID
  5
26A
330
9
100
AcDbSymbolTableRecord
100
AcDbRegAppTableRecord
  2
DCO15
 70
     0
  0
APPID
  5
26F
330
9
100
AcDbSymbolTableRecord
100
AcDbRegAppTableRecord
  2
ACAD_EXEMPT_FROM_CAD_STANDARDS
 70
     0
  0
APPID
  5
7C1
330
9
100
AcDbSymbolTableRecord
100
AcDbRegAppTableRecord
  2
AcadAnnoMonitorAlertIconDisabled
 70
     0
  0
APPID
  5
A54
330
9
100
AcDbSymbolTableRecord
100
AcDbRegAppTableRecord
  2
GradientColor1ACI
 70
     0
  0
APPID
  5
A55
330
9
100
AcDbSymbolTableRecord
100
AcDbRegAppTableRecord
  2
GradientColor2ACI
 70
     0
  0
APPID
  5
1FA5
330
9
100
AcDbSymbolTableRecord
100
AcDbRegAppTableRecord
  2
ACAD_DSTYLE_DIMRADIAL_EXTENSION
 70
     0
  0
APPID
  5
C15C
330
9
100
AcDbSymbolTableRecord
100
AcDbRegAppTableRecord
  2
AdeskUnderlayLayerOverrideData
 70
     0
  0
APPID
  5
C6DC
330
9
100
AcDbSymbolTableRecord
100
AcDbRegAppTableRecord
  2
ACAD_DSTYLE_DIMBREAK
 70
     0
  0
APPID
  5
F0CE
330
9
100
AcDbSymbolTableRecord
100
AcDbRegAppTableRecord
  2
AcDbDynamicBlockTrueName2
 70
     0
  0
APPID
  5
F0CF
330
9
100
AcDbSymbolTableRecord
100
AcDbRegAppTableRecord
  2
AcDbDynamicBlockGUID
 70
     0
  0
APPID
  5
1FCB7
330
9
100
AcDbSymbolTableRecord
100
AcDbRegAppTableRecord
  2
ACAD_DSTYLE_DIMJOGGED_JOGANGLE_SYMBOL
 70
     0
  0
APPID
  5
24823
330
9
100
AcDbSymbolTableRecord
100
AcDbRegAppTableRecord
  2
HATCHBACKGROUNDCOLOR
 70
     0
  0
ENDTAB
  0
TABLE
  2
DIMSTYLE
  5
A
330
0
100
AcDbSymbolTable
 70
     4
100
AcDbDimStyleTable
 71
     1
340
27
  0
DIMSTYLE
105
1B0
330
A
100
AcDbSymbolTableRecord
100
AcDbDimStyleTableRecord
  2
Standard
 70
     0
340
11
  0
DIMSTYLE
105
27
102
{ACAD_REACTORS
330
45915
330
45918
330
4591B
330
4591F
330
45922
330
45925
330
45928
330
4592B
330
4592E
330
45931
330
45935
330
45938
330
4594D
330
45954
330
45957
330
4595C
330
4595F
330
45961
330
45964
330
45967
330
4596A
330
4596D
330
45976
330
45979
102
}
330
A
100
AcDbSymbolTableRecord
100
AcDbDimStyleTableRecord
  2
ISO-25
 70
     0
 41
1.0
 42
0.2
 43
3.75
 44
1.25
 73
     0
 74
     0
 77
     1
 78
     1
140
1.0
141
2.5
143
0.03937007874016
147
0.625
171
     3
172
     1
271
     2
272
     2
274
     3
283
     0
284
     8
340
11
1001
ACAD_DSTYLE_DIMJAG
1070
   388
1040
1.5
1001
ACAD_DSTYLE_DIMTALN
1070
   392
1070
     0
  0
DIMSTYLE
105
457B6
330
A
100
AcDbSymbolTableRecord
100
AcDbDimStyleTableRecord
  2
Annotative
 70
     0
 40
0.0
 41
2.5
 42
0.625
 43
3.75
 44
1.25
 73
     0
 74
     0
 77
     1
 78
     8
140
2.5
141
2.5
143
0.03937007874016
147
0.625
171
     3
172
     1
271
     2
272
     2
274
     3
278
    44
283
     0
284
     8
340
11
1001
AcadAnnotative
1000
AnnotativeData
1002
{
1070
     1
1070
     1
1002
}
1001
ACAD_DSTYLE_DIMJAG
1070
   388
1040
1.5
1001
ACAD_DSTYLE_DIMTALN
1070
   392
1070
     0
  0
DIMSTYLE
105
457B7
330
A
100
AcDbSymbolTableRecord
100
AcDbDimStyleTableRecord
  2
02U
 70
     0
  3
\X
 41
0.05
 43
1.0
 47
0.1
 48
0.1
 49
0.5
 71
     1
 73
     0
 79
     2
144
-25.4
171
     1
176
   256
179
     2
271
     1
272
     1
274
     1
279
     2
280
     1
286
     9
290
     1
340
11
1001
AcadAnnotative
1000
AnnotativeData
1002
{
1070
     1
1070
     1
1002
}
1001
ACAD_DSTYLE_DIMJAG
1070
   388
1040
1.5
1001
ACAD_DSTYLE_DIMTALN
1070
   392
1070
     0
  0
ENDTAB
  0
TABLE
  2
BLOCK_RECORD
  5
1
330
0
100
AcDbSymbolTable
 70
    78
  0
BLOCK_RECORD
  5
1F
102
{ACAD_XDICTIONARY
360
1CE
102
}
330
1
100
AcDbSymbolTableRecord
100
AcDbBlockTableRecord
  2
*Model_Space
340
22
 70
     0
280
     1
281
     0
  0
BLOCK_RECORD
  5
D2
330
1
100
AcDbSymbolTableRecord
100
AcDbBlockTableRecord
  2
*Paper_Space
340
D3
 70
     0
280
     1
281
     0
  0
BLOCK_RECORD
  5
D6
330
1
100
AcDbSymbolTableRecord
100
AcDbBlockTableRecord
  2
*Paper_Space0
340
D7
 70
     0
280
     1
281
     0
  0
BLOCK_RECORD
  5
4CA2
330
1
100
AcDbSymbolTableRecord
100
AcDbBlockTableRecord
  2
DRIL_SYMBOL_0
340
0
 70
     0
280
     1
281
     0
  0
BLOCK_RECORD
  5
1E765
330
1
100
AcDbSymbolTableRecord
100
AcDbBlockTableRecord
  2
DRIL_SYMBOL_0$55
340
0
 70
     0
280
     1
281
     0
  0
BLOCK_RECORD
  5
459A8
330
1
100
AcDbSymbolTableRecord
100
AcDbBlockTableRecord
  2
*D54
340
0
 70
     0
280
     1
281
     0
  0
BLOCK_RECORD
  5
459B6
330
1
100
AcDbSymbolTableRecord
100
AcDbBlockTableRecord
  2
*D55
340
0
 70
     0
280
     1
281
     0
  0
BLOCK_RECORD
  5
459C4
330
1
100
AcDbSymbolTableRecord
100
AcDbBlockTableRecord
  2
*D56
340
0
 70
     0
280
     1
281
     0
  0
BLOCK_RECORD
  5
459D2
330
1
100
AcDbSymbolTableRecord
100
AcDbBlockTableRecord
  2
*D57
340
0
 70
     0
280
     1
281
     0
  0
BLOCK_RECORD
  5
459E0
330
1
100
AcDbSymbolTableRecord
100
AcDbBlockTableRecord
  2
*D58
340
0
 70
     0
280
     1
281
     0
  0
BLOCK_RECORD
  5
459EC
330
1
100
AcDbSymbolTableRecord
100
AcDbBlockTableRecord
  2
*D59
340
0
 70
     0
280
     1
281
     0
  0
BLOCK_RECORD
  5
459F8
330
1
100
AcDbSymbolTableRecord
100
AcDbBlockTableRecord
  2
*D60
340
0
 70
     0
280
     1
281
     0
  0
BLOCK_RECORD
  5
45A06
330
1
100
AcDbSymbolTableRecord
100
AcDbBlockTableRecord
  2
*D61
340
0
 70
     0
280
     1
281
     0
  0
BLOCK_RECORD
  5
45A14
330
1
100
AcDbSymbolTableRecord
100
AcDbBlockTableRecord
  2
*D62
340
0
 70
     0
280
     1
281
     0
  0
BLOCK_RECORD
  5
45A22
330
1
100
AcDbSymbolTableRecord
100
AcDbBlockTableRecord
  2
*D63
340
0
 70
     0
280
     1
281
     0
  0
BLOCK_RECORD
  5
45A30
330
1
100
AcDbSymbolTableRecord
100
AcDbBlockTableRecord
  2
*D64
340
0
 70
     0
280
     1
281
     0
  0
BLOCK_RECORD
  5
45A3E
330
1
100
AcDbSymbolTableRecord
100
AcDbBlockTableRecord
  2
*D65
340
0
 70
     0
280
     1
281
     0
  0
BLOCK_RECORD
  5
45A4A
330
1
100
AcDbSymbolTableRecord
100
AcDbBlockTableRecord
  2
*D66
340
0
 70
     0
280
     1
281
     0
  0
BLOCK_RECORD
  5
45A58
330
1
100
AcDbSymbolTableRecord
100
AcDbBlockTableRecord
  2
*D67
340
0
 70
     0
280
     1
281
     0
  0
BLOCK_RECORD
  5
45A66
330
1
100
AcDbSymbolTableRecord
100
AcDbBlockTableRecord
  2
*D68
340
0
 70
     0
280
     1
281
     0
  0
BLOCK_RECORD
  5
45A74
330
1
100
AcDbSymbolTableRecord
100
AcDbBlockTableRecord
  2
*D69
340
0
 70
     0
280
     1
281
     0
  0
BLOCK_RECORD
  5
45A80
330
1
100
AcDbSymbolTableRecord
100
AcDbBlockTableRecord
  2
*D70
340
0
 70
     0
280
     1
281
     0
  0
BLOCK_RECORD
  5
45A97
330
1
100
AcDbSymbolTableRecord
100
AcDbBlockTableRecord
  2
*D71
340
0
 70
     0
280
     1
281
     0
  0
BLOCK_RECORD
  5
45AA3
330
1
100
AcDbSymbolTableRecord
100
AcDbBlockTableRecord
  2
*D72
340
0
 70
     0
280
     1
281
     0
  0
BLOCK_RECORD
  5
45AAF
330
1
100
AcDbSymbolTableRecord
100
AcDbBlockTableRecord
  2
*D73
340
0
 70
     0
280
     1
281
     0
  0
BLOCK_RECORD
  5
45ABD
330
1
100
AcDbSymbolTableRecord
100
AcDbBlockTableRecord
  2
*D74
340
0
 70
     0
280
     1
281
     0
  0
BLOCK_RECORD
  5
45ACB
330
1
100
AcDbSymbolTableRecord
100
AcDbBlockTableRecord
  2
*D75
340
0
 70
     0
280
     1
281
     0
  0
BLOCK_RECORD
  5
45AD9
330
1
100
AcDbSymbolTableRecord
100
AcDbBlockTableRecord
  2
*D76
340
0
 70
     0
280
     1
281
     0
  0
BLOCK_RECORD
  5
45AE5
330
1
100
AcDbSymbolTableRecord
100
AcDbBlockTableRecord
  2
*D77
340
0
 70
     0
280
     1
281
     0
  0
ENDTAB
  0
ENDSEC
  0
SECTION
  2
BLOCKS
  0
BLOCK
  5
20
330
1F
100
AcDbEntity
  8
0
100
AcDbBlockBegin
  2
*Model_Space
 70
     0
 10
0.0
 20
0.0
 30
0.0
  3
*Model_Space
  1

  0
ENDBLK
  5
21
330
1F
100
AcDbEntity
  8
0
100
AcDbBlockEnd
  0
BLOCK
  5
D4
330
D2
100
AcDbEntity
 67
     1
  8
0
100
AcDbBlockBegin
  2
*Paper_Space
 70
     0
 10
0.0
 20
0.0
 30
0.0
  3
*Paper_Space
  1

  0
ENDBLK
  5
D5
330
D2
100
AcDbEntity
 67
     1
  8
0
100
AcDbBlockEnd
  0
BLOCK
  5
D8
330
D6
100
AcDbEntity
 67
     1
  8
0
100
AcDbBlockBegin
  2
*Paper_Space0
 70
     0
 10
0.0
 20
0.0
 30
0.0
  3
*Paper_Space0
  1

  0
ENDBLK
  5
D9
330
D6
100
AcDbEntity
 67
     1
  8
0
100
AcDbBlockEnd
  0
BLOCK
  5
4CA3
330
4CA2
100
AcDbEntity
  8
0
100
AcDbBlockBegin
  2
DRIL_SYMBOL_0
 70
     0
 10
0.0
 20
0.0
 30
0.0
  3
DRIL_SYMBOL_0
  1

  0
ENDBLK
  5
4CA4
330
4CA2
100
AcDbEntity
  8
0
100
AcDbBlockEnd
  0
BLOCK
  5
1E766
330
1E765
100
AcDbEntity
  8
0
100
AcDbBlockBegin
  2
DRIL_SYMBOL_0$55
 70
     0
 10
0.0
 20
0.0
 30
0.0
  3
DRIL_SYMBOL_0$55
  1

  0
LWPOLYLINE
  5
1E767
330
1E765
100
AcDbEntity
  8
DRIL_SYMBOL
100
AcDbPolyline
 90
        2
 70
     0
 43
0.0508
 10
0.0
 20
-0.254
 10
0.0
 20
0.254
  0
LWPOLYLINE
  5
1E768
330
1E765
100
AcDbEntity
  8
DRIL_SYMBOL
100
AcDbPolyline
 90
        2
 70
     0
 43
0.0508
 10
-0.254
 20
0.0
 10
0.254
 20
0.0
  0
ENDBLK
  5
1E769
330
1E765
100
AcDbEntity
  8
0
100
AcDbBlockEnd
  0
BLOCK
  5
459A9
330
459A8
100
AcDbEntity
  8
0
 62
   240
100
AcDbBlockBegin
  2
*D54
 70
     1
 10
0.0
 20
0.0
 30
0.0
  3
*D54
  1

  0
LINE
  5
45A8C
330
459A8
100
AcDbEntity
  8
细实线
 62
     0
440
 16777216
370
    -2
100
AcDbLine
 10
96.49089265131539
 20
5.497354797621556
 30
0.0
 11
96.49089265131539
 21
2.210410777469405
 31
0.0
  0
LINE
  5
45A8D
330
459A8
100
AcDbEntity
  8
细实线
 62
     0
440
 16777216
370
    -2
100
AcDbLine
 10
97.19088076762899
 20
6.19731071515419
 30
0.0
 11
97.19088076762899
 21
2.210410777469405
 31
0.0
  0
LINE
  5
45A8E
330
459A8
100
AcDbEntity
  8
细实线
 62
     0
440
 16777216
370
    -2
100
AcDbLine
 10
95.4908926513154
 20
3.460410777469405
 30
0.0
 11
94.49089265131538
 21
3.460410777469405
 31
0.0
  0
LINE
  5
45A8F
330
459A8
100
AcDbEntity
  8
细实线
 62
     0
440
 16777216
370
    -2
100
AcDbLine
 10
98.19088076762898
 20
3.460410777469405
 30
0.0
 11
103.035014464764
 21
3.460410777469405
 31
0.0
  0
LINE
  5
45A90
330
459A8
100
AcDbEntity
  8
细实线
 62
     0
440
 16777216
370
    -2
100
AcDbLine
 10
96.49089265131539
 20
3.460410777469405
 30
0.0
 11
97.19088076762899
 21
3.460410777469405
 31
0.0
  0
SOLID
  5
45A91
330
459A8
100
AcDbEntity
  8
细实线
 62
     0
440
 16777216
100
AcDbTrace
 10
95.4908926513154
 20
3.627077444136072
 30
0.0
 11
95.4908926513154
 21
3.293744110802739
 31
0.0
 12
96.49089265131539
 22
3.460410777469405
 32
0.0
 13
96.49089265131539
 23
3.460410777469405
 33
0.0
  0
SOLID
  5
45A92
330
459A8
100
AcDbEntity
  8
细实线
 62
     0
440
 16777216
100
AcDbTrace
 10
98.19088076762898
 20
3.627077444136072
 30
0.0
 11
98.19088076762898
 21
3.293744110802739
 31
0.0
 12
97.19088076762899
 22
3.460410777469405
 32
0.0
 13
97.19088076762899
 23
3.460410777469405
 33
0.0
  0
MTEXT
  5
45A93
330
459A8
100
AcDbEntity
  8
细实线
 62
     0
440
 16777216
100
AcDbMText
 10
101.1129476161965
 20
4.595983765191097
 30
0.0
 40
1.0
 41
0.0
 46
0.0
 71
     5
 72
     1
  1
0.70
 73
     1
 44
1.0
  0
POINT
  5
45A94
330
459A8
100
AcDbEntity
  8
Defpoints
 62
     0
440
 16777216
100
AcDbPoint
 10
96.49089265131539
 20
5.697354797621557
 30
0.0
  0
POINT
  5
45A95
330
459A8
100
AcDbEntity
  8
Defpoints
 62
     0
440
 16777216
100
AcDbPoint
 10
97.19088076762899
 20
6.397310715154191
 30
0.0
  0
POINT
  5
45A96
330
459A8
100
AcDbEntity
  8
Defpoints
 62
     0
440
 16777216
100
AcDbPoint
 10
97.19088076762899
 20
3.460410777469405
 30
0.0
  0
ENDBLK
  5
459AA
330
459A8
100
AcDbEntity
  8
0
 62
   240
100
AcDbBlockEnd
  0
BLOCK
  5
459B7
330
459B6
100
AcDbEntity
  8
0
 62
   240
100
AcDbBlockBegin
  2
*D55
 70
     1
 10
0.0
 20
0.0
 30
0.0
  3
*D55
  1

  0
LINE
  5
459B9
330
459B6
100
AcDbEntity
  8
细实线
 62
     0
440
 16777216
370
    -2
100
AcDbLine
 10
98.76593058972469
 20
29.59731071515414
 30
0.0
 11
98.76593058972469
 21
32.30289932221098
 31
0.0
  0
LINE
  5
459BA
330
459B6
100
AcDbEntity
  8
细实线
 62
     0
440
 16777216
370
    -2
100
AcDbLine
 10
98.36593058972477
 20
29.59731071515414
 30
0.0
 11
98.36593058972477
 21
32.30289932221098
 31
0.0
  0
LINE
  5
459BB
330
459B6
100
AcDbEntity
  8
细实线
 62
     0
440
 16777216
370
    -2
100
AcDbLine
 10
99.76593058972468
 20
31.05289932221098
 30
0.0
 11
100.7659305897247
 21
31.05289932221098
 31
0.0
  0
LINE
  5
459BC
330
459B6
100
AcDbEntity
  8
细实线
 62
     0
440
 16777216
370
    -2
100
AcDbLine
 10
97.36593058972477
 20
31.05289932221098
 30
0.0
 11
86.66781650902274
 21
31.05289932221098
 31
0.0
  0
LINE
  5
459BD
330
459B6
100
AcDbEntity
  8
细实线
 62
     0
440
 16777216
370
    -2
100
AcDbLine
 10
98.76593058972469
 20
31.05289932221098
 30
0.0
 11
98.36593058972477
 21
31.05289932221098
 31
0.0
  0
SOLID
  5
459BE
330
459B6
100
AcDbEntity
  8
细实线
 62
     0
440
 16777216
100
AcDbTrace
 10
99.76593058972468
 20
31.21956598887765
 30
0.0
 11
99.76593058972468
 21
30.88623265554431
 31
0.0
 12
98.76593058972469
 22
31.05289932221098
 32
0.0
 13
98.76593058972469
 23
31.05289932221098
 33
0.0
  0
SOLID
  5
459BF
330
459B6
100
AcDbEntity
  8
细实线
 62
     0
440
 16777216
100
AcDbTrace
 10
97.36593058972477
 20
31.21956598887765
 30
0.0
 11
97.36593058972477
 21
30.88623265554431
 31
0.0
 12
98.36593058972477
 22
31.05289932221098
 32
0.0
 13
98.36593058972477
 23
31.05289932221098
 33
0.0
  0
MTEXT
  5
459C0
330
459B6
100
AcDbEntity
  8
细实线
 62
     0
440
 16777216
100
AcDbMText
 10
90.10420805063256
 20
32.18847230993267
 30
0.0
 40
1.0
 41
0.0
 46
0.0
 71
     5
 72
     1
  1
94 x 0.40
 73
     1
 44
1.0
  0
POINT
  5
459C1
330
459B6
100
AcDbEntity
  8
Defpoints
 62
     0
440
 16777216
100
AcDbPoint
 10
98.76593058972469
 20
29.39731071515414
 30
0.0
  0
POINT
  5
459C2
330
459B6
100
AcDbEntity
  8
Defpoints
 62
     0
440
 16777216
100
AcDbPoint
 10
98.36593058972477
 20
29.39731071515414
 30
0.0
  0
POINT
  5
459C3
330
459B6
100
AcDbEntity
  8
Defpoints
 62
     0
440
 16777216
100
AcDbPoint
 10
98.36593058972477
 20
31.05289932221098
 30
0.0
  0
ENDBLK
  5
459B8
330
459B6
100
AcDbEntity
  8
0
 62
   240
100
AcDbBlockEnd
  0
BLOCK
  5
459C5
330
459C4
100
AcDbEntity
  8
0
 62
   240
100
AcDbBlockBegin
  2
*D56
 70
     1
 10
0.0
 20
0.0
 30
0.0
  3
*D56
  1

  0
LINE
  5
459C7
330
459C4
100
AcDbEntity
  8
细实线
 62
     0
440
 16777216
370
    -2
100
AcDbLine
 10
98.16593058972477
 20
29.39731071515414
 30
0.0
 11
87.79164723941438
 21
29.39731071515414
 31
0.0
  0
LINE
  5
459C8
330
459C4
100
AcDbEntity
  8
细实线
 62
     0
440
 16777216
370
    -2
100
AcDbLine
 10
98.16593058972477
 20
28.59731071515418
 30
0.0
 11
87.79164723941438
 21
28.59731071515419
 31
0.0
  0
LINE
  5
459C9
330
459C4
100
AcDbEntity
  8
细实线
 62
     0
440
 16777216
370
    -2
100
AcDbLine
 10
89.04164723941438
 20
30.39731071515414
 30
0.0
 11
89.04164723941438
 21
31.39731071515413
 31
0.0
  0
LINE
  5
459CA
330
459C4
100
AcDbEntity
  8
细实线
 62
     0
440
 16777216
370
    -2
100
AcDbLine
 10
89.04164723941438
 20
27.59731071515418
 30
0.0
 11
89.04164723941438
 21
19.72452763193453
 31
0.0
  0
LINE
  5
459CB
330
459C4
100
AcDbEntity
  8
细实线
 62
     0
440
 16777216
370
    -2
100
AcDbLine
 10
89.04164723941438
 20
29.39731071515414
 30
0.0
 11
89.04164723941438
 21
28.59731071515418
 31
0.0
  0
SOLID
  5
459CC
330
459C4
100
AcDbEntity
  8
细实线
 62
     0
440
 16777216
100
AcDbTrace
 10
88.8749805727477
 20
30.39731071515414
 30
0.0
 11
89.20831390608105
 21
30.39731071515414
 31
0.0
 12
89.04164723941438
 22
29.39731071515414
 32
0.0
 13
89.04164723941438
 23
29.39731071515414
 33
0.0
  0
SOLID
  5
459CD
330
459C4
100
AcDbEntity
  8
细实线
 62
     0
440
 16777216
100
AcDbTrace
 10
88.8749805727477
 20
27.59731071515418
 30
0.0
 11
89.20831390608105
 21
27.59731071515418
 31
0.0
 12
89.04164723941438
 22
28.59731071515418
 32
0.0
 13
89.04164723941438
 23
28.59731071515418
 33
0.0
  0
MTEXT
  5
459CE
330
459C4
100
AcDbEntity
  8
细实线
 62
     0
440
 16777216
100
AcDbMText
 10
87.90607425169268
 20
23.16091917354437
 30
0.0
 40
1.0
 41
0.0
 46
0.0
 71
     5
 72
     1
  1
94 x 0.80
 11
0.0000000000000001
 21
1.0
 31
0.0
 73
     1
 44
1.0
  0
POINT
  5
459CF
330
459C4
100
AcDbEntity
  8
Defpoints
 62
     0
440
 16777216
100
AcDbPoint
 10
98.36593058972477
 20
29.39731071515414
 30
0.0
  0
POINT
  5
459D0
330
459C4
100
AcDbEntity
  8
Defpoints
 62
     0
440
 16777216
100
AcDbPoint
 10
98.36593058972477
 20
28.59731071515418
 30
0.0
  0
POINT
  5
459D1
330
459C4
100
AcDbEntity
  8
Defpoints
 62
     0
440
 16777216
100
AcDbPoint
 10
89.04164723941438
 20
28.59731071515418
 30
0.0
  0
ENDBLK
  5
459C6
330
459C4
100
AcDbEntity
  8
0
 62
   240
100
AcDbBlockEnd
  0
BLOCK
  5
459D3
330
459D2
100
AcDbEntity
  8
0
 62
   240
100
AcDbBlockBegin
  2
*D57
 70
     1
 10
0.0
 20
0.0
 30
0.0
  3
*D57
  1

  0
LINE
  5
459D5
330
459D2
100
AcDbEntity
  8
细实线
 62
     0
440
 16777216
370
    -2
100
AcDbLine
 10
118.390880767629
 20
29.39731071515416
 30
0.0
 11
122.3354776644756
 21
29.39731071515416
 31
0.0
  0
LINE
  5
459D6
330
459D2
100
AcDbEntity
  8
细实线
 62
     0
440
 16777216
370
    -2
100
AcDbLine
 10
118.390880767629
 20
28.59731071515424
 30
0.0
 11
122.3354776644756
 21
28.59731071515423
 31
0.0
  0
LINE
  5
459D7
330
459D2
100
AcDbEntity
  8
细实线
 62
     0
440
 16777216
370
    -2
100
AcDbLine
 10
121.0854776644756
 20
30.39731071515416
 30
0.0
 11
121.0854776644756
 21
31.39731071515416
 31
0.0
  0
LINE
  5
459D8
330
459D2
100
AcDbEntity
  8
细实线
 62
     0
440
 16777216
370
    -2
100
AcDbLine
 10
121.0854776644756
 20
27.59731071515423
 30
0.0
 11
121.0854776644756
 21
20.46122613125247
 31
0.0
  0
LINE
  5
459D9
330
459D2
100
AcDbEntity
  8
细实线
 62
     0
440
 16777216
370
    -2
100
AcDbLine
 10
121.0854776644756
 20
29.39731071515416
 30
0.0
 11
121.0854776644756
 21
28.59731071515423
 31
0.0
  0
SOLID
  5
459DA
330
459D2
100
AcDbEntity
  8
细实线
 62
     0
440
 16777216
100
AcDbTrace
 10
120.918810997809
 20
30.39731071515416
 30
0.0
 11
121.2521443311423
 21
30.39731071515416
 31
0.0
 12
121.0854776644756
 22
29.39731071515416
 32
0.0
 13
121.0854776644756
 23
29.39731071515416
 33
0.0
  0
SOLID
  5
459DB
330
459D2
100
AcDbEntity
  8
细实线
 62
     0
440
 16777216
100
AcDbTrace
 10
120.918810997809
 20
27.59731071515423
 30
0.0
 11
121.2521443311423
 21
27.59731071515423
 31
0.0
 12
121.0854776644756
 22
28.59731071515423
 32
0.0
 13
121.0854776644756
 23
28.59731071515423
 33
0.0
  0
MTEXT
  5
459DC
330
459D2
100
AcDbEntity
  8
细实线
 62
     0
440
 16777216
100
AcDbMText
 10
119.9499046767539
 20
23.52926842320337
 30
0.0
 40
1.0
 41
0.0
 46
0.0
 71
     5
 72
     1
  1
4 x 0.80
 11
0.0000000000000001
 21
1.0
 31
0.0
 73
     1
 44
1.0
  0
POINT
  5
459DD
330
459D2
100
AcDbEntity
  8
Defpoints
 62
     0
440
 16777216
100
AcDbPoint
 10
118.190880767629
 20
29.39731071515416
 30
0.0
  0
POINT
  5
459DE
330
459D2
100
AcDbEntity
  8
Defpoints
 62
     0
440
 16777216
100
AcDbPoint
 10
118.190880767629
 20
28.59731071515424
 30
0.0
  0
POINT
  5
459DF
330
459D2
100
AcDbEntity
  8
Defpoints
 62
     0
440
 16777216
100
AcDbPoint
 10
121.0854776644756
 20
28.59731071515423
 30
0.0
  0
ENDBLK
  5
459D4
330
459D2
100
AcDbEntity
  8
0
 62
   240
100
AcDbBlockEnd
  0
BLOCK
  5
459E1
330
459E0
100
AcDbEntity
  8
0
 62
   240
100
AcDbBlockBegin
  2
*D58
 70
     1
 10
0.0
 20
0.0
 30
0.0
  3
*D58
  1

  0
LINE
  5
459E3
330
459E0
100
AcDbEntity
  8
细实线
 62
     0
440
 16777216
370
    -2
100
AcDbLine
 10
96.590880767629
 20
27.89731071515419
 30
0.0
 11
92.26641618069697
 21
27.89731071515419
 31
0.0
  0
LINE
  5
459E4
330
459E0
100
AcDbEntity
  8
细实线
 62
     0
440
 16777216
370
    -2
100
AcDbLine
 10
96.590880767629
 20
7.497310715154185
 30
0.0
 11
92.26641618069697
 21
7.497310715154186
 31
0.0
  0
LINE
  5
459E5
330
459E0
100
AcDbEntity
  8
细实线
 62
     0
440
 16777216
370
    -2
100
AcDbLine
 10
93.51641618069697
 20
26.89731071515419
 30
0.0
 11
93.51641618069697
 21
8.497310715154185
 31
0.0
  0
SOLID
  5
459E6
330
459E0
100
AcDbEntity
  8
细实线
 62
     0
440
 16777216
100
AcDbTrace
 10
93.34974951403031
 20
26.89731071515419
 30
0.0
 11
93.68308284736365
 21
26.89731071515419
 31
0.0
 12
93.51641618069697
 22
27.89731071515419
 32
0.0
 13
93.51641618069697
 23
27.89731071515419
 33
0.0
  0
SOLID
  5
459E7
330
459E0
100
AcDbEntity
  8
细实线
 62
     0
440
 16777216
100
AcDbTrace
 10
93.34974951403031
 20
8.497310715154185
 30
0.0
 11
93.68308284736365
 21
8.497310715154185
 31
0.0
 12
93.51641618069697
 22
7.497310715154186
 32
0.0
 13
93.51641618069697
 23
7.497310715154186
 33
0.0
  0
MTEXT
  5
459E8
330
459E0
100
AcDbEntity
  8
细实线
 62
     0
440
 16777216
100
AcDbMText
 10
92.38084319297529
 20
17.6973107151542
 30
0.0
 40
1.0
 41
0.0
 46
0.0
 71
     5
 72
     1
  1
20.40
 11
0.0000000000000001
 21
1.0
 31
0.0
 73
     1
 44
1.0
  0
POINT
  5
459E9
330
459E0
100
AcDbEntity
  8
Defpoints
 62
     0
440
 16777216
100
AcDbPoint
 10
96.79088076762901
 20
27.89731071515419
 30
0.0
  0
POINT
  5
459EA
330
459E0
100
AcDbEntity
  8
Defpoints
 62
     0
440
 16777216
100
AcDbPoint
 10
96.79088076762901
 20
7.497310715154185
 30
0.0
  0
POINT
  5
459EB
330
459E0
100
AcDbEntity
  8
Defpoints
 62
     0
440
 16777216
100
AcDbPoint
 10
93.51641618069697
 20
7.497310715154186
 30
0.0
  0
ENDBLK
  5
459E2
330
459E0
100
AcDbEntity
  8
0
 62
   240
100
AcDbBlockEnd
  0
BLOCK
  5
459ED
330
459EC
100
AcDbEntity
  8
0
 62
   240
100
AcDbBlockBegin
  2
*D59
 70
     1
 10
0.0
 20
0.0
 30
0.0
  3
*D59
  1

  0
LINE
  5
459EF
330
459EC
100
AcDbEntity
  8
细实线
 62
     0
440
 16777216
370
    -2
100
AcDbLine
 10
118.6908923636153
 20
5.697354797621557
 30
0.0
 11
125.3119006824885
 21
5.697354797621556
 31
0.0
  0
LINE
  5
459F0
330
459EC
100
AcDbEntity
  8
细实线
 62
     0
440
 16777216
370
    -2
100
AcDbLine
 10
118.6908923636153
 20
29.69736107210044
 30
0.0
 11
125.3119006824885
 21
29.69736107210043
 31
0.0
  0
LINE
  5
459F1
330
459EC
100
AcDbEntity
  8
细实线
 62
     0
440
 16777216
370
    -2
100
AcDbLine
 10
124.0619006824885
 20
6.697354797621556
 30
0.0
 11
124.0619006824885
 21
28.69736107210043
 31
0.0
  0
SOLID
  5
459F2
330
459EC
100
AcDbEntity
  8
细实线
 62
     0
440
 16777216
100
AcDbTrace
 10
123.8952340158218
 20
6.697354797621556
 30
0.0
 11
124.2285673491551
 21
6.697354797621556
 31
0.0
 12
124.0619006824885
 22
5.697354797621556
 32
0.0
 13
124.0619006824885
 23
5.697354797621556
 33
0.0
  0
SOLID
  5
459F3
330
459EC
100
AcDbEntity
  8
细实线
 62
     0
440
 16777216
100
AcDbTrace
 10
123.8952340158218
 20
28.69736107210043
 30
0.0
 11
124.2285673491551
 21
28.69736107210043
 31
0.0
 12
124.0619006824885
 22
29.69736107210043
 32
0.0
 13
124.0619006824885
 23
29.69736107210043
 33
0.0
  0
MTEXT
  5
459F4
330
459EC
100
AcDbEntity
  8
细实线
 62
     0
440
 16777216
100
AcDbMText
 10
122.9263276947668
 20
17.69735793486101
 30
0.0
 40
1.0
 41
0.0
 46
0.0
 71
     5
 72
     1
  1
24.00
 11
0.0000000000000001
 21
1.0
 31
0.0
 73
     1
 44
1.0
  0
POINT
  5
459F5
330
459EC
100
AcDbEntity
  8
Defpoints
 62
     0
440
 16777216
100
AcDbPoint
 10
118.4908923636153
 20
5.697354797621557
 30
0.0
  0
POINT
  5
459F6
330
459EC
100
AcDbEntity
  8
Defpoints
 62
     0
440
 16777216
100
AcDbPoint
 10
118.4908923636153
 20
29.69736107210044
 30
0.0
  0
POINT
  5
459F7
330
459EC
100
AcDbEntity
  8
Defpoints
 62
     0
440
 16777216
100
AcDbPoint
 10
124.0619006824885
 20
29.69736107210043
 30
0.0
  0
ENDBLK
  5
459EE
330
459EC
100
AcDbEntity
  8
0
 62
   240
100
AcDbBlockEnd
  0
BLOCK
  5
459F9
330
459F8
100
AcDbEntity
  8
0
 62
   240
100
AcDbBlockBegin
  2
*D60
 70
     1
 10
0.0
 20
0.0
 30
0.0
  3
*D60
  1

  0
LINE
  5
459FB
330
459F8
100
AcDbEntity
  8
细实线
 62
     0
440
 16777216
370
    -2
100
AcDbLine
 10
96.590880767629
 20
16.84731071515418
 30
0.0
 11
94.64424538820901
 21
16.84731071515418
 31
0.0
  0
LINE
  5
459FC
330
459F8
100
AcDbEntity
  8
细实线
 62
     0
440
 16777216
370
    -2
100
AcDbLine
 10
96.590880767629
 20
17.69731071515419
 30
0.0
 11
94.64424538820901
 21
17.69731071515419
 31
0.0
  0
LINE
  5
459FD
330
459F8
100
AcDbEntity
  8
细实线
 62
     0
440
 16777216
370
    -2
100
AcDbLine
 10
95.89424538820901
 20
15.84731071515418
 30
0.0
 11
95.89424538820901
 21
14.84731071515418
 31
0.0
  0
LINE
  5
459FE
330
459F8
100
AcDbEntity
  8
细实线
 62
     0
440
 16777216
370
    -2
100
AcDbLine
 10
95.89424538820901
 20
18.69731071515419
 30
0.0
 11
95.89424538820901
 21
23.552358464131
 31
0.0
  0
LINE
  5
459FF
330
459F8
100
AcDbEntity
  8
细实线
 62
     0
440
 16777216
370
    -2
100
AcDbLine
 10
95.89424538820901
 20
16.84731071515418
 30
0.0
 11
95.89424538820901
 21
17.69731071515419
 31
0.0
  0
SOLID
  5
45A00
330
459F8
100
AcDbEntity
  8
细实线
 62
     0
440
 16777216
100
AcDbTrace
 10
95.72757872154234
 20
15.84731071515418
 30
0.0
 11
96.06091205487569
 21
15.84731071515418
 31
0.0
 12
95.89424538820901
 22
16.84731071515418
 32
0.0
 13
95.89424538820901
 23
16.84731071515418
 33
0.0
  0
SOLID
  5
45A01
330
459F8
100
AcDbEntity
  8
细实线
 62
     0
440
 16777216
100
AcDbTrace
 10
95.72757872154234
 20
18.69731071515419
 30
0.0
 11
96.06091205487569
 21
18.69731071515419
 31
0.0
 12
95.89424538820901
 22
17.69731071515419
 32
0.0
 13
95.89424538820901
 23
17.69731071515419
 33
0.0
  0
MTEXT
  5
45A02
330
459F8
100
AcDbEntity
  8
细实线
 62
     0
440
 16777216
100
AcDbMText
 10
94.75867240048733
 20
21.62483458964261
 30
0.0
 40
1.0
 41
0.0
 46
0.0
 71
     5
 72
     1
  1
0.85
 11
0.0000000000000001
 21
1.0
 31
0.0
 73
     1
 44
1.0
  0
POINT
  5
45A03
330
459F8
100
AcDbEntity
  8
Defpoints
 62
     0
440
 16777216
100
AcDbPoint
 10
96.79088076762901
 20
16.84731071515418
 30
0.0
  0
POINT
  5
45A04
330
459F8
100
AcDbEntity
  8
Defpoints
 62
     0
440
 16777216
100
AcDbPoint
 10
96.79088076762901
 20
17.69731071515419
 30
0.0
  0
POINT
  5
45A05
330
459F8
100
AcDbEntity
  8
Defpoints
 62
     0
440
 16777216
100
AcDbPoint
 10
95.89424538820901
 20
17.69731071515419
 30
0.0
  0
ENDBLK
  5
459FA
330
459F8
100
AcDbEntity
  8
0
 62
   240
100
AcDbBlockEnd
  0
BLOCK
  5
45A07
330
45A06
100
AcDbEntity
  8
0
 62
   240
100
AcDbBlockBegin
  2
*D61
 70
     1
 10
0.0
 20
0.0
 30
0.0
  3
*D61
  1

  0
LINE
  5
45AF1
330
45A06
100
AcDbEntity
  8
细实线
 62
     0
440
 16777216
370
    -2
100
AcDbLine
 10
107.9159305897247
 20
5.797310715154185
 30
0.0
 11
107.9159305897247
 21
2.21148472484208
 31
0.0
  0
LINE
  5
45AF2
330
45A06
100
AcDbEntity
  8
细实线
 62
     0
440
 16777216
370
    -2
100
AcDbLine
 10
108.7659305897246
 20
5.797310715154185
 30
0.0
 11
108.7659305897246
 21
2.21148472484208
 31
0.0
  0
LINE
  5
45AF3
330
45A06
100
AcDbEntity
  8
细实线
 62
     0
440
 16777216
370
    -2
100
AcDbLine
 10
106.9159305897247
 20
3.46148472484208
 30
0.0
 11
105.9159305897247
 21
3.46148472484208
 31
0.0
  0
LINE
  5
45AF4
330
45A06
100
AcDbEntity
  8
细实线
 62
     0
440
 16777216
370
    -2
100
AcDbLine
 10
109.7659305897246
 20
3.46148472484208
 30
0.0
 11
114.6209783387014
 21
3.46148472484208
 31
0.0
  0
LINE
  5
45AF5
330
45A06
100
AcDbEntity
  8
细实线
 62
     0
440
 16777216
370
    -2
100
AcDbLine
 10
107.9159305897247
 20
3.46148472484208
 30
0.0
 11
108.7659305897246
 21
3.46148472484208
 31
0.0
  0
SOLID
  5
45AF6
330
45A06
100
AcDbEntity
  8
细实线
 62
     0
440
 16777216
100
AcDbTrace
 10
106.9159305897247
 20
3.628151391508746
 30
0.0
 11
106.9159305897247
 21
3.294818058175413
 31
0.0
 12
107.9159305897247
 22
3.46148472484208
 32
0.0
 13
107.9159305897247
 23
3.46148472484208
 33
0.0
  0
SOLID
  5
45AF7
330
45A06
100
AcDbEntity
  8
细实线
 62
     0
440
 16777216
100
AcDbTrace
 10
109.7659305897246
 20
3.628151391508746
 30
0.0
 11
109.7659305897246
 21
3.294818058175413
 31
0.0
 12
108.7659305897246
 22
3.46148472484208
 32
0.0
 13
108.7659305897246
 23
3.46148472484208
 33
0.0
  0
MTEXT
  5
45AF8
330
45A06
100
AcDbEntity
  8
细实线
 62
     0
440
 16777216
100
AcDbMText
 10
112.693454464213
 20
4.597057712563771
 30
0.0
 40
1.0
 41
0.0
 46
0.0
 71
     5
 72
     1
  1
0.85
 73
     1
 44
1.0
  0
POINT
  5
45AF9
330
45A06
100
AcDbEntity
  8
Defpoints
 62
     0
440
 16777216
100
AcDbPoint
 10
107.9159305897247
 20
5.997310715154185
 30
0.0
  0
POINT
  5
45AFA
330
45A06
100
AcDbEntity
  8
Defpoints
 62
     0
440
 16777216
100
AcDbPoint
 10
108.7659305897246
 20
5.997310715154185
 30
0.0
  0
POINT
  5
45AFB
330
45A06
100
AcDbEntity
  8
Defpoints
 62
     0
440
 16777216
100
AcDbPoint
 10
108.7659305897246
 20
3.46148472484208
 30
0.0
  0
ENDBLK
  5
45A08
330
45A06
100
AcDbEntity
  8
0
 62
   240
100
AcDbBlockEnd
  0
BLOCK
  5
45A15
330
45A14
100
AcDbEntity
  8
0
 62
   240
100
AcDbBlockBegin
  2
*D62
 70
     1
 10
0.0
 20
0.0
 30
0.0
  3
*D62
  1

  0
LINE
  5
45A17
330
45A14
100
AcDbEntity
  8
细实线
 62
     0
440
 16777216
370
    -2
100
AcDbLine
 10
102.7532552101211
 20
17.55592239122722
 30
0.0
 11
100.3964868495111
 21
15.19915403061716
 31
0.0
  0
LINE
  5
45A18
330
45A14
100
AcDbEntity
  8
细实线
 62
     0
440
 16777216
370
    -2
100
AcDbLine
 10
104.0260474162569
 20
16.28313018509156
 30
0.0
 11
101.6692790556469
 21
13.92636182448149
 31
0.0
  0
LINE
  5
45A19
330
45A14
100
AcDbEntity
  8
细实线
 62
     0
440
 16777216
370
    -2
100
AcDbLine
 10
100.5732635448078
 20
16.7901442882869
 30
0.0
 11
99.86615676362127
 21
17.49725106947344
 31
0.0
  0
LINE
  5
45A1A
330
45A14
100
AcDbEntity
  8
细实线
 62
     0
440
 16777216
370
    -2
100
AcDbLine
 10
103.2602693133166
 20
14.10313851977815
 30
0.0
 11
106.6190265239527
 21
10.74438130914209
 31
0.0
  0
LINE
  5
45A1B
330
45A14
100
AcDbEntity
  8
细实线
 62
     0
440
 16777216
370
    -2
100
AcDbLine
 10
101.2803703259943
 20
16.08303750710036
 30
0.0
 11
102.55316253213
 21
14.81024530096469
 31
0.0
  0
SOLID
  5
45A1C
330
45A14
100
AcDbEntity
  8
细实线
 62
     0
440
 16777216
100
AcDbTrace
 10
100.6911146750055
 20
16.90799541848466
 30
0.0
 11
100.45541241461
 21
16.67229315808914
 31
0.0
 12
101.2803703259943
 22
16.08303750710036
 32
0.0
 13
101.2803703259943
 23
16.08303750710036
 33
0.0
  0
SOLID
  5
45A1D
330
45A14
100
AcDbEntity
  8
细实线
 62
     0
440
 16777216
100
AcDbTrace
 10
103.3781204435143
 20
14.22098964997592
 30
0.0
 11
103.1424181831188
 21
13.98528738958039
 31
0.0
 12
102.55316253213
 22
14.81024530096469
 32
0.0
 13
102.55316253213
 23
14.81024530096469
 33
0.0
  0
MTEXT
  5
45A1E
330
45A14
100
AcDbEntity
  8
细实线
 62
     0
440
 16777216
100
AcDbMText
 10
106.0961726693782
 20
12.87317788401714
 30
0.0
 40
1.0
 41
0.0
 46
0.0
 71
     5
 72
     1
  1
1.80
 11
0.707106781186556
 21
-0.7071067811865391
 31
0.0
 73
     1
 44
1.0
  0
POINT
  5
45A1F
330
45A14
100
AcDbEntity
  8
Defpoints
 62
     0
440
 16777216
100
AcDbPoint
 10
102.8946765663585
 20
17.69734374746454
 30
0.0
  0
POINT
  5
45A20
330
45A14
100
AcDbEntity
  8
Defpoints
 62
     0
440
 16777216
100
AcDbPoint
 10
104.1674687724942
 20
16.42455154132887
 30
0.0
  0
POINT
  5
45A21
330
45A14
100
AcDbEntity
  8
Defpoints
 62
     0
440
 16777216
100
AcDbPoint
 10
102.55316253213
 20
14.81024530096469
 30
0.0
  0
ENDBLK
  5
45A16
330
45A14
100
AcDbEntity
  8
0
 62
   240
100
AcDbBlockEnd
  0
BLOCK
  5
45A23
330
45A22
100
AcDbEntity
  8
0
 62
   240
100
AcDbBlockBegin
  2
*D63
 70
     1
 10
0.0
 20
0.0
 30
0.0
  3
*D63
  1

  0
LINE
  5
45A25
330
45A22
100
AcDbEntity
  8
细实线
 62
     0
440
 16777216
370
    -2
100
AcDbLine
 10
104.0260474162569
 20
16.28313018509156
 30
0.0
 11
100.335641184822
 21
12.59272395365666
 31
0.0
  0
LINE
  5
45A26
330
45A22
100
AcDbEntity
  8
细实线
 62
     0
440
 16777216
370
    -2
100
AcDbLine
 10
104.4149561459096
 20
15.89422145543883
 30
0.0
 11
100.7245499144747
 21
12.20381522400394
 31
0.0
  0
LINE
  5
45A27
330
45A22
100
AcDbEntity
  8
细实线
 62
     0
440
 16777216
370
    -2
100
AcDbLine
 10
100.5124178801186
 20
14.18371421132639
 30
0.0
 11
99.80531109893208
 21
14.89082099251294
 31
0.0
  0
LINE
  5
45A28
330
45A22
100
AcDbEntity
  8
细实线
 62
     0
440
 16777216
370
    -2
100
AcDbLine
 10
102.3155401721444
 20
12.38059191930058
 30
0.0
 11
105.7485773584304
 21
8.947554733014598
 31
0.0
  0
LINE
  5
45A29
330
45A22
100
AcDbEntity
  8
细实线
 62
     0
440
 16777216
370
    -2
100
AcDbLine
 10
101.2195246613051
 20
13.47660743013985
 30
0.0
 11
101.6084333909579
 21
13.08769870048713
 31
0.0
  0
SOLID
  5
45A2A
330
45A22
100
AcDbEntity
  8
细实线
 62
     0
440
 16777216
100
AcDbTrace
 10
100.6302690103164
 20
14.30156534152416
 30
0.0
 11
100.3945667499208
 21
14.06586308112863
 31
0.0
 12
101.2195246613051
 22
13.47660743013985
 32
0.0
 13
101.2195246613051
 23
13.47660743013985
 33
0.0
  0
SOLID
  5
45A2B
330
45A22
100
AcDbEntity
  8
细实线
 62
     0
440
 16777216
100
AcDbTrace
 10
102.4333913023422
 20
12.49844304949835
 30
0.0
 11
102.1976890419467
 21
12.26274078910282
 31
0.0
 12
101.6084333909579
 22
13.08769870048713
 32
0.0
 13
101.6084333909579
 23
13.08769870048713
 33
0.0
  0
MTEXT
  5
45A2C
330
45A22
100
AcDbEntity
  8
细实线
 62
     0
440
 16777216
100
AcDbMText
 10
105.1885835160309
 20
11.1134912957146
 30
0.0
 40
1.0
 41
0.0
 46
0.0
 71
     5
 72
     1
  1
0.55
 11
0.7071067811865476
 21
-0.7071067811865475
 31
0.0
 73
     1
 44
1.0
  0
POINT
  5
45A2D
330
45A22
100
AcDbEntity
  8
Defpoints
 62
     0
440
 16777216
100
AcDbPoint
 10
104.1674687724942
 20
16.42455154132887
 30
0.0
  0
POINT
  5
45A2E
330
45A22
100
AcDbEntity
  8
Defpoints
 62
     0
440
 16777216
100
AcDbPoint
 10
104.5563775021469
 20
16.03564281167615
 30
0.0
  0
POINT
  5
45A2F
330
45A22
100
AcDbEntity
  8
Defpoints
 62
     0
440
 16777216
100
AcDbPoint
 10
101.6084333909579
 20
13.08769870048713
 30
0.0
  0
ENDBLK
  5
45A24
330
45A22
100
AcDbEntity
  8
0
 62
   240
100
AcDbBlockEnd
  0
BLOCK
  5
45A31
330
45A30
100
AcDbEntity
  8
0
 62
   240
100
AcDbBlockBegin
  2
*D64
 70
     1
 10
0.0
 20
0.0
 30
0.0
  3
*D64
  1

  0
LINE
  5
45A33
330
45A30
100
AcDbEntity
  8
细实线
 62
     0
440
 16777216
370
    -2
100
AcDbLine
 10
109.2939929360966
 20
14.62142924930313
 30
0.0
 11
111.1560164098471
 21
12.75940577555254
 31
0.0
  0
LINE
  5
45A34
330
45A30
100
AcDbEntity
  8
细实线
 62
     0
440
 16777216
370
    -2
100
AcDbLine
 10
110.5667851422325
 20
15.89422145543889
 30
0.0
 11
112.428808615983
 21
14.03219798168831
 31
0.0
  0
LINE
  5
45A35
330
45A30
100
AcDbEntity
  8
细实线
 62
     0
440
 16777216
370
    -2
100
AcDbLine
 10
109.5650261521774
 20
12.93618247084922
 30
0.0
 11
108.8579193709908
 21
12.22907568966268
 31
0.0
  0
LINE
  5
45A36
330
45A30
100
AcDbEntity
  8
细实线
 62
     0
440
 16777216
370
    -2
100
AcDbLine
 10
112.2520319206864
 20
15.62318823935805
 30
0.0
 11
115.6107891313225
 21
18.98194544999408
 31
0.0
  0
LINE
  5
45A37
330
45A30
100
AcDbEntity
  8
细实线
 62
     0
440
 16777216
370
    -2
100
AcDbLine
 10
110.272132933364
 20
13.64328925203575
 30
0.0
 11
111.5449251394998
 21
14.91608145817152
 31
0.0
  0
SOLID
  5
45A38
330
45A30
100
AcDbEntity
  8
细实线
 62
     0
440
 16777216
100
AcDbTrace
 10
109.4471750219797
 20
13.05403360104698
 30
0.0
 11
109.6828772823752
 21
12.81833134065145
 31
0.0
 12
110.272132933364
 22
13.64328925203575
 32
0.0
 13
110.272132933364
 23
13.64328925203575
 33
0.0
  0
SOLID
  5
45A39
330
45A30
100
AcDbEntity
  8
细实线
 62
     0
440
 16777216
100
AcDbTrace
 10
112.1341807904886
 20
15.74103936955581
 30
0.0
 11
112.3698830508841
 21
15.50533710916029
 31
0.0
 12
111.5449251394998
 22
14.91608145817152
 32
0.0
 13
111.5449251394998
 23
14.91608145817152
 33
0.0
  0
MTEXT
  5
45A3A
330
45A30
100
AcDbEntity
  8
细实线
 62
     0
440
 16777216
100
AcDbMText
 10
113.4819925564475
 20
18.4590915954196
 30
0.0
 40
1.0
 41
0.0
 46
0.0
 71
     5
 72
     1
  1
1.80
 11
0.7071067811865634
 21
0.7071067811865318
 31
0.0
 73
     1
 44
1.0
  0
POINT
  5
45A3B
330
45A30
100
AcDbEntity
  8
Defpoints
 62
     0
440
 16777216
100
AcDbPoint
 10
109.1525715798593
 20
14.76285060554044
 30
0.0
  0
POINT
  5
45A3C
330
45A30
100
AcDbEntity
  8
Defpoints
 62
     0
440
 16777216
100
AcDbPoint
 10
110.4253637859952
 20
16.03564281167621
 30
0.0
  0
POINT
  5
45A3D
330
45A30
100
AcDbEntity
  8
Defpoints
 62
     0
440
 16777216
100
AcDbPoint
 10
111.5449251394998
 20
14.91608145817152
 30
0.0
  0
ENDBLK
  5
45A32
330
45A30
100
AcDbEntity
  8
0
 62
   240
100
AcDbBlockEnd
  0
BLOCK
  5
45A3F
330
45A3E
100
AcDbEntity
  8
0
 62
   240
100
AcDbBlockBegin
  2
*D65
 70
     1
 10
0.0
 20
0.0
 30
0.0
  3
*D65
  1

  0
LINE
  5
45A41
330
45A3E
100
AcDbEntity
  8
细实线
 62
     0
440
 16777216
370
    -2
100
AcDbLine
 10
107.6322920003083
 20
12.95972831351474
 30
0.0
 11
112.3508806986619
 21
8.241139615160946
 31
0.0
  0
LINE
  5
45A42
330
45A3E
100
AcDbEntity
  8
细实线
 62
     0
440
 16777216
370
    -2
100
AcDbLine
 10
112.2284860780209
 20
17.55592239122724
 30
0.0
 11
116.9470747763745
 21
12.83733369287344
 31
0.0
  0
LINE
  5
45A43
330
45A3E
100
AcDbEntity
  8
细实线
 62
     0
440
 16777216
370
    -2
100
AcDbLine
 10
112.1741040033653
 20
9.832129872830684
 30
0.0
 11
115.3560845187048
 21
13.0141103881701
 31
0.0
  0
SOLID
  5
45A44
330
45A3E
100
AcDbEntity
  8
细实线
 62
     0
440
 16777216
100
AcDbTrace
 10
112.0562528731676
 20
9.94998100302844
 30
0.0
 11
112.2919551335631
 21
9.71427874263292
 31
0.0
 12
111.4669972221788
 22
9.125023091644145
 32
0.0
 13
111.4669972221788
 23
9.125023091644145
 33
0.0
  0
SOLID
  5
45A45
330
45A3E
100
AcDbEntity
  8
细实线
 62
     0
440
 16777216
100
AcDbTrace
 10
115.238233388507
 20
13.13196151836786
 30
0.0
 11
115.4739356489026
 21
12.89625925797234
 31
0.0
 12
116.0631912998914
 22
13.72121716935664
 32
0.0
 13
116.0631912998914
 23
13.72121716935664
 33
0.0
  0
MTEXT
  5
45A46
330
45A3E
100
AcDbEntity
  8
细实线
 62
     0
440
 16777216
100
AcDbMText
 10
112.9621229008848
 20
12.22609149065067
 30
0.0
 40
1.0
 41
0.0
 46
0.0
 71
     5
 72
     1
  1
6.50
 11
0.7071067811865564
 21
0.7071067811865387
 31
0.0
 73
     1
 44
1.0
  0
POINT
  5
45A47
330
45A3E
100
AcDbEntity
  8
Defpoints
 62
     0
440
 16777216
100
AcDbPoint
 10
107.490870644071
 20
13.10114966975205
 30
0.0
  0
POINT
  5
45A48
330
45A3E
100
AcDbEntity
  8
Defpoints
 62
     0
440
 16777216
100
AcDbPoint
 10
112.0870647217836
 20
17.69734374746455
 30
0.0
  0
POINT
  5
45A49
330
45A3E
100
AcDbEntity
  8
Defpoints
 62
     0
440
 16777216
100
AcDbPoint
 10
116.0631912998914
 20
13.72121716935664
 30
0.0
  0
ENDBLK
  5
45A40
330
45A3E
100
AcDbEntity
  8
0
 62
   240
100
AcDbBlockEnd
  0
BLOCK
  5
45A4B
330
45A4A
100
AcDbEntity
  8
0
 62
   240
100
AcDbBlockBegin
  2
*D66
 70
     1
 10
0.0
 20
0.0
 30
0.0
  3
*D66
  1

  0
LINE
  5
45A4D
330
45A4A
100
AcDbEntity
  8
细实线
 62
     0
440
 16777216
370
    -2
100
AcDbLine
 10
108.905084206444
 20
21.16216697527871
 30
0.0
 11
110.3811584423229
 21
22.63824121115748
 31
0.0
  0
LINE
  5
45A4E
330
45A4A
100
AcDbEntity
  8
细实线
 62
     0
440
 16777216
370
    -2
100
AcDbLine
 10
107.9858453909017
 20
22.08140579082114
 30
0.0
 11
109.4619196267805
 21
23.55748002669991
 31
0.0
  0
LINE
  5
45A4F
330
45A4A
100
AcDbEntity
  8
细实线
 62
     0
440
 16777216
370
    -2
100
AcDbLine
 10
110.2043817470262
 20
21.04725095348776
 30
0.0
 11
110.9114885282127
 21
20.34014417230119
 31
0.0
  0
LINE
  5
45A50
330
45A4A
100
AcDbEntity
  8
细实线
 62
     0
440
 16777216
370
    -2
100
AcDbLine
 10
107.8709293691108
 20
23.38070333140333
 30
0.0
 11
104.0936070855315
 21
27.15802561498281
 31
0.0
  0
LINE
  5
45A51
330
45A4A
100
AcDbEntity
  8
细实线
 62
     0
440
 16777216
370
    -2
100
AcDbLine
 10
109.4972749658397
 20
21.75435773467433
 30
0.0
 11
108.5780361502973
 21
22.67359655021676
 31
0.0
  0
SOLID
  5
45A52
330
45A4A
100
AcDbEntity
  8
细实线
 62
     0
440
 16777216
100
AcDbTrace
 10
110.322232877224
 20
21.16510208368551
 30
0.0
 11
110.0865306168284
 21
20.92939982329
 31
0.0
 12
109.4972749658397
 22
21.75435773467433
 32
0.0
 13
109.4972749658397
 23
21.75435773467433
 33
0.0
  0
SOLID
  5
45A53
330
45A4A
100
AcDbEntity
  8
细实线
 62
     0
440
 16777216
100
AcDbTrace
 10
107.9887804993086
 20
23.49855446160107
 30
0.0
 11
107.753078238913
 21
23.26285220120556
 31
0.0
 12
108.5780361502973
 22
22.67359655021676
 32
0.0
 13
108.5780361502973
 23
22.67359655021676
 33
0.0
  0
MTEXT
  5
45A54
330
45A4A
100
AcDbEntity
  8
细实线
 62
     0
440
 16777216
100
AcDbMText
 10
106.2226448291587
 20
26.63541292916035
 30
0.0
 40
1.0
 41
0.0
 46
0.0
 71
     5
 72
     1
  1
1.30
 11
0.7071067811865257
 21
-0.7071067811865694
 31
0.0
 73
     1
 44
1.0
  0
POINT
  5
45A55
330
45A4A
100
AcDbEntity
  8
Defpoints
 62
     0
440
 16777216
100
AcDbPoint
 10
108.7636628502067
 20
21.0207456190414
 30
0.0
  0
POINT
  5
45A56
330
45A4A
100
AcDbEntity
  8
Defpoints
 62
     0
440
 16777216
100
AcDbPoint
 10
107.8444240346643
 20
21.93998443458383
 30
0.0
  0
POINT
  5
45A57
330
45A4A
100
AcDbEntity
  8
Defpoints
 62
     0
440
 16777216
100
AcDbPoint
 10
108.5780361502973
 20
22.67359655021676
 30
0.0
  0
ENDBLK
  5
45A4C
330
45A4A
100
AcDbEntity
  8
0
 62
   240
100
AcDbBlockEnd
  0
BLOCK
  5
45A59
330
45A58
100
AcDbEntity
  8
0
 62
   240
100
AcDbBlockBegin
  2
*D67
 70
     1
 10
0.0
 20
0.0
 30
0.0
  3
*D67
  1

  0
LINE
  5
45A5B
330
45A58
100
AcDbEntity
  8
细实线
 62
     0
440
 16777216
370
    -2
100
AcDbLine
 10
118.390880767629
 20
15.99731071515418
 30
0.0
 11
122.3164435595513
 21
15.99731071515418
 31
0.0
  0
LINE
  5
45A5C
330
45A58
100
AcDbEntity
  8
细实线
 62
     0
440
 16777216
370
    -2
100
AcDbLine
 10
118.390880767629
 20
15.14731071515419
 30
0.0
 11
122.3164435595513
 21
15.14731071515419
 31
0.0
  0
LINE
  5
45A5D
330
45A58
100
AcDbEntity
  8
细实线
 62
     0
440
 16777216
370
    -2
100
AcDbLine
 10
121.0664435595513
 20
16.99731071515418
 30
0.0
 11
121.0664435595513
 21
17.99731071515418
 31
0.0
  0
LINE
  5
45A5E
330
45A58
100
AcDbEntity
  8
细实线
 62
     0
440
 16777216
370
    -2
100
AcDbLine
 10
121.0664435595513
 20
14.14731071515419
 30
0.0
 11
121.0664435595513
 21
9.292262966177384
 31
0.0
  0
LINE
  5
45A5F
330
45A58
100
AcDbEntity
  8
细实线
 62
     0
440
 16777216
370
    -2
100
AcDbLine
 10
121.0664435595513
 20
15.99731071515418
 30
0.0
 11
121.0664435595513
 21
15.14731071515419
 31
0.0
  0
SOLID
  5
45A60
330
45A58
100
AcDbEntity
  8
细实线
 62
     0
440
 16777216
100
AcDbTrace
 10
120.8997768928846
 20
16.99731071515418
 30
0.0
 11
121.233110226218
 21
16.99731071515418
 31
0.0
 12
121.0664435595513
 22
15.99731071515418
 32
0.0
 13
121.0664435595513
 23
15.99731071515418
 33
0.0
  0
SOLID
  5
45A61
330
45A58
100
AcDbEntity
  8
细实线
 62
     0
440
 16777216
100
AcDbTrace
 10
120.8997768928846
 20
14.14731071515419
 30
0.0
 11
121.233110226218
 21
14.14731071515419
 31
0.0
 12
121.0664435595513
 22
15.14731071515419
 32
0.0
 13
121.0664435595513
 23
15.14731071515419
 33
0.0
  0
MTEXT
  5
45A62
330
45A58
100
AcDbEntity
  8
细实线
 62
     0
440
 16777216
100
AcDbMText
 10
119.9308705718296
 20
11.2197868406658
 30
0.0
 40
1.0
 41
0.0
 46
0.0
 71
     5
 72
     1
  1
0.85
 11
0.0000000000000001
 21
1.0
 31
0.0
 73
     1
 44
1.0
  0
POINT
  5
45A63
330
45A58
100
AcDbEntity
  8
Defpoints
 62
     0
440
 16777216
100
AcDbPoint
 10
118.190880767629
 20
15.99731071515418
 30
0.0
  0
POINT
  5
45A64
330
45A58
100
AcDbEntity
  8
Defpoints
 62
     0
440
 16777216
100
AcDbPoint
 10
118.190880767629
 20
15.14731071515419
 30
0.0
  0
POINT
  5
45A65
330
45A58
100
AcDbEntity
  8
Defpoints
 62
     0
440
 16777216
100
AcDbPoint
 10
121.0664435595513
 20
15.14731071515419
 30
0.0
  0
ENDBLK
  5
45A5A
330
45A58
100
AcDbEntity
  8
0
 62
   240
100
AcDbBlockEnd
  0
BLOCK
  5
45A67
330
45A66
100
AcDbEntity
  8
0
 62
   240
100
AcDbBlockBegin
  2
*D68
 70
     1
 10
0.0
 20
0.0
 30
0.0
  3
*D68
  1

  0
LINE
  5
45A69
330
45A66
100
AcDbEntity
  8
细实线
 62
     0
440
 16777216
370
    -2
100
AcDbLine
 10
96.2908926513154
 20
5.697354797621557
 30
0.0
 11
94.66188573452484
 21
5.697354797621557
 31
0.0
  0
LINE
  5
45A6A
330
45A66
100
AcDbEntity
  8
细实线
 62
     0
440
 16777216
370
    -2
100
AcDbLine
 10
99.81957395635191
 20
6.397310715154191
 30
0.0
 11
94.66188573452484
 21
6.397310715154191
 31
0.0
  0
LINE
  5
45A6B
330
45A66
100
AcDbEntity
  8
细实线
 62
     0
440
 16777216
370
    -2
100
AcDbLine
 10
95.91188573452484
 20
4.697354797621557
 30
0.0
 11
95.91188573452484
 21
3.697354797621557
 31
0.0
  0
LINE
  5
45A6C
330
45A66
100
AcDbEntity
  8
细实线
 62
     0
440
 16777216
370
    -2
100
AcDbLine
 10
95.91188573452484
 20
7.397310715154191
 30
0.0
 11
95.91188573452484
 21
12.24144441228925
 31
0.0
  0
LINE
  5
45A6D
330
45A66
100
AcDbEntity
  8
细实线
 62
     0
440
 16777216
370
    -2
100
AcDbLine
 10
95.91188573452484
 20
5.697354797621557
 30
0.0
 11
95.91188573452484
 21
6.397310715154191
 31
0.0
  0
SOLID
  5
45A6E
330
45A66
100
AcDbEntity
  8
细实线
 62
     0
440
 16777216
100
AcDbTrace
 10
95.74521906785816
 20
4.697354797621557
 30
0.0
 11
96.07855240119151
 21
4.697354797621557
 31
0.0
 12
95.91188573452484
 22
5.697354797621557
 32
0.0
 13
95.91188573452484
 23
5.697354797621557
 33
0.0
  0
SOLID
  5
45A6F
330
45A66
100
AcDbEntity
  8
细实线
 62
     0
440
 16777216
100
AcDbTrace
 10
95.74521906785816
 20
7.397310715154191
 30
0.0
 11
96.07855240119151
 21
7.397310715154191
 31
0.0
 12
95.91188573452484
 22
6.397310715154191
 32
0.0
 13
95.91188573452484
 23
6.397310715154191
 33
0.0
  0
MTEXT
  5
45A70
330
45A66
100
AcDbEntity
  8
细实线
 62
     0
440
 16777216
100
AcDbMText
 10
94.77631274680316
 20
10.31937756372174
 30
0.0
 40
1.0
 41
0.0
 46
0.0
 71
     5
 72
     1
  1
0.70
 11
0.0000000000000001
 21
1.0
 31
0.0
 73
     1
 44
1.0
  0
POINT
  5
45A71
330
45A66
100
AcDbEntity
  8
Defpoints
 62
     0
440
 16777216
100
AcDbPoint
 10
96.49089265131539
 20
5.697354797621557
 30
0.0
  0
POINT
  5
45A72
330
45A66
100
AcDbEntity
  8
Defpoints
 62
     0
440
 16777216
100
AcDbPoint
 10
100.0195739563519
 20
6.397310715154191
 30
0.0
  0
POINT
  5
45A73
330
45A66
100
AcDbEntity
  8
Defpoints
 62
     0
440
 16777216
100
AcDbPoint
 10
95.91188573452484
 20
6.397310715154191
 30
0.0
  0
ENDBLK
  5
45A68
330
45A66
100
AcDbEntity
  8
0
 62
   240
100
AcDbBlockEnd
  0
BLOCK
  5
45A75
330
45A74
100
AcDbEntity
  8
0
 62
   240
100
AcDbBlockBegin
  2
*D69
 70
     1
 10
0.0
 20
0.0
 30
0.0
  3
*D69
  1

  0
LINE
  5
45A77
330
45A74
100
AcDbEntity
  8
细实线
 62
     0
440
 16777216
370
    -2
100
AcDbLine
 10
96.590880767629
 20
28.9973107151542
 30
0.0
 11
89.91318791878326
 21
28.9973107151542
 31
0.0
  0
LINE
  5
45A78
330
45A74
100
AcDbEntity
  8
细实线
 62
     0
440
 16777216
370
    -2
100
AcDbLine
 10
96.590880767629
 20
6.397310715154191
 30
0.0
 11
89.91318791878326
 21
6.397310715154192
 31
0.0
  0
LINE
  5
45A79
330
45A74
100
AcDbEntity
  8
细实线
 62
     0
440
 16777216
370
    -2
100
AcDbLine
 10
91.16318791878326
 20
27.9973107151542
 30
0.0
 11
91.16318791878326
 21
7.397310715154191
 31
0.0
  0
SOLID
  5
45A7A
330
45A74
100
AcDbEntity
  8
细实线
 62
     0
440
 16777216
100
AcDbTrace
 10
90.99652125211658
 20
27.9973107151542
 30
0.0
 11
91.32985458544991
 21
27.9973107151542
 31
0.0
 12
91.16318791878326
 22
28.9973107151542
 32
0.0
 13
91.16318791878326
 23
28.9973107151542
 33
0.0
  0
SOLID
  5
45A7B
330
45A74
100
AcDbEntity
  8
细实线
 62
     0
440
 16777216
100
AcDbTrace
 10
90.99652125211658
 20
7.397310715154191
 30
0.0
 11
91.32985458544991
 21
7.397310715154191
 31
0.0
 12
91.16318791878326
 22
6.397310715154191
 32
0.0
 13
91.16318791878326
 23
6.397310715154191
 33
0.0
  0
MTEXT
  5
45A7C
330
45A74
100
AcDbEntity
  8
细实线
 62
     0
440
 16777216
100
AcDbMText
 10
90.02761493106156
 20
17.69731071515421
 30
0.0
 40
1.0
 41
0.0
 46
0.0
 71
     5
 72
     1
  1
22.60
 11
0.0000000000000001
 21
1.0
 31
0.0
 73
     1
 44
1.0
  0
POINT
  5
45A7D
330
45A74
100
AcDbEntity
  8
Defpoints
 62
     0
440
 16777216
100
AcDbPoint
 10
96.79088076762901
 20
28.9973107151542
 30
0.0
  0
POINT
  5
45A7E
330
45A74
100
AcDbEntity
  8
Defpoints
 62
     0
440
 16777216
100
AcDbPoint
 10
96.79088076762901
 20
6.397310715154191
 30
0.0
  0
POINT
  5
45A7F
330
45A74
100
AcDbEntity
  8
Defpoints
 62
     0
440
 16777216
100
AcDbPoint
 10
91.16318791878326
 20
6.397310715154191
 30
0.0
  0
ENDBLK
  5
45A76
330
45A74
100
AcDbEntity
  8
0
 62
   240
100
AcDbBlockEnd
  0
BLOCK
  5
45A81
330
45A80
100
AcDbEntity
  8
0
 62
   240
100
AcDbBlockBegin
  2
*D70
 70
     1
 10
0.0
 20
0.0
 30
0.0
  3
*D70
  1

  0
LINE
  5
45A83
330
45A80
100
AcDbEntity
  8
细实线
 62
     0
440
 16777216
370
    -2
100
AcDbLine
 10
97.19088076762899
 20
5.797310715154227
 30
0.0
 11
97.19088076762899
 21
-2.909820212359363
 31
0.0
  0
LINE
  5
45A84
330
45A80
100
AcDbEntity
  8
细实线
 62
     0
440
 16777216
370
    -2
100
AcDbLine
 10
117.790880767629
 20
5.797310715154227
 30
0.0
 11
117.790880767629
 21
-2.909820212359363
 31
0.0
  0
LINE
  5
45A85
330
45A80
100
AcDbEntity
  8
细实线
 62
     0
440
 16777216
370
    -2
100
AcDbLine
 10
98.19088076762898
 20
-1.659820212359363
 30
0.0
 11
116.790880767629
 21
-1.659820212359363
 31
0.0
  0
SOLID
  5
45A86
330
45A80
100
AcDbEntity
  8
细实线
 62
     0
440
 16777216
100
AcDbTrace
 10
98.19088076762898
 20
-1.493153545692696
 30
0.0
 11
98.19088076762898
 21
-1.82648687902603
 31
0.0
 12
97.19088076762899
 22
-1.659820212359363
 32
0.0
 13
97.19088076762899
 23
-1.659820212359363
 33
0.0
  0
SOLID
  5
45A87
330
45A80
100
AcDbEntity
  8
细实线
 62
     0
440
 16777216
100
AcDbTrace
 10
116.790880767629
 20
-1.493153545692696
 30
0.0
 11
116.790880767629
 21
-1.82648687902603
 31
0.0
 12
117.790880767629
 22
-1.659820212359363
 32
0.0
 13
117.790880767629
 23
-1.659820212359363
 33
0.0
  0
MTEXT
  5
45A88
330
45A80
100
AcDbEntity
  8
细实线
 62
     0
440
 16777216
100
AcDbMText
 10
107.490880767629
 20
-0.524247224637672
 30
0.0
 40
1.0
 41
0.0
 46
0.0
 71
     5
 72
     1
  1
20.60
 73
     1
 44
1.0
  0
POINT
  5
45A89
330
45A80
100
AcDbEntity
  8
Defpoints
 62
     0
440
 16777216
100
AcDbPoint
 10
97.19088076762899
 20
5.997310715154227
 30
0.0
  0
POINT
  5
45A8A
330
45A80
100
AcDbEntity
  8
Defpoints
 62
     0
440
 16777216
100
AcDbPoint
 10
117.790880767629
 20
5.997310715154227
 30
0.0
  0
POINT
  5
45A8B
330
45A80
100
AcDbEntity
  8
Defpoints
 62
     0
440
 16777216
100
AcDbPoint
 10
117.790880767629
 20
-1.659820212359363
 30
0.0
  0
ENDBLK
  5
45A82
330
45A80
100
AcDbEntity
  8
0
 62
   240
100
AcDbBlockEnd
  0
BLOCK
  5
45A98
330
45A97
100
AcDbEntity
  8
0
 62
   240
100
AcDbBlockBegin
  2
*D71
 70
     1
 10
0.0
 20
0.0
 30
0.0
  3
*D71
  1

  0
LINE
  5
45AFC
330
45A97
100
AcDbEntity
  8
细实线
 62
     0
440
 16777216
370
    -2
100
AcDbLine
 10
98.56593058972473
 20
5.797310715154185
 30
0.0
 11
98.56593058972473
 21
-0.8543502898892256
 31
0.0
  0
LINE
  5
45AFD
330
45A97
100
AcDbEntity
  8
细实线
 62
     0
440
 16777216
370
    -2
100
AcDbLine
 10
116.4159305897247
 20
5.797310715154185
 30
0.0
 11
116.4159305897247
 21
-0.8543502898892256
 31
0.0
  0
LINE
  5
45AFE
330
45A97
100
AcDbEntity
  8
细实线
 62
     0
440
 16777216
370
    -2
100
AcDbLine
 10
99.56593058972472
 20
0.3956497101107743
 30
0.0
 11
115.4159305897247
 21
0.3956497101107743
 31
0.0
  0
SOLID
  5
45AFF
330
45A97
100
AcDbEntity
  8
细实线
 62
     0
440
 16777216
100
AcDbTrace
 10
99.56593058972472
 20
0.562316376777441
 30
0.0
 11
99.56593058972472
 21
0.2289830434441077
 31
0.0
 12
98.56593058972473
 22
0.3956497101107743
 32
0.0
 13
98.56593058972473
 23
0.3956497101107743
 33
0.0
  0
SOLID
  5
45B00
330
45A97
100
AcDbEntity
  8
细实线
 62
     0
440
 16777216
100
AcDbTrace
 10
115.4159305897247
 20
0.562316376777441
 30
0.0
 11
115.4159305897247
 21
0.2289830434441077
 31
0.0
 12
116.4159305897247
 22
0.3956497101107743
 32
0.0
 13
116.4159305897247
 23
0.3956497101107743
 33
0.0
  0
MTEXT
  5
45B01
330
45A97
100
AcDbEntity
  8
细实线
 62
     0
440
 16777216
100
AcDbMText
 10
107.4909305897247
 20
1.531222697832466
 30
0.0
 40
1.0
 41
0.0
 46
0.0
 71
     5
 72
     1
  1
17.85
 73
     1
 44
1.0
  0
POINT
  5
45B02
330
45A97
100
AcDbEntity
  8
Defpoints
 62
     0
440
 16777216
100
AcDbPoint
 10
98.56593058972473
 20
5.997310715154185
 30
0.0
  0
POINT
  5
45B03
330
45A97
100
AcDbEntity
  8
Defpoints
 62
     0
440
 16777216
100
AcDbPoint
 10
116.4159305897247
 20
5.997310715154185
 30
0.0
  0
POINT
  5
45B04
330
45A97
100
AcDbEntity
  8
Defpoints
 62
     0
440
 16777216
100
AcDbPoint
 10
116.4159305897247
 20
0.3956497101107743
 30
0.0
  0
ENDBLK
  5
45A99
330
45A97
100
AcDbEntity
  8
0
 62
   240
100
AcDbBlockEnd
  0
BLOCK
  5
45AA4
330
45AA3
100
AcDbEntity
  8
0
 62
   240
100
AcDbBlockBegin
  2
*D72
 70
     1
 10
0.0
 20
0.0
 30
0.0
  3
*D72
  1

  0
LINE
  5
45AA6
330
45AA3
100
AcDbEntity
  8
细实线
 62
     0
440
 16777216
370
    -2
100
AcDbLine
 10
102.7532552101212
 20
17.55592239122723
 30
0.0
 11
97.45789576571949
 21
12.26056294682553
 31
0.0
  0
LINE
  5
45AA7
330
45AA3
100
AcDbEntity
  8
细实线
 62
     0
440
 16777216
370
    -2
100
AcDbLine
 10
107.3494492878336
 20
12.95972831351475
 30
0.0
 11
102.0540898434319
 21
7.664368869113062
 31
0.0
  0
LINE
  5
45AA8
330
45AA3
100
AcDbEntity
  8
细实线
 62
     0
440
 16777216
370
    -2
100
AcDbLine
 10
99.04888602338923
 20
12.43733964212217
 30
0.0
 11
102.2308665387286
 21
9.255359126782792
 31
0.0
  0
SOLID
  5
45AA9
330
45AA3
100
AcDbEntity
  8
细实线
 62
     0
440
 16777216
100
AcDbTrace
 10
99.16673715358697
 20
12.55519077231993
 30
0.0
 11
98.93103489319145
 21
12.31948851192441
 31
0.0
 12
98.34177924220268
 22
13.14444642330872
 32
0.0
 13
98.34177924220268
 23
13.14444642330872
 33
0.0
  0
SOLID
  5
45AAA
330
45AA3
100
AcDbEntity
  8
细实线
 62
     0
440
 16777216
100
AcDbTrace
 10
102.3487176689263
 20
9.373210256980549
 30
0.0
 11
102.1130154085308
 21
9.137507996585028
 31
0.0
 12
102.9379733199151
 22
8.548252345596246
 32
0.0
 13
102.9379733199151
 23
8.548252345596246
 33
0.0
  0
MTEXT
  5
45AAB
330
45AA3
100
AcDbEntity
  8
细实线
 62
     0
440
 16777216
100
AcDbMText
 10
101.4428476412092
 20
11.64932074460277
 30
0.0
 40
1.0
 41
0.0
 46
0.0
 71
     5
 72
     1
  1
6.50
 11
0.7071067811865476
 21
-0.7071067811865475
 31
0.0
 73
     1
 44
1.0
  0
POINT
  5
45AAC
330
45AA3
100
AcDbEntity
  8
Defpoints
 62
     0
440
 16777216
100
AcDbPoint
 10
102.8946765663585
 20
17.69734374746455
 30
0.0
  0
POINT
  5
45AAD
330
45AA3
100
AcDbEntity
  8
Defpoints
 62
     0
440
 16777216
100
AcDbPoint
 10
107.4908706440709
 20
13.10114966975206
 30
0.0
  0
POINT
  5
45AAE
330
45AA3
100
AcDbEntity
  8
Defpoints
 62
     0
440
 16777216
100
AcDbPoint
 10
102.9379733199151
 20
8.548252345596246
 30
0.0
  0
ENDBLK
  5
45AA5
330
45AA3
100
AcDbEntity
  8
0
 62
   240
100
AcDbBlockEnd
  0
BLOCK
  5
45AB0
330
45AAF
100
AcDbEntity
  8
0
 62
   240
100
AcDbBlockBegin
  2
*D73
 70
     1
 10
0.0
 20
0.0
 30
0.0
  3
*D73
  1

  0
LINE
  5
45AB2
330
45AAF
100
AcDbEntity
  8
细实线
 62
     0
440
 16777216
370
    -2
100
AcDbLine
 10
106.9958958972405
 20
22.08140579082114
 30
0.0
 11
105.2396008037238
 21
23.83770088433784
 31
0.0
  0
LINE
  5
45AB3
330
45AAF
100
AcDbEntity
  8
细实线
 62
     0
440
 16777216
370
    -2
100
AcDbLine
 10
106.0766570816979
 20
21.16216697527862
 30
0.0
 11
104.3203619881813
 21
22.91846206879532
 31
0.0
  0
LINE
  5
45AB4
330
45AAF
100
AcDbEntity
  8
细实线
 62
     0
440
 16777216
370
    -2
100
AcDbLine
 10
106.8305910613935
 20
23.66092418904119
 30
0.0
 11
107.5376978425801
 21
24.36803097022774
 31
0.0
  0
LINE
  5
45AB5
330
45AAF
100
AcDbEntity
  8
细实线
 62
     0
440
 16777216
370
    -2
100
AcDbLine
 10
104.4971386834779
 20
21.32747181112559
 30
0.0
 11
101.1383814728418
 21
17.96871460048951
 31
0.0
  0
LINE
  5
45AB6
330
45AAF
100
AcDbEntity
  8
细实线
 62
     0
440
 16777216
370
    -2
100
AcDbLine
 10
106.123484280207
 20
22.95381740785465
 30
0.0
 11
105.2042454646644
 21
22.03457859231213
 31
0.0
  0
SOLID
  5
45AB7
330
45AAF
100
AcDbEntity
  8
细实线
 62
     0
440
 16777216
100
AcDbTrace
 10
106.7127399311958
 20
23.77877531923894
 30
0.0
 11
106.9484421915913
 21
23.54307305884344
 31
0.0
 12
106.123484280207
 22
22.95381740785465
 32
0.0
 13
106.123484280207
 23
22.95381740785465
 33
0.0
  0
SOLID
  5
45AB8
330
45AAF
100
AcDbEntity
  8
细实线
 62
     0
440
 16777216
100
AcDbTrace
 10
104.3792875532801
 20
21.44532294132335
 30
0.0
 11
104.6149898136756
 21
21.20962068092783
 31
0.0
 12
105.2042454646644
 22
22.03457859231213
 32
0.0
 13
105.2042454646644
 23
22.03457859231213
 33
0.0
  0
MTEXT
  5
45AB9
330
45AAF
100
AcDbEntity
  8
细实线
 62
     0
440
 16777216
100
AcDbMText
 10
101.6609941586642
 20
20.09775234411669
 30
0.0
 40
1.0
 41
0.0
 46
0.0
 71
     5
 72
     1
  1
1.30
 11
0.7071067811865533
 21
0.7071067811865419
 31
0.0
 73
     1
 44
1.0
  0
POINT
  5
45ABA
330
45AAF
100
AcDbEntity
  8
Defpoints
 62
     0
440
 16777216
100
AcDbPoint
 10
107.1373172534778
 20
21.93998443458383
 30
0.0
  0
POINT
  5
45ABB
330
45AAF
100
AcDbEntity
  8
Defpoints
 62
     0
440
 16777216
100
AcDbPoint
 10
106.2180784379352
 20
21.02074561904131
 30
0.0
  0
POINT
  5
45ABC
330
45AAF
100
AcDbEntity
  8
Defpoints
 62
     0
440
 16777216
100
AcDbPoint
 10
105.2042454646644
 20
22.03457859231213
 30
0.0
  0
ENDBLK
  5
45AB1
330
45AAF
100
AcDbEntity
  8
0
 62
   240
100
AcDbBlockEnd
  0
BLOCK
  5
45ABE
330
45ABD
100
AcDbEntity
  8
0
 62
   240
100
AcDbBlockBegin
  2
*D74
 70
     1
 10
0.0
 20
0.0
 30
0.0
  3
*D74
  1

  0
LINE
  5
45AC0
330
45ABD
100
AcDbEntity
  8
细实线
 62
     0
440
 16777216
370
    -2
100
AcDbLine
 10
117.390880767629
 20
29.59731071515416
 30
0.0
 11
117.390880767629
 21
32.29973207458477
 31
0.0
  0
LINE
  5
45AC1
330
45ABD
100
AcDbEntity
  8
细实线
 62
     0
440
 16777216
370
    -2
100
AcDbLine
 10
118.190880767629
 20
29.59731071515416
 30
0.0
 11
118.190880767629
 21
32.29973207458477
 31
0.0
  0
LINE
  5
45AC2
330
45ABD
100
AcDbEntity
  8
细实线
 62
     0
440
 16777216
370
    -2
100
AcDbLine
 10
116.390880767629
 20
31.04973207458477
 30
0.0
 11
115.390880767629
 21
31.04973207458477
 31
0.0
  0
LINE
  5
45AC3
330
45ABD
100
AcDbEntity
  8
细实线
 62
     0
440
 16777216
370
    -2
100
AcDbLine
 10
119.190880767629
 20
31.04973207458477
 30
0.0
 11
126.3269653515307
 21
31.04973207458477
 31
0.0
  0
LINE
  5
45AC4
330
45ABD
100
AcDbEntity
  8
细实线
 62
     0
440
 16777216
370
    -2
100
AcDbLine
 10
117.390880767629
 20
31.04973207458477
 30
0.0
 11
118.190880767629
 21
31.04973207458477
 31
0.0
  0
SOLID
  5
45AC5
330
45ABD
100
AcDbEntity
  8
细实线
 62
     0
440
 16777216
100
AcDbTrace
 10
116.390880767629
 20
31.21639874125144
 30
0.0
 11
116.390880767629
 21
30.8830654079181
 31
0.0
 12
117.390880767629
 22
31.04973207458477
 32
0.0
 13
117.390880767629
 23
31.04973207458477
 33
0.0
  0
SOLID
  5
45AC6
330
45ABD
100
AcDbEntity
  8
细实线
 62
     0
440
 16777216
100
AcDbTrace
 10
119.190880767629
 20
31.21639874125144
 30
0.0
 11
119.190880767629
 21
30.8830654079181
 31
0.0
 12
118.190880767629
 22
31.04973207458477
 32
0.0
 13
118.190880767629
 23
31.04973207458477
 33
0.0
  0
MTEXT
  5
45AC7
330
45ABD
100
AcDbEntity
  8
细实线
 62
     0
440
 16777216
100
AcDbMText
 10
123.2589230595799
 20
32.18530506230646
 30
0.0
 40
1.0
 41
0.0
 46
0.0
 71
     5
 72
     1
  1
4 x 0.80
 73
     1
 44
1.0
  0
POINT
  5
45AC8
330
45ABD
100
AcDbEntity
  8
Defpoints
 62
     0
440
 16777216
100
AcDbPoint
 10
117.390880767629
 20
29.39731071515416
 30
0.0
  0
POINT
  5
45AC9
330
45ABD
100
AcDbEntity
  8
Defpoints
 62
     0
440
 16777216
100
AcDbPoint
 10
118.190880767629
 20
29.39731071515416
 30
0.0
  0
POINT
  5
45ACA
330
45ABD
100
AcDbEntity
  8
Defpoints
 62
     0
440
 16777216
100
AcDbPoint
 10
118.190880767629
 20
31.04973207458477
 30
0.0
  0
ENDBLK
  5
45ABF
330
45ABD
100
AcDbEntity
  8
0
 62
   240
100
AcDbBlockEnd
  0
BLOCK
  5
45ACC
330
45ACB
100
AcDbEntity
  8
0
 62
   240
100
AcDbBlockBegin
  2
*D75
 70
     1
 10
0.0
 20
0.0
 30
0.0
  3
*D75
  1

  0
LINE
  5
45ACE
330
45ACB
100
AcDbEntity
  8
细实线
 62
     0
440
 16777216
370
    -2
100
AcDbLine
 10
110.5667851422325
 20
15.89422145543889
 30
0.0
 11
113.7302208329878
 21
12.73078576468349
 31
0.0
  0
LINE
  5
45ACF
330
45ACB
100
AcDbEntity
  8
细实线
 62
     0
440
 16777216
370
    -2
100
AcDbLine
 10
110.9556938718851
 20
16.2831301850915
 30
0.0
 11
114.1191295626404
 21
13.1196944943361
 31
0.0
  0
LINE
  5
45AD0
330
45ACB
100
AcDbEntity
  8
细实线
 62
     0
440
 16777216
370
    -2
100
AcDbLine
 10
112.1392305753181
 20
12.90756245998013
 30
0.0
 11
111.4321237941316
 21
12.20045567879358
 31
0.0
  0
LINE
  5
45AD1
330
45ACB
100
AcDbEntity
  8
细实线
 62
     0
440
 16777216
370
    -2
100
AcDbLine
 10
113.9423528673438
 20
14.71068475200583
 30
0.0
 11
117.3753900536298
 21
18.14372193829182
 31
0.0
  0
LINE
  5
45AD2
330
45ACB
100
AcDbEntity
  8
细实线
 62
     0
440
 16777216
370
    -2
100
AcDbLine
 10
112.8463373565047
 20
13.61466924116667
 30
0.0
 11
113.2352460861573
 21
14.00357797081928
 31
0.0
  0
SOLID
  5
45AD3
330
45ACB
100
AcDbEntity
  8
细实线
 62
     0
440
 16777216
100
AcDbTrace
 10
112.0213794451204
 20
13.02541359017788
 30
0.0
 11
112.2570817055159
 21
12.78971132978236
 31
0.0
 12
112.8463373565047
 22
13.61466924116667
 32
0.0
 13
112.8463373565047
 23
13.61466924116667
 33
0.0
  0
SOLID
  5
45AD4
330
45ACB
100
AcDbEntity
  8
细实线
 62
     0
440
 16777216
100
AcDbTrace
 10
113.8245017371461
 20
14.82853588220359
 30
0.0
 11
114.0602039975416
 21
14.59283362180807
 31
0.0
 12
113.2352460861573
 22
14.00357797081928
 32
0.0
 13
113.2352460861573
 23
14.00357797081928
 33
0.0
  0
MTEXT
  5
45AD5
330
45ACB
100
AcDbEntity
  8
细实线
 62
     0
440
 16777216
100
AcDbMText
 10
115.2094534909298
 20
17.58372809589235
 30
0.0
 40
1.0
 41
0.0
 46
0.0
 71
     5
 72
     1
  1
0.55
 11
0.7071067811865476
 21
0.7071067811865475
 31
0.0
 73
     1
 44
1.0
  0
POINT
  5
45AD6
330
45ACB
100
AcDbEntity
  8
Defpoints
 62
     0
440
 16777216
100
AcDbPoint
 10
110.4253637859951
 20
16.0356428116762
 30
0.0
  0
POINT
  5
45AD7
330
45ACB
100
AcDbEntity
  8
Defpoints
 62
     0
440
 16777216
100
AcDbPoint
 10
110.8142725156477
 20
16.42455154132882
 30
0.0
  0
POINT
  5
45AD8
330
45ACB
100
AcDbEntity
  8
Defpoints
 62
     0
440
 16777216
100
AcDbPoint
 10
113.2352460861573
 20
14.00357797081928
 30
0.0
  0
ENDBLK
  5
45ACD
330
45ACB
100
AcDbEntity
  8
0
 62
   240
100
AcDbBlockEnd
  0
BLOCK
  5
45ADA
330
45AD9
100
AcDbEntity
  8
0
 62
   240
100
AcDbBlockBegin
  2
*D76
 70
     1
 10
0.0
 20
0.0
 30
0.0
  3
*D76
  1

  0
LINE
  5
45ADC
330
45AD9
100
AcDbEntity
  8
细实线
 62
     0
440
 16777216
370
    -2
100
AcDbLine
 10
96.49089265131539
 20
35.89735391102165
 30
0.0
 11
96.49089265131539
 21
38.39244038997885
 31
0.0
  0
LINE
  5
45ADD
330
45AD9
100
AcDbEntity
  8
细实线
 62
     0
440
 16777216
370
    -2
100
AcDbLine
 10
118.4908923636153
 20
35.89735391102167
 30
0.0
 11
118.4908923636153
 21
38.39244038997885
 31
0.0
  0
LINE
  5
45ADE
330
45AD9
100
AcDbEntity
  8
细实线
 62
     0
440
 16777216
370
    -2
100
AcDbLine
 10
97.49089265131539
 20
37.14244038997885
 30
0.0
 11
117.4908923636153
 21
37.14244038997885
 31
0.0
  0
SOLID
  5
45ADF
330
45AD9
100
AcDbEntity
  8
细实线
 62
     0
440
 16777216
100
AcDbTrace
 10
97.49089265131539
 20
37.30910705664551
 30
0.0
 11
97.49089265131539
 21
36.97577372331218
 31
0.0
 12
96.49089265131539
 22
37.14244038997885
 32
0.0
 13
96.49089265131539
 23
37.14244038997885
 33
0.0
  0
SOLID
  5
45AE0
330
45AD9
100
AcDbEntity
  8
细实线
 62
     0
440
 16777216
100
AcDbTrace
 10
117.4908923636153
 20
37.30910705664551
 30
0.0
 11
117.4908923636153
 21
36.97577372331218
 31
0.0
 12
118.4908923636153
 22
37.14244038997885
 32
0.0
 13
118.4908923636153
 23
37.14244038997885
 33
0.0
  0
MTEXT
  5
45AE1
330
45AD9
100
AcDbEntity
  8
细实线
 62
     0
440
 16777216
100
AcDbMText
 10
107.4908925074653
 20
38.27801337770054
 30
0.0
 40
1.0
 41
0.0
 46
0.0
 71
     5
 72
     1
  1
22.00
 73
     1
 44
1.0
  0
POINT
  5
45AE2
330
45AD9
100
AcDbEntity
  8
Defpoints
 62
     0
440
 16777216
100
AcDbPoint
 10
96.49089265131539
 20
35.69735391102165
 30
0.0
  0
POINT
  5
45AE3
330
45AD9
100
AcDbEntity
  8
Defpoints
 62
     0
440
 16777216
100
AcDbPoint
 10
118.4908923636153
 20
35.69735391102167
 30
0.0
  0
POINT
  5
45AE4
330
45AD9
100
AcDbEntity
  8
Defpoints
 62
     0
440
 16777216
100
AcDbPoint
 10
118.4908923636153
 20
37.14244038997885
 30
0.0
  0
ENDBLK
  5
45ADB
330
45AD9
100
AcDbEntity
  8
0
 62
   240
100
AcDbBlockEnd
  0
BLOCK
  5
45AE6
330
45AE5
100
AcDbEntity
  8
0
 62
   240
100
AcDbBlockBegin
  2
*D77
 70
     1
 10
0.0
 20
0.0
 30
0.0
  3
*D77
  1

  0
LINE
  5
45AE8
330
45AE5
100
AcDbEntity
  8
细实线
 62
     0
440
 16777216
370
    -2
100
AcDbLine
 10
118.6908923636153
 20
35.69735391102165
 30
0.0
 11
127.8554182641511
 21
35.69735391102165
 31
0.0
  0
LINE
  5
45AE9
330
45AE5
100
AcDbEntity
  8
细实线
 62
     0
440
 16777216
370
    -2
100
AcDbLine
 10
118.6908923636153
 20
5.697354797621557
 30
0.0
 11
127.8554182641511
 21
5.697354797621554
 31
0.0
  0
LINE
  5
45AEA
330
45AE5
100
AcDbEntity
  8
细实线
 62
     0
440
 16777216
370
    -2
100
AcDbLine
 10
126.6054182641511
 20
34.69735391102165
 30
0.0
 11
126.6054182641511
 21
6.697354797621554
 31
0.0
  0
SOLID
  5
45AEB
330
45AE5
100
AcDbEntity
  8
细实线
 62
     0
440
 16777216
100
AcDbTrace
 10
126.4387515974844
 20
34.69735391102165
 30
0.0
 11
126.7720849308178
 21
34.69735391102165
 31
0.0
 12
126.6054182641511
 22
35.69735391102165
 32
0.0
 13
126.6054182641511
 23
35.69735391102165
 33
0.0
  0
SOLID
  5
45AEC
330
45AE5
100
AcDbEntity
  8
细实线
 62
     0
440
 16777216
100
AcDbTrace
 10
126.4387515974844
 20
6.697354797621554
 30
0.0
 11
126.7720849308178
 21
6.697354797621554
 31
0.0
 12
126.6054182641511
 22
5.697354797621554
 32
0.0
 13
126.6054182641511
 23
5.697354797621554
 33
0.0
  0
MTEXT
  5
45AED
330
45AE5
100
AcDbEntity
  8
细实线
 62
     0
440
 16777216
100
AcDbMText
 10
125.4695042123094
 20
20.69735435432162
 30
0.0
 40
1.0
 41
0.0
 46
0.0
 71
     5
 72
     1
  1
30.00
 11
0.0000000000000001
 21
1.0
 31
0.0
 73
     1
 44
1.0
  0
POINT
  5
45AEE
330
45AE5
100
AcDbEntity
  8
Defpoints
 62
     0
440
 16777216
100
AcDbPoint
 10
118.4908923636153
 20
35.69735391102165
 30
0.0
  0
POINT
  5
45AEF
330
45AE5
100
AcDbEntity
  8
Defpoints
 62
     0
440
 16777216
100
AcDbPoint
 10
118.4908923636153
 20
5.697354797621557
 30
0.0
  0
POINT
  5
45AF0
330
45AE5
100
AcDbEntity
  8
Defpoints
 62
     0
440
 16777216
100
AcDbPoint
 10
126.6054182641511
 20
5.697354797621554
 30
0.0
  0
ENDBLK
  5
45AE7
330
45AE5
100
AcDbEntity
  8
0
 62
   240
100
AcDbBlockEnd
  0
ENDSEC
  0
SECTION
  2
ENTITIES
  0
TEXT
  5
5170
330
1F
100
AcDbEntity
  8
SYM_PART_TYPE_01
100
AcDbText
 10
249.8696122087558
 20
41.28880414540945
 30
0.0
 40
0.7112
  1
 
 41
0.75
  7
W0$127R0
 11
249.8696122087558
 21
41.64440414540945
 31
0.0
100
AcDbText
 73
     2
  0
TEXT
  5
5171
330
1F
100
AcDbEntity
  8
SYM_PART_NAME_01
100
AcDbText
 10
249.8292028754558
 20
41.85712947870945
 30
0.0
 40
0.7112
  1
 
 41
0.75
  7
W0$127R0
100
AcDbText
  0
HATCH
  5
247A3
330
1F
100
AcDbEntity
  8
细实线
100
AcDbHatch
 10
0.0
 20
0.0
 30
0.0
210
0.0
220
0.0
230
1.0
  2
ANGLE
 70
     0
 71
     1
 91
        1
 92
        7
 72
     0
 73
     1
 93
        4
 10
896.4909323348068
 20
-23.16012778652311
 10
895.4909323348068
 20
-23.16012778652311
 10
895.4909323348068
 20
-24.16012778652311
 10
896.4909323348068
 20
-24.16012778652311
 97
        0
 75
     1
 76
     1
 52
0.0
 41
1.0
 77
     0
 78
     2
 53
0.0
 43
-1.5
 44
0.0
 45
0.0
 46
6.985
 79
     2
 49
5.08
 49
-1.905
 53
90.0
 43
-1.5
 44
0.0
 45
-6.985
 46
0.0000000000000004
 79
     2
 49
5.08
 49
-1.905
 47
0.0131704024335161
 98
        1
 10
896.0319261190198
 20
-23.66699354213506
1001
GradientColor1ACI
1070
     5
1001
GradientColor2ACI
1070
     2
1001
ACAD
1010
0.0
1020
0.0
1030
0.0
  0
HATCH
  5
247A4
330
1F
100
AcDbEntity
  8
细实线
100
AcDbHatch
 10
0.0
 20
0.0
 30
0.0
210
0.0
220
0.0
230
1.0
  2
ANGLE
 70
     0
 71
     1
 91
        1
 92
        7
 72
     0
 73
     1
 93
        4
 10
896.4909323348068
 20
-23.16012778652311
 10
895.4909323348068
 20
-23.16012778652311
 10
895.4909323348068
 20
-24.16012778652311
 10
896.4909323348068
 20
-24.16012778652311
 97
        0
 75
     1
 76
     1
 52
0.0
 41
1.0
 77
     0
 78
     2
 53
0.0
 43
-1.5
 44
0.0
 45
0.0
 46
6.985
 79
     2
 49
5.08
 49
-1.905
 53
90.0
 43
-1.5
 44
0.0
 45
-6.985
 46
0.0000000000000004
 79
     2
 49
5.08
 49
-1.905
 47
0.0131704024335161
 98
        1
 10
896.0319261190198
 20
-23.66699354213506
1001
GradientColor1ACI
1070
     5
1001
GradientColor2ACI
1070
     2
1001
ACAD
1010
0.0
1020
0.0
1030
0.0
  0
HATCH
  5
247A5
330
1F
100
AcDbEntity
  8
细实线
100
AcDbHatch
 10
0.0
 20
0.0
 30
0.0
210
0.0
220
0.0
230
1.0
  2
ANGLE
 70
     0
 71
     1
 91
        1
 92
        7
 72
     0
 73
     1
 93
        4
 10
897.1659036750388
 20
-23.16012778652311
 10
896.1659036750388
 20
-23.16012778652311
 10
896.1659036750388
 20
-24.16012778652311
 10
897.1659036750388
 20
-24.16012778652311
 97
        0
 75
     1
 76
     1
 52
0.0
 41
1.0
 77
     0
 78
     2
 53
0.0
 43
-0.8250286597680085
 44
0.0
 45
0.0
 46
6.985
 79
     2
 49
5.08
 49
-1.905
 53
90.0
 43
-0.8250286597680085
 44
0.0
 45
-6.985
 46
0.0000000000000004
 79
     2
 49
5.08
 49
-1.905
 47
0.0131704024335161
 98
        1
 10
896.7068974592518
 20
-23.66699354213506
1001
GradientColor1ACI
1070
     5
1001
GradientColor2ACI
1070
     2
1001
ACAD
1010
0.0
1020
0.0
1030
0.0
  0
HATCH
  5
247A6
330
1F
100
AcDbEntity
  8
细实线
100
AcDbHatch
 10
0.0
 20
0.0
 30
0.0
210
0.0
220
0.0
230
1.0
  2
ANGLE
 70
     0
 71
     1
 91
        1
 92
        7
 72
     0
 73
     1
 93
        4
 10
896.4332371243351
 20
-23.60518356094361
 10
895.4332371243351
 20
-23.60518356094361
 10
895.4332371243351
 20
-24.60518356094361
 10
896.4332371243351
 20
-24.60518356094361
 97
        0
 75
     1
 76
     1
 52
0.0
 41
1.0
 77
     0
 78
     2
 53
0.0
 43
-1.55769521047182
 44
-0.44505577442051
 45
0.0
 46
6.985
 79
     2
 49
5.08
 49
-1.905
 53
90.0
 43
-1.55769521047182
 44
-0.44505577442051
 45
-6.985
 46
0.0000000000000004
 79
     2
 49
5.08
 49
-1.905
 47
0.0131704024335161
 98
        1
 10
895.9742309085479
 20
-24.11204931655557
1001
GradientColor1ACI
1070
     5
1001
GradientColor2ACI
1070
     2
1001
ACAD
1010
0.0
1020
0.0
1030
0.0
  0
HATCH
  5
252F9
330
1F
100
AcDbEntity
  8
细实线
 62
     5
100
AcDbHatch
 10
0.0
 20
0.0
 30
0.0
210
0.0
220
0.0
230
1.0
  2
ANSI31
 70
     0
 71
     0
 91
        0
 75
     1
 76
     1
 52
0.0
 41
0.1
 77
     0
 78
     1
 53
45.0
 43
0.0
 44
0.0
 45
-0.2245064030267288
 46
0.2245064030267288
 79
     0
 98
        1
 10
0.0
 20
0.0
1001
ACAD
1010
0.0
1020
0.0
1030
0.0
  0
HATCH
  5
26A4C
330
1F
100
AcDbEntity
  8
细实线
 62
     8
100
AcDbHatch
 10
0.0
 20
0.0
 30
0.0
210
0.0
220
0.0
230
1.0
  2
ANGLE
 70
     0
 71
     0
 91
        1
 92
        7
 72
     1
 73
     1
 93
        2
 10
484.9504724228894
 20
-18.47506463055674
 42
1.0
 10
485.4504724228894
 20
-18.47506463055674
 42
1.0
 97
        0
 75
     1
 76
     1
 52
0.0
 41
0.1
 77
     0
 78
     2
 53
0.0
 43
0.0
 44
0.0
 45
0.0
 46
0.6985000000000002
 79
     2
 49
0.508
 49
-0.1905
 53
90.0
 43
0.0
 44
0.0
 45
-0.6985000000000002
 46
0.0
 79
     2
 49
0.508
 49
-0.1905
 47
0.0021317681478054
 98
        1
 10
485.408070596186
 20
-18.33962694005538
1001
GradientColor1ACI
1070
     5
1001
GradientColor2ACI
1070
     2
1001
ACAD
1010
0.0
1020
0.0
1030
0.0
  0
HATCH
  5
2774B
330
1F
100
AcDbEntity
  8
细实线
 62
     5
100
AcDbHatch
 10
0.0
 20
0.0
 30
0.0
210
0.0
220
0.0
230
1.0
  2
ANSI31
 70
     0
 71
     0
 91
        0
 75
     1
 76
     1
 52
0.0
 41
0.1
 77
     0
 78
     1
 53
45.0
 43
0.0
 44
0.0
 45
-0.2245064030267288
 46
0.2245064030267288
 79
     0
 98
        1
 10
0.0
 20
0.0
1001
ACAD
1010
0.0
1020
0.0
1030
0.0
  0
HATCH
  5
27B9B
330
1F
100
AcDbEntity
  8
细实线
 62
     8
100
AcDbHatch
 10
0.0
 20
0.0
 30
0.0
210
0.0
220
0.0
230
1.0
  2
ANGLE
 70
     0
 71
     0
 91
        1
 92
        7
 72
     1
 73
     1
 93
        2
 10
484.9504724228894
 20
-18.47506463055674
 42
1.0
 10
485.4504724228894
 20
-18.47506463055674
 42
1.0
 97
        0
 75
     1
 76
     1
 52
0.0
 41
1.0
 77
     0
 78
     2
 53
0.0
 43
0.0
 44
0.0
 45
0.0
 46
6.985
 79
     2
 49
5.08
 49
-1.905
 53
90.0
 43
0.0
 44
0.0
 45
-6.985
 46
0.0000000000000004
 79
     2
 49
5.08
 49
-1.905
 47
0.0136481441642926
 98
        1
 10
485.2861573211596
 20
-18.45681602821082
1001
GradientColor1ACI
1070
     5
1001
GradientColor2ACI
1070
     2
1001
ACAD
1010
0.0
1020
0.0
1030
0.0
  0
MULTILEADER
  5
458B3
330
1F
100
AcDbEntity
  8
细实线
 62
     7
160
               700
310
BC020000190000000C00000016000000070000C30C00000033000000000000000C00000013000000993A00000C00000016000000070000C3BC00000026000000159B8B03BECE55404F8BE8D4130B4140000000000000000000000000000000000000000000000000000000000000F03F000000000000F03F00000000000000
310
000000000000000000500069006E0020003100000005000000010000009A9999999999E93F000000000000F03F0000000000000000000000000000F03F00000000000000000000000000000000000000000000000000000000010000002200000041007200690061006C00000000000000000000000C000000330000000000
310
00000C00000010000000020000000C00000016000000070000C30C00000012000000FF7F00000C00000013000000010000000C0000001400000001000000540000000700000003000000B5CCFB7B0C195840BCF0DB009ACD3C40000000000000000020005ECA9D3258403023E35AE9183C400000000000000000C418DFBEC7
310
0B584037349B6FAAA23C4000000000000000000C00000013000000891300003C0000000600000002000000BD726D1D6A1258407A923B3822B83C400000000000000000085ED5E3A30457402839BD3D04F7404000000000000000000C00000013000000112700003C0000000600000002000000085ED5E3A30457402839BD3D
310
04F740400000000000000000085ED5E3A3A456402839BD3D04F7404000000000000000000C00000016000000070000C30C00000012000000FF7F00000C00000017000000000000000C000000130000009A3A00003C0000000600000002000000BAAAABA842D455402839BD3D04F740400000000000000000085ED5E3A3A456
310
402839BD3D04F7404000000000000000000C00000016000000070000C30C00000012000000FF7F00000C00000017000000FFFFFFFF0C0000003300000000000000
100
AcDbMLeader
270
     2
300
CONTEXT_DATA{
 40
1.0
 10
86.31656853451104
 20
33.92981693019311
 30
0.0
 41
0.8
140
0.8
145
1.0
174
     6
175
     6
176
     2
177
     0
290
     1
304
Pin 1
 11
0.0
 21
0.0
 31
1.0
340
11
 12
89.5725030502
 22
34.88981693019311
 32
0.0
 13
1.0
 23
0.0
 33
0.0
 42
0.0
 43
0.0
 44
0.0
 45
1.0
170
     1
 90
-1023410169
171
     3
172
     5
 91
-1073741824
141
0.0
 92
        0
291
     0
292
     0
173
     0
293
     0
142
0.0
143
0.0
294
     0
295
     0
296
     0
110
96.79088076762901
120
28.09731071515415
130
0.0
111
1.0
121
0.0
131
0.0
112
0.0
122
1.0
132
0.0
297
     0
302
LEADER{
290
     1
291
     1
 10
92.0725030502
 20
33.92981693019311
 30
0.0
 11
-1.0
 21
0.0
 31
0.0
 90
        0
 40
1.5
304
LEADER_LINE{
 10
96.79088076762901
 20
28.09731071515415
 30
0.0
 91
        0
305
}
271
     0
303
}
272
     9
273
     9
301
}
340
12E
 90
1107641986
170
     1
 91
-1023410169
341
14
171
    -2
290
     1
291
     1
 41
1.5
 42
0.8
172
     2
343
11
173
     6
 95
        6
174
     1
175
     2
 92
-1056964608
292
     0
 93
-1056964608
 10
1.0
 20
1.0
 30
1.0
 43
0.0
176
     0
293
     0
294
     0
178
     0
179
     3
 45
1.0
271
     0
272
     9
273
     9
295
     1
  0
TEXT
  5
458B4
330
1F
100
AcDbEntity
  8
0
 62
     7
100
AcDbText
 10
113.5597559117378
 20
44.13972854065332
 30
0.0
 40
0.8
  1
Unit: mm
100
AcDbText
  0
HATCH
  5
458B5
330
1F
100
AcDbEntity
  8
细实线
 62
     7
100
AcDbHatch
 10
0.0
 20
0.0
 30
0.0
210
0.0
220
0.0
230
1.0
  2
SOLID
 70
     1
 71
     0
 91
        1
 92
        7
 72
     0
 73
     1
 93
        4
 10
113.6521418861036
 20
40.85242348971343
 10
114.2542935643282
 20
40.85242348971343
 10
114.2542935643282
 20
41.49729319929861
 10
113.6521418861036
 20
41.49729319929861
 97
        0
 75
     1
 76
     1
 47
0.0358135825272515
 98
        1
 10
113.8438568103222
 20
41.07016404215329
450
        0
451
        0
460
0.0
461
0.0
452
        0
462
0.0
453
        2
463
0.0
 63
     5
421
      255
463
1.0
 63
     2
421
 16776960
470
LINEAR
1001
GradientColor1ACI
1070
     5
1001
GradientColor2ACI
1070
     2
1001
ACAD
1010
0.0
1020
0.0
1030
0.0
  0
LWPOLYLINE
  5
458B6
330
1F
100
AcDbEntity
  8
细实线
 62
     7
100
AcDbPolyline
 90
        4
 70
     1
 43
0.0
 10
113.6521418861036
 20
41.49729319929861
 10
114.2542935643282
 20
41.49729319929861
 10
114.2542935643282
 20
40.85242348971343
 10
113.6521418861036
 20
40.85242348971343
  0
TEXT
  5
458B7
330
1F
100
AcDbEntity
  8
0
 62
     7
100
AcDbText
 10
115.5873236080483
 20
40.83548436652381
 30
0.0
 40
0.8
  1
: Pad
100
AcDbText
  0
MTEXT
  5
458B8
330
1F
100
AcDbEntity
  8
细实线
100
AcDbMText
 10
108.1082216521265
 20
32.78773043161485
 30
0.0
 40
1.0
 41
17.86094315720265
 46
0.0
 71
     5
 72
     5
  1
Antenna Area
 73
     1
 44
1.0
1001
ACAD
1000
ACAD_MTEXT_COLUMN_INFO_BEGIN
1070
    75
1070
     2
1070
    79
1070
     0
1070
    76
1070
     1
1070
    78
1070
     0
1070
    48
1040
17.86094315720265
1070
    49
1040
12.5
1070
    50
1070
     1
1040
0.0
1000
ACAD_MTEXT_COLUMN_INFO_END
  0
LWPOLYLINE
  5
458B9
102
{ACAD_REACTORS
330
45921
330
458C1
102
}
330
1F
100
AcDbEntity
  8
DELETE
 62
     0
100
AcDbPolyline
 90
        4
 70
     1
 43
0.0
 10
96.79088076762901
 20
7.297310715154225
 10
96.79088076762901
 20
7.697310715154145
 10
97.59088076762896
 20
7.697310715154145
 10
97.59088076762896
 20
7.297310715154225
  0
LINE
  5
458BA
102
{ACAD_REACTORS
330
45978
102
}
330
1F
100
AcDbEntity
  8
图框
100
AcDbLine
 10
118.4908923636153
 20
5.697354797621557
 30
0.0
 11
118.4908923636153
 21
35.69735391102165
 31
0.0
  0
LINE
  5
458BB
330
1F
100
AcDbEntity
  8
图框
100
AcDbLine
 10
96.49089265131539
 20
35.69735391102165
 30
0.0
 11
96.49089265131539
 21
5.697354797621557
 31
0.0
  0
LINE
  5
458BC
102
{ACAD_REACTORS
330
45924
330
45956
102
}
330
1F
100
AcDbEntity
  8
图框
100
AcDbLine
 10
96.49089265131539
 20
5.697354797621557
 30
0.0
 11
118.4908923636153
 21
5.697354797621557
 31
0.0
  0
LINE
  5
458BD
102
{ACAD_REACTORS
330
45978
330
4597B
102
}
330
1F
100
AcDbEntity
  8
图框
100
AcDbLine
 10
118.4908923636153
 20
35.69735391102165
 30
0.0
 11
96.49089265131539
 21
35.69735391102165
 31
0.0
  0
LINE
  5
458BE
330
1F
100
AcDbEntity
  8
图框
100
AcDbLine
 10
96.49089265131539
 20
19.09735479762156
 30
0.0
 11
96.49089265131539
 21
19.09735479762156
 31
0.0
  0
LWPOLYLINE
  5
458BF
102
{ACAD_REACTORS
330
45927
330
458C1
102
}
330
1F
100
AcDbEntity
  8
DELETE
 62
     0
100
AcDbPolyline
 90
        4
 70
     1
 43
0.0
 10
96.79088076762901
 20
16.64731071515422
 10
96.79088076762901
 20
17.04731071515414
 10
97.59088076762896
 20
17.04731071515414
 10
97.59088076762896
 20
16.64731071515422
  0
LINE
  5
458C0
102
{ACAD_REACTORS
330
45924
102
}
330
1F
100
AcDbEntity
  8
DELETE
 62
     0
100
AcDbLine
 10
96.49089161419233
 20
29.69736107210044
 30
0.0
 11
118.4908923636153
 21
29.69736107210044
 31
0.0
  0
HATCH
  5
458C1
330
1F
100
AcDbEntity
  8
细实线
100
AcDbHatch
 10
0.0
 20
0.0
 30
0.0
210
0.0
220
0.0
230
1.0
  2
SOLID
 70
     1
 71
     1
 91
       26
 92
        7
 72
     0
 73
     1
 93
        4
 10
96.79088076762901
 20
6.797310715154154
 10
96.79088076762901
 20
5.997310715154227
 10
97.59088076762896
 20
5.997310715154227
 10
97.59088076762896
 20
6.797310715154154
 97
        1
330
458D2
 92
        7
 72
     0
 73
     1
 93
        4
 10
97.59088076762896
 20
7.297310715154225
 10
97.59088076762896
 20
7.697310715154145
 10
96.79088076762901
 20
7.697310715154145
 10
96.79088076762901
 20
7.297310715154225
 97
        1
330
458B9
 92
        7
 72
     0
 73
     1
 93
        4
 10
96.79088076762901
 20
8.547310715154139
 10
96.79088076762901
 20
8.147310715154219
 10
97.59088076762896
 20
8.147310715154219
 10
97.59088076762896
 20
8.547310715154139
 97
        1
330
458C2
 92
        7
 72
     0
 73
     1
 93
        4
 10
96.79088076762901
 20
9.397310715154148
 10
96.79088076762901
 20
8.997310715154227
 10
97.59088076762896
 20
8.997310715154227
 10
97.59088076762896
 20
9.397310715154148
 97
        1
330
458C3
 92
        7
 72
     0
 73
     1
 93
        4
 10
96.79088076762901
 20
10.24731071515414
 10
96.79088076762901
 20
9.847310715154222
 10
97.59088076762896
 20
9.847310715154222
 10
97.59088076762896
 20
10.24731071515414
 97
        1
330
458C4
 92
        7
 72
     0
 73
     1
 93
        4
 10
97.59088076762896
 20
10.69731071515423
 10
97.59088076762896
 20
11.09731071515415
 10
96.79088076762901
 20
11.09731071515415
 10
96.79088076762901
 20
10.69731071515423
 97
        1
330
458C5
 92
        7
 72
     0
 73
     1
 93
        4
 10
96.79088076762901
 20
11.94731071515414
 10
96.79088076762901
 20
11.54731071515422
 10
97.59088076762896
 20
11.54731071515422
 10
97.59088076762896
 20
11.94731071515414
 97
        1
330
458C7
 92
        7
 72
     0
 73
     1
 93
        4
 10
96.79088076762901
 20
12.79731071515414
 10
96.79088076762901
 20
12.39731071515422
 10
97.59088076762896
 20
12.39731071515422
 10
97.59088076762896
 20
12.79731071515414
 97
        1
330
458C9
 92
        7
 72
     0
 73
     1
 93
        4
 10
97.59088076762896
 20
13.64731071515415
 10
96.79088076762901
 20
13.64731071515415
 10
96.79088076762901
 20
13.24731071515423
 10
97.59088076762896
 20
13.24731071515423
 97
        1
330
458CB
 92
        7
 72
     0
 73
     1
 93
        4
 10
96.79088076762901
 20
14.49731071515414
 10
96.79088076762901
 20
14.09731071515422
 10
97.59088076762896
 20
14.09731071515422
 10
97.59088076762896
 20
14.49731071515414
 97
        1
330
458CD
 92
        7
 72
     0
 73
     1
 93
        4
 10
97.59088076762896
 20
14.94731071515423
 10
97.59088076762896
 20
15.34731071515415
 10
96.79088076762901
 20
15.34731071515415
 10
96.79088076762901
 20
14.94731071515423
 97
        1
330
458CE
 92
        7
 72
     0
 73
     1
 93
        4
 10
97.59088076762896
 20
15.79731071515422
 10
97.59088076762896
 20
16.19731071515414
 10
96.79088076762901
 20
16.19731071515414
 10
96.79088076762901
 20
15.79731071515422
 97
        1
330
458CF
 92
        7
 72
     0
 73
     1
 93
        4
 10
97.59088076762896
 20
16.64731071515422
 10
97.59088076762896
 20
17.04731071515414
 10
96.79088076762901
 20
17.04731071515414
 10
96.79088076762901
 20
16.64731071515422
 97
        1
330
458BF
 92
        7
 72
     0
 73
     1
 93
        4
 10
97.59088076762896
 20
17.49731071515423
 10
97.59088076762896
 20
17.89731071515415
 10
96.79088076762901
 20
17.89731071515415
 10
96.79088076762901
 20
17.49731071515423
 97
        1
330
458C6
 92
        7
 72
     0
 73
     1
 93
        4
 10
96.79088076762901
 20
18.74731071515414
 10
96.79088076762901
 20
18.34731071515422
 10
97.59088076762896
 20
18.34731071515422
 10
97.59088076762896
 20
18.74731071515414
 97
        1
330
458DA
 92
        7
 72
     0
 73
     1
 93
        4
 10
96.79088076762901
 20
19.59731071515415
 10
96.79088076762901
 20
19.19731071515423
 10
97.59088076762896
 20
19.19731071515423
 10
97.59088076762896
 20
19.59731071515415
 97
        1
330
458C8
 92
        7
 72
     0
 73
     1
 93
        4
 10
97.59088076762896
 20
20.04731071515422
 10
97.59088076762896
 20
20.44731071515414
 10
96.79088076762901
 20
20.44731071515414
 10
96.79088076762901
 20
20.04731071515422
 97
        1
330
458CA
 92
        7
 72
     0
 73
     1
 93
        4
 10
96.79088076762901
 20
21.29731071515414
 10
96.79088076762901
 20
20.89731071515422
 10
97.59088076762896
 20
20.89731071515422
 10
97.59088076762896
 20
21.29731071515414
 97
        1
330
458E4
 92
        7
 72
     0
 73
     1
 93
        4
 10
96.79088076762901
 20
22.14731071515415
 10
96.79088076762901
 20
21.74731071515423
 10
97.59088076762896
 20
21.74731071515423
 10
97.59088076762896
 20
22.14731071515415
 97
        1
330
458E9
 92
        7
 72
     0
 73
     1
 93
        4
 10
97.59088076762896
 20
22.59731071515422
 10
97.59088076762896
 20
22.99731071515414
 10
96.79088076762901
 20
22.99731071515414
 10
96.79088076762901
 20
22.59731071515422
 97
        1
330
458CC
 92
        7
 72
     0
 73
     1
 93
        4
 10
96.79088076762901
 20
23.84731071515415
 10
96.79088076762901
 20
23.44731071515423
 10
97.59088076762896
 20
23.44731071515423
 10
97.59088076762896
 20
23.84731071515415
 97
        1
330
458F3
 92
        7
 72
     0
 73
     1
 93
        4
 10
96.79088076762901
 20
24.69731071515415
 10
96.79088076762901
 20
24.29731071515423
 10
97.59088076762896
 20
24.29731071515423
 10
97.59088076762896
 20
24.69731071515415
 97
        1
330
4591E
 92
        7
 72
     0
 73
     1
 93
        4
 10
97.59088076762896
 20
25.14731071515422
 10
97.59088076762896
 20
25.54731071515414
 10
96.79088076762901
 20
25.54731071515414
 10
96.79088076762901
 20
25.14731071515422
 97
        1
330
45934
 92
        7
 72
     0
 73
     1
 93
        4
 10
96.79088076762901
 20
26.39731071515415
 10
96.79088076762901
 20
25.99731071515423
 10
97.59088076762896
 20
25.99731071515423
 10
97.59088076762896
 20
26.39731071515415
 97
        1
330
4593B
 92
        7
 72
     0
 73
     1
 93
        4
 10
96.79088076762901
 20
27.24731071515414
 10
96.79088076762901
 20
26.84731071515422
 10
97.59088076762896
 20
26.84731071515422
 10
97.59088076762896
 20
27.24731071515414
 97
        1
330
458D0
 92
        7
 72
     0
 73
     1
 93
        4
 10
96.79088076762901
 20
28.09731071515415
 10
96.79088076762901
 20
27.69731071515423
 10
97.59088076762896
 20
27.69731071515423
 10
97.59088076762896
 20
28.09731071515415
 97
        1
330
458D1
 75
     1
 76
     1
 47
0.0146632663798251
 98
       26
 10
97.10669347953093
 20
6.591468970886751
 10
97.15035618871173
 20
7.464268440139164
 10
97.17946325993047
 20
8.380707284025959
 10
97.1940178467163
 20
9.224413376218365
 10
97.1649097243211
 20
10.09721238483365
 10
97.17946325993047
 20
10.79545205236303
 10
97.1940178467163
 20
11.7700776503699
 10
97.09213994392156
 20
12.59923682371374
 10
97.47658769632051
 20
13.49984172876264
 10
97.35975681092975
 20
14.43401878515806
 10
97.28673685057527
 20
15.06166904530585
 10
97.21371794139702
 20
15.92286322407472
 10
97.19911394932626
 20
16.79865453113336
 10
97.28673685057527
 20
17.58686629291281
 10
97.1962946945406
 20
18.61146364343284
 10
97.24015607603849
 20
19.45902803177074
 10
97.25477688693002
 20
20.21891291658397
 10
97.1962946945406
 20
21.21260888952213
 10
97.25477688693002
 20
21.98710748555993
 10
97.16705412393423
 20
22.77621887154805
 10
97.15844919489848
 20
23.69668828984669
 10
97.24088664355384
 20
24.60304517005909
 10
97.20693575203256
 20
25.28842661425915
 10
97.23627723556194
 20
26.34418145657515
 10
97.35364211850345
 20
27.04801832521054
 10
97.19226553585588
 20
27.92781441100476
450
        0
451
        0
460
0.0
461
0.0
452
        0
462
0.0
453
        2
463
0.0
 63
     5
421
      255
463
1.0
 63
     2
421
 16776960
470
LINEAR
1001
GradientColor1ACI
1070
     5
1001
GradientColor2ACI
1070
     2
1001
ACAD
1010
0.0
1020
0.0
1030
0.0
  0
LWPOLYLINE
  5
458C2
102
{ACAD_REACTORS
330
458C1
102
}
330
1F
100
AcDbEntity
  8
DELETE
 62
     0
100
AcDbPolyline
 90
        4
 70
     1
 43
0.0
 10
96.79088076762901
 20
8.147310715154219
 10
96.79088076762901
 20
8.547310715154139
 10
97.59088076762896
 20
8.547310715154139
 10
97.59088076762896
 20
8.147310715154219
  0
LWPOLYLINE
  5
458C3
102
{ACAD_REACTORS
330
458C1
102
}
330
1F
100
AcDbEntity
  8
DELETE
 62
     0
100
AcDbPolyline
 90
        4
 70
     1
 43
0.0
 10
96.79088076762901
 20
8.997310715154227
 10
96.79088076762901
 20
9.397310715154148
 10
97.59088076762896
 20
9.397310715154148
 10
97.59088076762896
 20
8.997310715154227
  0
LWPOLYLINE
  5
458C4
102
{ACAD_REACTORS
330
458C1
102
}
330
1F
100
AcDbEntity
  8
DELETE
 62
     0
100
AcDbPolyline
 90
        4
 70
     1
 43
0.0
 10
96.79088076762901
 20
9.847310715154222
 10
96.79088076762901
 20
10.24731071515414
 10
97.59088076762896
 20
10.24731071515414
 10
97.59088076762896
 20
9.847310715154222
  0
LWPOLYLINE
  5
458C5
102
{ACAD_REACTORS
330
458C1
102
}
330
1F
100
AcDbEntity
  8
DELETE
 62
     0
100
AcDbPolyline
 90
        4
 70
     1
 43
0.0
 10
96.79088076762901
 20
10.69731071515423
 10
96.79088076762901
 20
11.09731071515415
 10
97.59088076762896
 20
11.09731071515415
 10
97.59088076762896
 20
10.69731071515423
  0
LWPOLYLINE
  5
458C6
102
{ACAD_REACTORS
330
45927
330
458C1
102
}
330
1F
100
AcDbEntity
  8
DELETE
 62
     0
100
AcDbPolyline
 90
        4
 70
     1
 43
0.0
 10
96.79088076762901
 20
17.49731071515423
 10
96.79088076762901
 20
17.89731071515415
 10
97.59088076762896
 20
17.89731071515415
 10
97.59088076762896
 20
17.49731071515423
  0
LWPOLYLINE
  5
458C7
102
{ACAD_REACTORS
330
458C1
102
}
330
1F
100
AcDbEntity
  8
DELETE
 62
     0
100
AcDbPolyline
 90
        4
 70
     1
 43
0.0
 10
96.79088076762901
 20
11.54731071515422
 10
96.79088076762901
 20
11.94731071515414
 10
97.59088076762896
 20
11.94731071515414
 10
97.59088076762896
 20
11.54731071515422
  0
LWPOLYLINE
  5
458C8
102
{ACAD_REACTORS
330
458C1
102
}
330
1F
100
AcDbEntity
  8
DELETE
 62
     0
100
AcDbPolyline
 90
        4
 70
     1
 43
0.0
 10
96.79088076762901
 20
19.19731071515423
 10
96.79088076762901
 20
19.59731071515415
 10
97.59088076762896
 20
19.59731071515415
 10
97.59088076762896
 20
19.19731071515423
  0
LWPOLYLINE
  5
458C9
102
{ACAD_REACTORS
330
458C1
102
}
330
1F
100
AcDbEntity
  8
DELETE
 62
     0
100
AcDbPolyline
 90
        4
 70
     1
 43
0.0
 10
96.79088076762901
 20
12.39731071515422
 10
96.79088076762901
 20
12.79731071515414
 10
97.59088076762896
 20
12.79731071515414
 10
97.59088076762896
 20
12.39731071515422
  0
LWPOLYLINE
  5
458CA
102
{ACAD_REACTORS
330
458C1
102
}
330
1F
100
AcDbEntity
  8
DELETE
 62
     0
100
AcDbPolyline
 90
        4
 70
     1
 43
0.0
 10
96.79088076762901
 20
20.04731071515422
 10
96.79088076762901
 20
20.44731071515414
 10
97.59088076762896
 20
20.44731071515414
 10
97.59088076762896
 20
20.04731071515422
  0
LWPOLYLINE
  5
458CB
102
{ACAD_REACTORS
330
458C1
102
}
330
1F
100
AcDbEntity
  8
DELETE
 62
     0
100
AcDbPolyline
 90
        4
 70
     1
 43
0.0
 10
96.79088076762901
 20
13.24731071515423
 10
96.79088076762901
 20
13.64731071515415
 10
97.59088076762896
 20
13.64731071515415
 10
97.59088076762896
 20
13.24731071515423
  0
LWPOLYLINE
  5
458CC
102
{ACAD_REACTORS
330
458C1
102
}
330
1F
100
AcDbEntity
  8
DELETE
 62
     0
100
AcDbPolyline
 90
        4
 70
     1
 43
0.0
 10
96.79088076762901
 20
22.59731071515422
 10
96.79088076762901
 20
22.99731071515414
 10
97.59088076762896
 20
22.99731071515414
 10
97.59088076762896
 20
22.59731071515422
  0
LWPOLYLINE
  5
458CD
102
{ACAD_REACTORS
330
458C1
102
}
330
1F
100
AcDbEntity
  8
DELETE
 62
     0
100
AcDbPolyline
 90
        4
 70
     1
 43
0.0
 10
96.79088076762901
 20
14.09731071515422
 10
96.79088076762901
 20
14.49731071515414
 10
97.59088076762896
 20
14.49731071515414
 10
97.59088076762896
 20
14.09731071515422
  0
LWPOLYLINE
  5
458CE
102
{ACAD_REACTORS
330
458C1
102
}
330
1F
100
AcDbEntity
  8
DELETE
 62
     0
100
AcDbPolyline
 90
        4
 70
     1
 43
0.0
 10
96.79088076762901
 20
14.94731071515423
 10
96.79088076762901
 20
15.34731071515415
 10
97.59088076762896
 20
15.34731071515415
 10
97.59088076762896
 20
14.94731071515423
  0
LWPOLYLINE
  5
458CF
102
{ACAD_REACTORS
330
458C1
102
}
330
1F
100
AcDbEntity
  8
DELETE
 62
     0
100
AcDbPolyline
 90
        4
 70
     1
 43
0.0
 10
96.79088076762901
 20
15.79731071515422
 10
96.79088076762901
 20
16.19731071515414
 10
97.59088076762896
 20
16.19731071515414
 10
97.59088076762896
 20
15.79731071515422
  0
LWPOLYLINE
  5
458D0
102
{ACAD_REACTORS
330
458C1
102
}
330
1F
100
AcDbEntity
  8
DELETE
 62
     0
100
AcDbPolyline
 90
        4
 70
     1
 43
0.0
 10
96.79088076762901
 20
26.84731071515422
 10
96.79088076762901
 20
27.24731071515414
 10
97.59088076762896
 20
27.24731071515414
 10
97.59088076762896
 20
26.84731071515422
  0
LWPOLYLINE
  5
458D1
102
{ACAD_REACTORS
330
45921
330
458C1
102
}
330
1F
100
AcDbEntity
  8
DELETE
 62
     0
100
AcDbPolyline
 90
        4
 70
     1
 43
0.0
 10
96.79088076762901
 20
27.69731071515423
 10
96.79088076762901
 20
28.09731071515415
 10
97.59088076762896
 20
28.09731071515415
 10
97.59088076762896
 20
27.69731071515423
  0
LWPOLYLINE
  5
458D2
102
{ACAD_REACTORS
330
45959
330
4595E
330
458C1
102
}
330
1F
100
AcDbEntity
  8
DELETE
 62
     0
100
AcDbPolyline
 90
        4
 70
     1
 43
0.0
 10
96.79088076762901
 20
5.997310715154227
 10
96.79088076762901
 20
6.797310715154154
 10
97.59088076762896
 20
6.797310715154154
 10
97.59088076762896
 20
5.997310715154227
  0
LWPOLYLINE
  5
458D3
102
{ACAD_REACTORS
330
45959
330
45970
102
}
330
1F
100
AcDbEntity
  8
DELETE
 62
     0
100
AcDbPolyline
 90
        4
 70
     1
 43
0.0
 10
96.79088076762901
 20
28.59731071515424
 10
96.79088076762901
 20
29.39731071515416
 10
97.59088076762896
 20
29.39731071515416
 10
97.59088076762896
 20
28.59731071515424
  0
LWPOLYLINE
  5
458D4
102
{ACAD_REACTORS
330
45973
102
}
330
1F
100
AcDbEntity
  8
DELETE
 62
     0
100
AcDbPolyline
 90
        4
 70
     1
 43
0.0
 10
104.7159305897247
 20
5.997310715154185
 10
104.3159305897247
 20
5.997310715154185
 10
104.3159305897247
 20
6.797310715154139
 10
104.7159305897247
 20
6.797310715154139
  0
LWPOLYLINE
  5
458D5
102
{ACAD_REACTORS
330
45963
330
45973
102
}
330
1F
100
AcDbEntity
  8
DELETE
 62
     0
100
AcDbPolyline
 90
        4
 70
     1
 43
0.0
 10
98.76593058972469
 20
5.997310715154185
 10
98.36593058972477
 20
5.997310715154185
 10
98.36593058972477
 20
6.797310715154139
 10
98.76593058972469
 20
6.797310715154139
  0
LWPOLYLINE
  5
458D6
102
{ACAD_REACTORS
330
45973
102
}
330
1F
100
AcDbEntity
  8
DELETE
 62
     0
100
AcDbPolyline
 90
        4
 70
     1
 43
0.0
 10
99.61593058972471
 20
5.997310715154185
 10
99.21593058972479
 20
5.997310715154185
 10
99.21593058972479
 20
6.797310715154139
 10
99.61593058972471
 20
6.797310715154139
  0
LWPOLYLINE
  5
458D7
102
{ACAD_REACTORS
330
45973
102
}
330
1F
100
AcDbEntity
  8
DELETE
 62
     0
100
AcDbPolyline
 90
        4
 70
     1
 43
0.0
 10
100.4659305897247
 20
5.997310715154185
 10
100.0659305897247
 20
5.997310715154185
 10
100.0659305897247
 20
6.797310715154139
 10
100.4659305897247
 20
6.797310715154139
  0
LWPOLYLINE
  5
458D8
102
{ACAD_REACTORS
330
4592A
330
45973
102
}
330
1F
100
AcDbEntity
  8
DELETE
 62
     0
100
AcDbPolyline
 90
        4
 70
     1
 43
0.0
 10
108.1159305897247
 20
5.997310715154185
 10
107.7159305897248
 20
5.997310715154185
 10
107.7159305897248
 20
6.797310715154139
 10
108.1159305897247
 20
6.797310715154139
  0
LWPOLYLINE
  5
458D9
102
{ACAD_REACTORS
330
45973
102
}
330
1F
100
AcDbEntity
  8
DELETE
 62
     0
100
AcDbPolyline
 90
        4
 70
     1
 43
0.0
 10
101.3159305897247
 20
5.997310715154185
 10
100.9159305897248
 20
5.997310715154185
 10
100.9159305897248
 20
6.797310715154139
 10
101.3159305897247
 20
6.797310715154139
  0
LWPOLYLINE
  5
458DA
102
{ACAD_REACTORS
330
458C1
102
}
330
1F
100
AcDbEntity
  8
DELETE
 62
     0
100
AcDbPolyline
 90
        4
 70
     1
 43
0.0
 10
96.79088076762901
 20
18.34731071515422
 10
96.79088076762901
 20
18.74731071515414
 10
97.59088076762896
 20
18.74731071515414
 10
97.59088076762896
 20
18.34731071515422
  0
LWPOLYLINE
  5
458DB
102
{ACAD_REACTORS
330
45973
102
}
330
1F
100
AcDbEntity
  8
DELETE
 62
     0
100
AcDbPolyline
 90
        4
 70
     1
 43
0.0
 10
103.0159305897247
 20
5.997310715154185
 10
102.6159305897248
 20
5.997310715154185
 10
102.6159305897248
 20
6.797310715154139
 10
103.0159305897247
 20
6.797310715154139
  0
LWPOLYLINE
  5
458DC
102
{ACAD_REACTORS
330
45973
102
}
330
1F
100
AcDbEntity
  8
DELETE
 62
     0
100
AcDbPolyline
 90
        4
 70
     1
 43
0.0
 10
103.8659305897247
 20
5.997310715154185
 10
103.4659305897248
 20
5.997310715154185
 10
103.4659305897248
 20
6.797310715154139
 10
103.8659305897247
 20
6.797310715154139
  0
LWPOLYLINE
  5
458DD
102
{ACAD_REACTORS
330
45973
102
}
330
1F
100
AcDbEntity
  8
DELETE
 62
     0
100
AcDbPolyline
 90
        4
 70
     1
 43
0.0
 10
105.5659305897247
 20
5.997310715154185
 10
105.1659305897248
 20
5.997310715154185
 10
105.1659305897248
 20
6.797310715154139
 10
105.5659305897247
 20
6.797310715154139
  0
LWPOLYLINE
  5
458DE
102
{ACAD_REACTORS
330
45973
102
}
330
1F
100
AcDbEntity
  8
DELETE
 62
     0
100
AcDbPolyline
 90
        4
 70
     1
 43
0.0
 10
106.4159305897246
 20
5.997310715154185
 10
106.0159305897247
 20
5.997310715154185
 10
106.0159305897247
 20
6.797310715154139
 10
106.4159305897246
 20
6.797310715154139
  0
LWPOLYLINE
  5
458DF
102
{ACAD_REACTORS
330
45973
102
}
330
1F
100
AcDbEntity
  8
DELETE
 62
     0
100
AcDbPolyline
 90
        4
 70
     1
 43
0.0
 10
107.2659305897247
 20
5.997310715154185
 10
106.8659305897248
 20
5.997310715154185
 10
106.8659305897248
 20
6.797310715154139
 10
107.2659305897247
 20
6.797310715154139
  0
LWPOLYLINE
  5
458E0
102
{ACAD_REACTORS
330
4592A
330
45973
102
}
330
1F
100
AcDbEntity
  8
DELETE
 62
     0
100
AcDbPolyline
 90
        4
 70
     1
 43
0.0
 10
108.9659305897247
 20
5.997310715154185
 10
108.5659305897247
 20
5.997310715154185
 10
108.5659305897247
 20
6.797310715154139
 10
108.9659305897247
 20
6.797310715154139
  0
LWPOLYLINE
  5
458E1
102
{ACAD_REACTORS
330
45973
102
}
330
1F
100
AcDbEntity
  8
DELETE
 62
     0
100
AcDbPolyline
 90
        4
 70
     1
 43
0.0
 10
109.8159305897247
 20
5.997310715154185
 10
109.4159305897248
 20
5.997310715154185
 10
109.4159305897248
 20
6.797310715154139
 10
109.8159305897247
 20
6.797310715154139
  0
LWPOLYLINE
  5
458E2
102
{ACAD_REACTORS
330
45973
102
}
330
1F
100
AcDbEntity
  8
DELETE
 62
     0
100
AcDbPolyline
 90
        4
 70
     1
 43
0.0
 10
111.5159305897247
 20
5.997310715154185
 10
111.1159305897247
 20
5.997310715154185
 10
111.1159305897247
 20
6.797310715154139
 10
111.5159305897247
 20
6.797310715154139
  0
LWPOLYLINE
  5
458E3
102
{ACAD_REACTORS
330
4595E
330
45972
102
}
330
1F
100
AcDbEntity
  8
DELETE
 62
     0
100
AcDbPolyline
 90
        4
 70
     1
 43
0.0
 10
117.390880767629
 20
5.997310715154227
 10
117.390880767629
 20
6.797310715154154
 10
118.190880767629
 20
6.797310715154154
 10
118.190880767629
 20
5.997310715154227
  0
LWPOLYLINE
  5
458E4
102
{ACAD_REACTORS
330
458C1
102
}
330
1F
100
AcDbEntity
  8
DELETE
 62
     0
100
AcDbPolyline
 90
        4
 70
     1
 43
0.0
 10
96.79088076762901
 20
20.89731071515422
 10
96.79088076762901
 20
21.29731071515414
 10
97.59088076762896
 20
21.29731071515414
 10
97.59088076762896
 20
20.89731071515422
  0
LWPOLYLINE
  5
458E5
102
{ACAD_REACTORS
330
45973
102
}
330
1F
100
AcDbEntity
  8
DELETE
 62
     0
100
AcDbPolyline
 90
        4
 70
     1
 43
0.0
 10
112.3659305897247
 20
5.997310715154185
 10
111.9659305897248
 20
5.997310715154185
 10
111.9659305897248
 20
6.797310715154139
 10
112.3659305897247
 20
6.797310715154139
  0
LWPOLYLINE
  5
458E6
102
{ACAD_REACTORS
330
45973
102
}
330
1F
100
AcDbEntity
  8
DELETE
 62
     0
100
AcDbPolyline
 90
        4
 70
     1
 43
0.0
 10
113.2159305897247
 20
5.997310715154185
 10
112.8159305897247
 20
5.997310715154185
 10
112.8159305897247
 20
6.797310715154139
 10
113.2159305897247
 20
6.797310715154139
  0
LWPOLYLINE
  5
458E7
102
{ACAD_REACTORS
330
45973
102
}
330
1F
100
AcDbEntity
  8
DELETE
 62
     0
100
AcDbPolyline
 90
        4
 70
     1
 43
0.0
 10
114.0659305897247
 20
5.997310715154185
 10
113.6659305897248
 20
5.997310715154185
 10
113.6659305897248
 20
6.797310715154139
 10
114.0659305897247
 20
6.797310715154139
  0
LWPOLYLINE
  5
458E8
102
{ACAD_REACTORS
330
45973
102
}
330
1F
100
AcDbEntity
  8
DELETE
 62
     0
100
AcDbPolyline
 90
        4
 70
     1
 43
0.0
 10
115.7659305897247
 20
5.997310715154185
 10
115.3659305897247
 20
5.997310715154185
 10
115.3659305897247
 20
6.797310715154139
 10
115.7659305897247
 20
6.797310715154139
  0
LWPOLYLINE
  5
458E9
102
{ACAD_REACTORS
330
458C1
102
}
330
1F
100
AcDbEntity
  8
DELETE
 62
     0
100
AcDbPolyline
 90
        4
 70
     1
 43
0.0
 10
96.79088076762901
 20
21.74731071515423
 10
96.79088076762901
 20
22.14731071515415
 10
97.59088076762896
 20
22.14731071515415
 10
97.59088076762896
 20
21.74731071515423
  0
LWPOLYLINE
  5
458EA
102
{ACAD_REACTORS
330
45963
330
45973
102
}
330
1F
100
AcDbEntity
  8
DELETE
 62
     0
100
AcDbPolyline
 90
        4
 70
     1
 43
0.0
 10
116.6159305897247
 20
5.997310715154185
 10
116.2159305897248
 20
5.997310715154185
 10
116.2159305897248
 20
6.797310715154139
 10
116.6159305897247
 20
6.797310715154139
  0
LWPOLYLINE
  5
458EB
102
{ACAD_REACTORS
330
45972
102
}
330
1F
100
AcDbEntity
  8
DELETE
 62
     0
100
AcDbPolyline
 90
        4
 70
     1
 43
0.0
 10
117.390880767629
 20
7.297310715154225
 10
117.390880767629
 20
7.697310715154145
 10
118.190880767629
 20
7.697310715154145
 10
118.190880767629
 20
7.297310715154225
  0
LWPOLYLINE
  5
458EC
102
{ACAD_REACTORS
330
45972
102
}
330
1F
100
AcDbEntity
  8
DELETE
 62
     0
100
AcDbPolyline
 90
        4
 70
     1
 43
0.0
 10
117.390880767629
 20
8.147310715154219
 10
117.390880767629
 20
8.547310715154139
 10
118.190880767629
 20
8.547310715154139
 10
118.190880767629
 20
8.147310715154219
  0
LWPOLYLINE
  5
458ED
102
{ACAD_REACTORS
330
45972
102
}
330
1F
100
AcDbEntity
  8
DELETE
 62
     0
100
AcDbPolyline
 90
        4
 70
     1
 43
0.0
 10
117.390880767629
 20
8.997310715154227
 10
117.390880767629
 20
9.397310715154148
 10
118.190880767629
 20
9.397310715154148
 10
118.190880767629
 20
8.997310715154227
  0
LWPOLYLINE
  5
458EE
102
{ACAD_REACTORS
330
45972
102
}
330
1F
100
AcDbEntity
  8
DELETE
 62
     0
100
AcDbPolyline
 90
        4
 70
     1
 43
0.0
 10
117.390880767629
 20
9.847310715154222
 10
117.390880767629
 20
10.24731071515414
 10
118.190880767629
 20
10.24731071515414
 10
118.190880767629
 20
9.847310715154222
  0
LWPOLYLINE
  5
458EF
102
{ACAD_REACTORS
330
45972
102
}
330
1F
100
AcDbEntity
  8
DELETE
 62
     0
100
AcDbPolyline
 90
        4
 70
     1
 43
0.0
 10
117.390880767629
 20
11.54731071515422
 10
117.390880767629
 20
11.94731071515414
 10
118.190880767629
 20
11.94731071515414
 10
118.190880767629
 20
11.54731071515422
  0
LWPOLYLINE
  5
458F0
102
{ACAD_REACTORS
330
45972
102
}
330
1F
100
AcDbEntity
  8
DELETE
 62
     0
100
AcDbPolyline
 90
        4
 70
     1
 43
0.0
 10
117.390880767629
 20
12.39731071515422
 10
117.390880767629
 20
12.79731071515414
 10
118.190880767629
 20
12.79731071515414
 10
118.190880767629
 20
12.39731071515422
  0
LWPOLYLINE
  5
458F1
102
{ACAD_REACTORS
330
45972
102
}
330
1F
100
AcDbEntity
  8
DELETE
 62
     0
100
AcDbPolyline
 90
        4
 70
     1
 43
0.0
 10
117.390880767629
 20
13.24731071515423
 10
117.390880767629
 20
13.64731071515415
 10
118.190880767629
 20
13.64731071515415
 10
118.190880767629
 20
13.24731071515423
  0
LWPOLYLINE
  5
458F2
102
{ACAD_REACTORS
330
4594F
330
45972
102
}
330
1F
100
AcDbEntity
  8
DELETE
 62
     0
100
AcDbPolyline
 90
        4
 70
     1
 43
0.0
 10
117.390880767629
 20
14.94731071515423
 10
117.390880767629
 20
15.34731071515415
 10
118.190880767629
 20
15.34731071515415
 10
118.190880767629
 20
14.94731071515423
  0
LWPOLYLINE
  5
458F3
102
{ACAD_REACTORS
330
458C1
102
}
330
1F
100
AcDbEntity
  8
DELETE
 62
     0
100
AcDbPolyline
 90
        4
 70
     1
 43
0.0
 10
96.79088076762901
 20
23.44731071515423
 10
96.79088076762901
 20
23.84731071515415
 10
97.59088076762896
 20
23.84731071515415
 10
97.59088076762896
 20
23.44731071515423
  0
LWPOLYLINE
  5
458F4
102
{ACAD_REACTORS
330
4594F
330
45972
102
}
330
1F
100
AcDbEntity
  8
DELETE
 62
     0
100
AcDbPolyline
 90
        4
 70
     1
 43
0.0
 10
117.390880767629
 20
15.79731071515422
 10
117.390880767629
 20
16.19731071515414
 10
118.190880767629
 20
16.19731071515414
 10
118.190880767629
 20
15.79731071515422
  0
LWPOLYLINE
  5
458F5
102
{ACAD_REACTORS
330
4597D
102
}
330
1F
100
AcDbEntity
  8
DELETE
 62
     0
100
AcDbPolyline
 90
        4
 70
     1
 43
0.0
 10
117.390880767629
 20
18.34731071515422
 10
117.390880767629
 20
18.74731071515414
 10
118.190880767629
 20
18.74731071515414
 10
118.190880767629
 20
18.34731071515422
  0
LWPOLYLINE
  5
458F6
102
{ACAD_REACTORS
330
45971
102
}
330
1F
100
AcDbEntity
  8
DELETE
 62
     0
100
AcDbPolyline
 90
        4
 70
     1
 43
0.0
 10
117.390880767629
 20
20.04731071515422
 10
117.390880767629
 20
20.44731071515414
 10
118.190880767629
 20
20.44731071515414
 10
118.190880767629
 20
20.04731071515422
  0
LWPOLYLINE
  5
458F7
102
{ACAD_REACTORS
330
45971
102
}
330
1F
100
AcDbEntity
  8
DELETE
 62
     0
100
AcDbPolyline
 90
        4
 70
     1
 43
0.0
 10
117.390880767629
 20
21.74731071515423
 10
117.390880767629
 20
22.14731071515415
 10
118.190880767629
 20
22.14731071515415
 10
118.190880767629
 20
21.74731071515423
  0
LWPOLYLINE
  5
458F8
102
{ACAD_REACTORS
330
45971
102
}
330
1F
100
AcDbEntity
  8
DELETE
 62
     0
100
AcDbPolyline
 90
        4
 70
     1
 43
0.0
 10
117.390880767629
 20
22.59731071515422
 10
117.390880767629
 20
22.99731071515414
 10
118.190880767629
 20
22.99731071515414
 10
118.190880767629
 20
22.59731071515422
  0
LWPOLYLINE
  5
458F9
102
{ACAD_REACTORS
330
45971
102
}
330
1F
100
AcDbEntity
  8
DELETE
 62
     0
100
AcDbPolyline
 90
        4
 70
     1
 43
0.0
 10
117.390880767629
 20
23.44731071515423
 10
117.390880767629
 20
23.84731071515415
 10
118.190880767629
 20
23.84731071515415
 10
118.190880767629
 20
23.44731071515423
  0
LWPOLYLINE
  5
458FA
102
{ACAD_REACTORS
330
45971
102
}
330
1F
100
AcDbEntity
  8
DELETE
 62
     0
100
AcDbPolyline
 90
        4
 70
     1
 43
0.0
 10
117.390880767629
 20
25.14731071515422
 10
117.390880767629
 20
25.54731071515414
 10
118.190880767629
 20
25.54731071515414
 10
118.190880767629
 20
25.14731071515422
  0
LWPOLYLINE
  5
458FB
102
{ACAD_REACTORS
330
45971
102
}
330
1F
100
AcDbEntity
  8
DELETE
 62
     0
100
AcDbPolyline
 90
        4
 70
     1
 43
0.0
 10
117.390880767629
 20
25.99731071515423
 10
117.390880767629
 20
26.39731071515415
 10
118.190880767629
 20
26.39731071515415
 10
118.190880767629
 20
25.99731071515423
  0
LWPOLYLINE
  5
458FC
102
{ACAD_REACTORS
330
45971
102
}
330
1F
100
AcDbEntity
  8
DELETE
 62
     0
100
AcDbPolyline
 90
        4
 70
     1
 43
0.0
 10
117.390880767629
 20
26.84731071515422
 10
117.390880767629
 20
27.24731071515414
 10
118.190880767629
 20
27.24731071515414
 10
118.190880767629
 20
26.84731071515422
  0
LWPOLYLINE
  5
458FD
102
{ACAD_REACTORS
330
45971
102
}
330
1F
100
AcDbEntity
  8
DELETE
 62
     0
100
AcDbPolyline
 90
        4
 70
     1
 43
0.0
 10
117.390880767629
 20
27.69731071515423
 10
117.390880767629
 20
28.09731071515415
 10
118.190880767629
 20
28.09731071515415
 10
118.190880767629
 20
27.69731071515423
  0
LWPOLYLINE
  5
458FE
102
{ACAD_REACTORS
330
4596C
330
4591D
330
45971
102
}
330
1F
100
AcDbEntity
  8
DELETE
 62
     0
100
AcDbPolyline
 90
        4
 70
     1
 43
0.0
 10
117.390880767629
 20
28.59731071515424
 10
117.390880767629
 20
29.39731071515416
 10
118.190880767629
 20
29.39731071515416
 10
118.190880767629
 20
28.59731071515424
  0
LWPOLYLINE
  5
458FF
102
{ACAD_REACTORS
330
45917
330
4591A
330
45970
102
}
330
1F
100
AcDbEntity
  8
DELETE
 62
     0
100
AcDbPolyline
 90
        4
 70
     1
 43
0.0
 10
98.76593058972469
 20
28.59731071515418
 10
98.36593058972477
 20
28.59731071515418
 10
98.36593058972477
 20
29.39731071515414
 10
98.76593058972469
 20
29.39731071515414
  0
LWPOLYLINE
  5
45900
102
{ACAD_REACTORS
330
45970
102
}
330
1F
100
AcDbEntity
  8
DELETE
 62
     0
100
AcDbPolyline
 90
        4
 70
     1
 43
0.0
 10
99.61593058972471
 20
28.59731071515418
 10
99.21593058972479
 20
28.59731071515418
 10
99.21593058972479
 20
29.39731071515414
 10
99.61593058972471
 20
29.39731071515414
  0
LWPOLYLINE
  5
45901
102
{ACAD_REACTORS
330
45970
102
}
330
1F
100
AcDbEntity
  8
DELETE
 62
     0
100
AcDbPolyline
 90
        4
 70
     1
 43
0.0
 10
102.1659305897246
 20
28.59731071515418
 10
101.7659305897247
 20
28.59731071515418
 10
101.7659305897247
 20
29.39731071515414
 10
102.1659305897246
 20
29.39731071515414
  0
LWPOLYLINE
  5
45902
102
{ACAD_REACTORS
330
45970
102
}
330
1F
100
AcDbEntity
  8
DELETE
 62
     0
100
AcDbPolyline
 90
        4
 70
     1
 43
0.0
 10
104.7159305897247
 20
28.59731071515418
 10
104.3159305897247
 20
28.59731071515418
 10
104.3159305897247
 20
29.39731071515414
 10
104.7159305897247
 20
29.39731071515414
  0
LWPOLYLINE
  5
45903
102
{ACAD_REACTORS
330
45970
102
}
330
1F
100
AcDbEntity
  8
DELETE
 62
     0
100
AcDbPolyline
 90
        4
 70
     1
 43
0.0
 10
105.5659305897247
 20
28.59731071515418
 10
105.1659305897248
 20
28.59731071515418
 10
105.1659305897248
 20
29.39731071515414
 10
105.5659305897247
 20
29.39731071515414
  0
LWPOLYLINE
  5
45904
102
{ACAD_REACTORS
330
45970
102
}
330
1F
100
AcDbEntity
  8
DELETE
 62
     0
100
AcDbPolyline
 90
        4
 70
     1
 43
0.0
 10
106.4159305897246
 20
28.59731071515418
 10
106.0159305897247
 20
28.59731071515418
 10
106.0159305897247
 20
29.39731071515414
 10
106.4159305897246
 20
29.39731071515414
  0
LWPOLYLINE
  5
45905
102
{ACAD_REACTORS
330
45970
102
}
330
1F
100
AcDbEntity
  8
DELETE
 62
     0
100
AcDbPolyline
 90
        4
 70
     1
 43
0.0
 10
108.1159305897247
 20
28.59731071515418
 10
107.7159305897248
 20
28.59731071515418
 10
107.7159305897248
 20
29.39731071515414
 10
108.1159305897247
 20
29.39731071515414
  0
LWPOLYLINE
  5
45906
102
{ACAD_REACTORS
330
45970
102
}
330
1F
100
AcDbEntity
  8
DELETE
 62
     0
100
AcDbPolyline
 90
        4
 70
     1
 43
0.0
 10
108.9659305897247
 20
28.59731071515418
 10
108.5659305897247
 20
28.59731071515418
 10
108.5659305897247
 20
29.39731071515414
 10
108.9659305897247
 20
29.39731071515414
  0
LWPOLYLINE
  5
45907
102
{ACAD_REACTORS
330
45970
102
}
330
1F
100
AcDbEntity
  8
DELETE
 62
     0
100
AcDbPolyline
 90
        4
 70
     1
 43
0.0
 10
109.8159305897247
 20
28.59731071515418
 10
109.4159305897248
 20
28.59731071515418
 10
109.4159305897248
 20
29.39731071515414
 10
109.8159305897247
 20
29.39731071515414
  0
LINE
  5
45908
102
{ACAD_REACTORS
330
45974
102
}
330
1F
100
AcDbEntity
  8
细实线
 62
    18
420
        0
100
AcDbLine
 10
108.5161754767914
 20
20.77325824562612
 30
0.0
 11
107.4908706440709
 21
19.74795341290564
 31
0.0
  0
LWPOLYLINE
  5
45909
102
{ACAD_REACTORS
330
45970
102
}
330
1F
100
AcDbEntity
  8
DELETE
 62
     0
100
AcDbPolyline
 90
        4
 70
     1
 43
0.0
 10
112.3659305897247
 20
28.59731071515418
 10
111.9659305897248
 20
28.59731071515418
 10
111.9659305897248
 20
29.39731071515414
 10
112.3659305897247
 20
29.39731071515414
  0
LWPOLYLINE
  5
4590A
102
{ACAD_REACTORS
330
45970
102
}
330
1F
100
AcDbEntity
  8
DELETE
 62
     0
100
AcDbPolyline
 90
        4
 70
     1
 43
0.0
 10
113.2159305897247
 20
28.59731071515418
 10
112.8159305897247
 20
28.59731071515418
 10
112.8159305897247
 20
29.39731071515414
 10
113.2159305897247
 20
29.39731071515414
  0
LWPOLYLINE
  5
4590B
102
{ACAD_REACTORS
330
45970
102
}
330
1F
100
AcDbEntity
  8
DELETE
 62
     0
100
AcDbPolyline
 90
        4
 70
     1
 43
0.0
 10
115.7659305897247
 20
28.59731071515418
 10
115.3659305897247
 20
28.59731071515418
 10
115.3659305897247
 20
29.39731071515414
 10
115.7659305897247
 20
29.39731071515414
  0
LWPOLYLINE
  5
4590C
102
{ACAD_REACTORS
330
45970
102
}
330
1F
100
AcDbEntity
  8
DELETE
 62
     0
100
AcDbPolyline
 90
        4
 70
     1
 43
0.0
 10
116.6159305897247
 20
28.59731071515418
 10
116.2159305897248
 20
28.59731071515418
 10
116.2159305897248
 20
29.39731071515414
 10
116.6159305897247
 20
29.39731071515414
  0
LWPOLYLINE
  5
4590D
102
{ACAD_REACTORS
330
45974
102
}
330
1F
100
AcDbEntity
  8
细实线
 62
    18
420
        0
100
AcDbPolyline
 90
        5
 70
     1
 43
0.0
 10
108.5161754767914
 20
17.44985637404935
 10
107.4908706440709
 20
16.42455154132887
 10
106.2180784379353
 20
17.69734374746454
 10
107.4908706440711
 20
18.97013595360033
 10
108.7636628502067
 20
17.69734374746463
  0
LWPOLYLINE
  5
4590E
102
{ACAD_REACTORS
330
45930
330
45974
102
}
330
1F
100
AcDbEntity
  8
细实线
 62
    18
420
        0
100
AcDbPolyline
 90
        5
 70
     1
 43
0.0
 10
106.854474541003
 20
15.78815543826095
 10
105.8291697082825
 20
14.76285060554048
 10
104.5563775021469
 20
16.03564281167615
 10
105.8291697082827
 20
17.30843501781192
 10
107.1019619144183
 20
16.03564281167627
  0
LWPOLYLINE
  5
4590F
102
{ACAD_REACTORS
330
45933
330
45974
102
}
330
1F
100
AcDbEntity
  8
细实线
 62
    18
420
        0
100
AcDbPolyline
 90
        5
 70
     1
 43
0.0
 10
110.1778764125798
 20
15.78815543826093
 10
109.1525715798593
 20
14.76285060554045
 10
107.8797793737237
 20
16.03564281167613
 10
109.1525715798594
 20
17.30843501781192
 10
110.4253637859951
 20
16.03564281167621
  0
LWPOLYLINE
  5
45910
102
{ACAD_REACTORS
330
45974
102
}
330
1F
100
AcDbEntity
  8
细实线
 62
    18
420
        0
100
AcDbPolyline
 90
        5
 70
     1
 43
0.0
 10
106.854474541003
 20
19.11155730983773
 10
105.8291697082825
 20
18.08625247711725
 10
104.5563775021469
 20
19.35904468325293
 10
105.8291697082827
 20
20.63183688938869
 10
107.1019619144183
 20
19.35904468325304
  0
LINE
  5
45911
102
{ACAD_REACTORS
330
45969
330
45974
102
}
330
1F
100
AcDbEntity
  8
细实线
 62
    18
420
        0
100
AcDbLine
 10
107.4908706440709
 20
19.74795341290564
 30
0.0
 11
106.2180784379352
 21
21.02074561904129
 31
0.0
  0
LINE
  5
45912
102
{ACAD_REACTORS
330
45974
102
}
330
1F
100
AcDbEntity
  8
细实线
 62
    18
420
        0
100
AcDbLine
 10
107.8444240346643
 20
21.93998443458383
 30
0.0
 11
108.7636628502067
 21
21.0207456190414
 31
0.0
  0
LINE
  5
45913
102
{ACAD_REACTORS
330
45969
330
4593A
330
45974
102
}
330
1F
100
AcDbEntity
  8
细实线
 62
    18
420
        0
100
AcDbLine
 10
107.1373172534778
 20
21.93998443458383
 30
0.0
 11
107.8444240346643
 21
21.93998443458383
 31
0.0
  0
LINE
  5
45914
102
{ACAD_REACTORS
330
4593A
330
45974
102
}
330
1F
100
AcDbEntity
  8
细实线
 62
    18
420
        0
100
AcDbLine
 10
108.7636628502067
 20
21.0207456190414
 30
0.0
 11
108.5161754767914
 21
20.77325824562612
 31
0.0
  0
DIMENSION
  5
45915
102
{ACAD_XDICTIONARY
360
45916
102
}
102
{ACAD_REACTORS
330
45917
102
}
330
1F
100
AcDbEntity
  8
细实线
100
AcDbDimension
280
     0
  2
*D55
 10
98.36593058972477
 20
31.05289932221098
 30
0.0
 11
90.10420805063256
 21
31.05289932221098
 31
0.0
 70
   160
 71
     5
 42
0.3999999999999204
 73
     0
 74
     0
 75
     0
  3
ISO-25
100
AcDbAlignedDimension
 13
98.76593058972469
 23
29.39731071515414
 33
0.0
 14
98.36593058972477
 24
29.39731071515414
 34
0.0
100
AcDbRotatedDimension
1001
ACAD
1000
DSTYLE
1002
{
1070
     3
1000
94 x <>
1002
}
  0
DIMENSION
  5
45918
102
{ACAD_XDICTIONARY
360
45919
102
}
102
{ACAD_REACTORS
330
4591A
102
}
330
1F
100
AcDbEntity
  8
细实线
100
AcDbDimension
280
     0
  2
*D56
 10
89.04164723941438
 20
28.59731071515418
 30
0.0
 11
87.90607425169268
 21
23.16091917354437
 31
0.0
 70
    32
 71
     5
 42
0.7999999999999546
 73
     0
 74
     0
 75
     0
  3
ISO-25
100
AcDbAlignedDimension
 13
98.36593058972477
 23
29.39731071515414
 33
0.0
 14
98.36593058972477
 24
28.59731071515418
 34
0.0
 50
90.0
100
AcDbRotatedDimension
1001
ACAD
1000
DSTYLE
1002
{
1070
     3
1000
94 x <>
1002
}
  0
DIMENSION
  5
4591B
102
{ACAD_XDICTIONARY
360
4591C
102
}
102
{ACAD_REACTORS
330
4591D
102
}
330
1F
100
AcDbEntity
  8
细实线
100
AcDbDimension
280
     0
  2
*D57
 10
121.0854776644756
 20
28.59731071515423
 30
0.0
 11
119.9499046767539
 21
23.52926842320337
 31
0.0
 70
    32
 71
     5
 42
0.7999999999999261
 73
     0
 74
     0
 75
     0
  3
ISO-25
100
AcDbAlignedDimension
 13
118.190880767629
 23
29.39731071515416
 33
0.0
 14
118.190880767629
 24
28.59731071515424
 34
0.0
 50
90.0
100
AcDbRotatedDimension
1001
ACAD
1000
DSTYLE
1002
{
1070
     3
1000
4 x <>
1002
}
  0
LWPOLYLINE
  5
4591E
102
{ACAD_REACTORS
330
458C1
102
}
330
1F
100
AcDbEntity
  8
DELETE
 62
     0
100
AcDbPolyline
 90
        4
 70
     1
 43
0.0
 10
96.79088076762901
 20
24.29731071515423
 10
96.79088076762901
 20
24.69731071515415
 10
97.59088076762896
 20
24.69731071515415
 10
97.59088076762896
 20
24.29731071515423
  0
DIMENSION
  5
4591F
102
{ACAD_XDICTIONARY
360
45920
102
}
102
{ACAD_REACTORS
330
45921
102
}
330
1F
100
AcDbEntity
  8
细实线
100
AcDbDimension
280
     0
  2
*D58
 10
93.51641618069697
 20
7.497310715154186
 30
0.0
 11
92.38084319297529
 21
17.6973107151542
 31
0.0
 70
    32
 71
     5
 42
20.4
 73
     0
 74
     0
 75
     0
  3
ISO-25
100
AcDbAlignedDimension
 13
96.79088076762901
 23
27.89731071515419
 33
0.0
 14
96.79088076762901
 24
7.497310715154185
 34
0.0
 50
90.0
100
AcDbRotatedDimension
  0
DIMENSION
  5
45922
102
{ACAD_XDICTIONARY
360
45923
102
}
102
{ACAD_REACTORS
330
45924
102
}
330
1F
100
AcDbEntity
  8
细实线
100
AcDbDimension
280
     0
  2
*D59
 10
124.0619006824885
 20
29.69736107210043
 30
0.0
 11
122.9263276947668
 21
17.69735793486101
 31
0.0
 70
    32
 71
     5
 42
24.00000627447888
 73
     0
 74
     0
 75
     0
  3
ISO-25
100
AcDbAlignedDimension
 13
118.4908923636153
 23
5.697354797621557
 33
0.0
 14
118.4908923636153
 24
29.69736107210044
 34
0.0
 50
90.0
100
AcDbRotatedDimension
  0
DIMENSION
  5
45925
102
{ACAD_XDICTIONARY
360
45926
102
}
102
{ACAD_REACTORS
330
45927
102
}
330
1F
100
AcDbEntity
  8
细实线
100
AcDbDimension
280
     0
  2
*D60
 10
95.89424538820901
 20
17.69731071515419
 30
0.0
 11
94.75867240048733
 21
21.62483458964261
 31
0.0
 70
    32
 71
     5
 42
0.8500000000000085
 73
     0
 74
     0
 75
     0
  3
ISO-25
100
AcDbAlignedDimension
 13
96.79088076762901
 23
16.84731071515418
 33
0.0
 14
96.79088076762901
 24
17.69731071515419
 34
0.0
 50
90.0
100
AcDbRotatedDimension
  0
DIMENSION
  5
45928
102
{ACAD_XDICTIONARY
360
45929
102
}
102
{ACAD_REACTORS
330
4592A
102
}
330
1F
100
AcDbEntity
  8
细实线
100
AcDbDimension
280
     0
  2
*D61
 10
108.7659305897246
 20
3.46148472484208
 30
0.0
 11
112.693454464213
 21
4.597057712563771
 31
0.0
 70
    32
 71
     5
 42
0.849999999999909
 73
     0
 74
     0
 75
     0
  3
ISO-25
100
AcDbAlignedDimension
 13
107.9159305897247
 23
5.997310715154185
 33
0.0
 14
108.7659305897246
 24
5.997310715154185
 34
0.0
100
AcDbRotatedDimension
  0
DIMENSION
  5
4592B
102
{ACAD_XDICTIONARY
360
4592C
102
}
102
{ACAD_REACTORS
330
4592D
102
}
330
1F
100
AcDbEntity
  8
细实线
100
AcDbDimension
280
     0
  2
*D62
 10
102.55316253213
 20
14.81024530096469
 30
0.0
 11
106.0961726693782
 21
12.87317788401714
 31
0.0
 70
    33
 71
     5
 42
1.799999999999855
 73
     0
 74
     0
 75
     0
  3
ISO-25
100
AcDbAlignedDimension
 13
102.8946765663585
 23
17.69734374746454
 33
0.0
 14
104.1674687724942
 24
16.42455154132887
 34
0.0
  0
DIMENSION
  5
4592E
102
{ACAD_XDICTIONARY
360
4592F
102
}
102
{ACAD_REACTORS
330
45930
102
}
330
1F
100
AcDbEntity
  8
细实线
100
AcDbDimension
280
     0
  2
*D63
 10
101.6084333909579
 20
13.08769870048713
 30
0.0
 11
105.1885835160309
 21
11.1134912957146
 31
0.0
 70
    33
 71
     5
 42
0.5500000000001677
 73
     0
 74
     0
 75
     0
  3
ISO-25
100
AcDbAlignedDimension
 13
104.1674687724942
 23
16.42455154132887
 33
0.0
 14
104.5563775021469
 24
16.03564281167615
 34
0.0
  0
DIMENSION
  5
45931
102
{ACAD_XDICTIONARY
360
45932
102
}
102
{ACAD_REACTORS
330
45933
102
}
330
1F
100
AcDbEntity
  8
细实线
100
AcDbDimension
280
     0
  2
*D64
 10
111.5449251394998
 20
14.91608145817152
 30
0.0
 11
113.4819925564475
 21
18.4590915954196
 31
0.0
 70
    33
 71
     5
 42
1.800000000000011
 73
     0
 74
     0
 75
     0
  3
ISO-25
100
AcDbAlignedDimension
 13
109.1525715798593
 23
14.76285060554045
 33
0.0
 14
110.4253637859951
 24
16.03564281167621
 34
0.0
  0
LWPOLYLINE
  5
45934
102
{ACAD_REACTORS
330
458C1
102
}
330
1F
100
AcDbEntity
  8
DELETE
 62
     0
100
AcDbPolyline
 90
        4
 70
     1
 43
0.0
 10
96.79088076762901
 20
25.14731071515422
 10
96.79088076762901
 20
25.54731071515414
 10
97.59088076762896
 20
25.54731071515414
 10
97.59088076762896
 20
25.14731071515422
  0
DIMENSION
  5
45935
102
{ACAD_XDICTIONARY
360
45936
102
}
102
{ACAD_REACTORS
330
45937
102
}
330
1F
100
AcDbEntity
  8
细实线
100
AcDbDimension
280
     0
  2
*D65
 10
116.0631912998914
 20
13.72121716935664
 30
0.0
 11
112.9621229008848
 21
12.22609149065067
 31
0.0
 70
    33
 71
     5
 42
6.499999999999985
 73
     0
 74
     0
 75
     0
  3
ISO-25
100
AcDbAlignedDimension
 13
107.490870644071
 23
13.10114966975206
 33
0.0
 14
112.0870647217836
 24
17.69734374746454
 34
0.0
  0
DIMENSION
  5
45938
102
{ACAD_XDICTIONARY
360
45939
102
}
102
{ACAD_REACTORS
330
4593A
102
}
330
1F
100
AcDbEntity
  8
细实线
100
AcDbDimension
280
     0
  2
*D66
 10
108.5780361502973
 20
22.67359655021676
 30
0.0
 11
105.4194323002563
 21
25.83220040025799
 31
0.0
 70
   161
 71
     5
 42
1.29999999999984
 73
     0
 74
     0
 75
     0
  3
ISO-25
100
AcDbAlignedDimension
 13
108.7636628502067
 23
21.0207456190414
 33
0.0
 14
107.8444240346643
 24
21.93998443458383
 34
0.0
  0
LWPOLYLINE
  5
4593B
102
{ACAD_REACTORS
330
458C1
102
}
330
1F
100
AcDbEntity
  8
DELETE
 62
     0
100
AcDbPolyline
 90
        4
 70
     1
 43
0.0
 10
96.79088076762901
 20
25.99731071515423
 10
96.79088076762901
 20
26.39731071515415
 10
97.59088076762896
 20
26.39731071515415
 10
97.59088076762896
 20
25.99731071515423
  0
LWPOLYLINE
  5
4593C
102
{ACAD_REACTORS
330
45973
102
}
330
1F
100
AcDbEntity
  8
DELETE
 62
     0
100
AcDbPolyline
 90
        4
 70
     1
 43
0.0
 10
102.1659305897246
 20
5.997310715154185
 10
101.7659305897247
 20
5.997310715154185
 10
101.7659305897247
 20
6.797310715154139
 10
102.1659305897246
 20
6.797310715154139
  0
LWPOLYLINE
  5
4593D
102
{ACAD_REACTORS
330
45973
102
}
330
1F
100
AcDbEntity
  8
DELETE
 62
     0
100
AcDbPolyline
 90
        4
 70
     1
 43
0.0
 10
110.6659305897246
 20
5.997310715154185
 10
110.2659305897247
 20
5.997310715154185
 10
110.2659305897247
 20
6.797310715154139
 10
110.6659305897246
 20
6.797310715154139
  0
LWPOLYLINE
  5
4593E
102
{ACAD_REACTORS
330
45972
102
}
330
1F
100
AcDbEntity
  8
DELETE
 62
     0
100
AcDbPolyline
 90
        4
 70
     1
 43
0.0
 10
117.390880767629
 20
10.69731071515423
 10
117.390880767629
 20
11.09731071515415
 10
118.190880767629
 20
11.09731071515415
 10
118.190880767629
 20
10.69731071515423
  0
LWPOLYLINE
  5
4593F
102
{ACAD_REACTORS
330
45971
102
}
330
1F
100
AcDbEntity
  8
DELETE
 62
     0
100
AcDbPolyline
 90
        4
 70
     1
 43
0.0
 10
117.390880767629
 20
24.29731071515423
 10
117.390880767629
 20
24.69731071515415
 10
118.190880767629
 20
24.69731071515415
 10
118.190880767629
 20
24.29731071515423
  0
LWPOLYLINE
  5
45940
102
{ACAD_REACTORS
330
45971
102
}
330
1F
100
AcDbEntity
  8
DELETE
 62
     0
100
AcDbPolyline
 90
        4
 70
     1
 43
0.0
 10
117.390880767629
 20
20.89731071515422
 10
117.390880767629
 20
21.29731071515414
 10
118.190880767629
 20
21.29731071515414
 10
118.190880767629
 20
20.89731071515422
  0
LWPOLYLINE
  5
45941
102
{ACAD_REACTORS
330
4597D
102
}
330
1F
100
AcDbEntity
  8
DELETE
 62
     0
100
AcDbPolyline
 90
        4
 70
     1
 43
0.0
 10
117.390880767629
 20
19.19731071515423
 10
117.390880767629
 20
19.59731071515415
 10
118.190880767629
 20
19.59731071515415
 10
118.190880767629
 20
19.19731071515423
  0
LWPOLYLINE
  5
45942
102
{ACAD_REACTORS
330
4597D
102
}
330
1F
100
AcDbEntity
  8
DELETE
 62
     0
100
AcDbPolyline
 90
        4
 70
     1
 43
0.0
 10
117.390880767629
 20
17.49731071515423
 10
117.390880767629
 20
17.89731071515415
 10
118.190880767629
 20
17.89731071515415
 10
118.190880767629
 20
17.49731071515423
  0
LWPOLYLINE
  5
45943
102
{ACAD_REACTORS
330
45972
102
}
330
1F
100
AcDbEntity
  8
DELETE
 62
     0
100
AcDbPolyline
 90
        4
 70
     1
 43
0.0
 10
117.390880767629
 20
16.64731071515422
 10
117.390880767629
 20
17.04731071515414
 10
118.190880767629
 20
17.04731071515414
 10
118.190880767629
 20
16.64731071515422
  0
LWPOLYLINE
  5
45944
102
{ACAD_REACTORS
330
45970
102
}
330
1F
100
AcDbEntity
  8
DELETE
 62
     0
100
AcDbPolyline
 90
        4
 70
     1
 43
0.0
 10
110.6659305897246
 20
28.59731071515418
 10
110.2659305897247
 20
28.59731071515418
 10
110.2659305897247
 20
29.39731071515414
 10
110.6659305897246
 20
29.39731071515414
  0
LWPOLYLINE
  5
45945
102
{ACAD_REACTORS
330
45973
102
}
330
1F
100
AcDbEntity
  8
DELETE
 62
     0
100
AcDbPolyline
 90
        4
 70
     1
 43
0.0
 10
114.9159305897246
 20
5.997310715154185
 10
114.5159305897247
 20
5.997310715154185
 10
114.5159305897247
 20
6.797310715154139
 10
114.9159305897246
 20
6.797310715154139
  0
LWPOLYLINE
  5
45946
102
{ACAD_REACTORS
330
45970
102
}
330
1F
100
AcDbEntity
  8
DELETE
 62
     0
100
AcDbPolyline
 90
        4
 70
     1
 43
0.0
 10
103.0159305897247
 20
28.59731071515418
 10
102.6159305897248
 20
28.59731071515418
 10
102.6159305897248
 20
29.39731071515414
 10
103.0159305897247
 20
29.39731071515414
  0
LWPOLYLINE
  5
45947
102
{ACAD_REACTORS
330
45970
102
}
330
1F
100
AcDbEntity
  8
DELETE
 62
     0
100
AcDbPolyline
 90
        4
 70
     1
 43
0.0
 10
101.3159305897247
 20
28.59731071515418
 10
100.9159305897248
 20
28.59731071515418
 10
100.9159305897248
 20
29.39731071515414
 10
101.3159305897247
 20
29.39731071515414
  0
LWPOLYLINE
  5
45948
102
{ACAD_REACTORS
330
45972
102
}
330
1F
100
AcDbEntity
  8
DELETE
 62
     0
100
AcDbPolyline
 90
        4
 70
     1
 43
0.0
 10
117.390880767629
 20
14.09731071515422
 10
117.390880767629
 20
14.49731071515414
 10
118.190880767629
 20
14.49731071515414
 10
118.190880767629
 20
14.09731071515422
  0
LWPOLYLINE
  5
45949
102
{ACAD_REACTORS
330
45970
102
}
330
1F
100
AcDbEntity
  8
DELETE
 62
     0
100
AcDbPolyline
 90
        4
 70
     1
 43
0.0
 10
100.4659305897247
 20
28.59731071515418
 10
100.0659305897247
 20
28.59731071515418
 10
100.0659305897247
 20
29.39731071515414
 10
100.4659305897247
 20
29.39731071515414
  0
LWPOLYLINE
  5
4594A
102
{ACAD_REACTORS
330
45970
102
}
330
1F
100
AcDbEntity
  8
DELETE
 62
     0
100
AcDbPolyline
 90
        4
 70
     1
 43
0.0
 10
103.8659305897247
 20
28.59731071515418
 10
103.4659305897248
 20
28.59731071515418
 10
103.4659305897248
 20
29.39731071515414
 10
103.8659305897247
 20
29.39731071515414
  0
LWPOLYLINE
  5
4594B
102
{ACAD_REACTORS
330
4596F
330
45937
330
45974
102
}
330
1F
100
AcDbEntity
  8
细实线
 62
    18
420
        0
100
AcDbPolyline
 90
        5
 70
     1
 43
0.0
 10
111.8395773483682
 20
17.44985637404932
 10
110.8142725156477
 20
16.42455154132881
 10
109.541480309512
 20
17.69734374746451
 10
110.8142725156479
 20
18.97013595360028
 10
112.0870647217835
 20
17.6973437474646
  0
LWPOLYLINE
  5
4594C
102
{ACAD_REACTORS
330
45970
102
}
330
1F
100
AcDbEntity
  8
DELETE
 62
     0
100
AcDbPolyline
 90
        4
 70
     1
 43
0.0
 10
107.2659305897247
 20
28.59731071515418
 10
106.8659305897248
 20
28.59731071515418
 10
106.8659305897248
 20
29.39731071515414
 10
107.2659305897247
 20
29.39731071515414
  0
DIMENSION
  5
4594D
102
{ACAD_XDICTIONARY
360
4594E
102
}
102
{ACAD_REACTORS
330
4594F
102
}
330
1F
100
AcDbEntity
  8
细实线
100
AcDbDimension
280
     0
  2
*D67
 10
121.0664435595513
 20
15.14731071515419
 30
0.0
 11
119.9308705718296
 21
11.2197868406658
 31
0.0
 70
    32
 71
     5
 42
0.8499999999999943
 73
     0
 74
     0
 75
     0
  3
ISO-25
100
AcDbAlignedDimension
 13
118.190880767629
 23
15.99731071515418
 33
0.0
 14
118.190880767629
 24
15.14731071515419
 34
0.0
 50
90.0
100
AcDbRotatedDimension
  0
LWPOLYLINE
  5
45950
102
{ACAD_REACTORS
330
4592D
330
45974
102
}
330
1F
100
AcDbEntity
  8
细实线
 62
    18
420
        0
100
AcDbPolyline
 90
        5
 70
     1
 43
0.0
 10
105.1927736052146
 20
17.44985637404937
 10
104.1674687724942
 20
16.42455154132887
 10
102.8946765663585
 20
17.69734374746454
 10
104.1674687724943
 20
18.97013595360033
 10
105.4402609786299
 20
17.69734374746463
  0
LWPOLYLINE
  5
45951
102
{ACAD_REACTORS
330
45970
102
}
330
1F
100
AcDbEntity
  8
DELETE
 62
     0
100
AcDbPolyline
 90
        4
 70
     1
 43
0.0
 10
114.0659305897247
 20
28.59731071515418
 10
113.6659305897248
 20
28.59731071515418
 10
113.6659305897248
 20
29.39731071515414
 10
114.0659305897247
 20
29.39731071515414
  0
LWPOLYLINE
  5
45952
102
{ACAD_REACTORS
330
45970
102
}
330
1F
100
AcDbEntity
  8
DELETE
 62
     0
100
AcDbPolyline
 90
        4
 70
     1
 43
0.0
 10
114.9159305897246
 20
28.59731071515418
 10
114.5159305897247
 20
28.59731071515418
 10
114.5159305897247
 20
29.39731071515414
 10
114.9159305897246
 20
29.39731071515414
  0
LINE
  5
45953
102
{ACAD_REACTORS
330
45974
102
}
330
1F
100
AcDbEntity
  8
细实线
 62
    18
420
        0
100
AcDbLine
 10
106.2180784379352
 20
21.02074561904129
 30
0.0
 11
107.1373172534778
 21
21.93998443458383
 31
0.0
  0
DIMENSION
  5
45954
102
{ACAD_XDICTIONARY
360
45955
102
}
102
{ACAD_REACTORS
330
45956
102
}
330
1F
100
AcDbEntity
  8
细实线
100
AcDbDimension
280
     0
  2
*D68
 10
95.91188573452484
 20
6.397310715154191
 30
0.0
 11
94.77631274680316
 21
10.31937756372174
 31
0.0
 70
    32
 71
     5
 42
0.6999559175326349
 73
     0
 74
     0
 75
     0
  3
ISO-25
100
AcDbAlignedDimension
 13
96.49089265131539
 23
5.697354797621557
 33
0.0
 14
100.0195739563519
 24
6.397310715154191
 34
0.0
 50
90.0
100
AcDbRotatedDimension
  0
DIMENSION
  5
45957
102
{ACAD_XDICTIONARY
360
45958
102
}
102
{ACAD_REACTORS
330
45959
102
}
330
1F
100
AcDbEntity
  8
细实线
100
AcDbDimension
280
     0
  2
*D69
 10
91.16318791878326
 20
6.397310715154191
 30
0.0
 11
90.02761493106156
 21
17.69731071515421
 31
0.0
 70
    32
 71
     5
 42
22.60000000000001
 73
     0
 74
     0
 75
     0
  3
ISO-25
100
AcDbAlignedDimension
 13
96.79088076762901
 23
28.9973107151542
 33
0.0
 14
96.79088076762901
 24
6.397310715154191
 34
0.0
 50
90.0
100
AcDbRotatedDimension
  0
LWPOLYLINE
  5
4595A
102
{ACAD_REACTORS
330
45974
102
}
330
1F
100
AcDbEntity
  8
细实线
 62
    18
420
        0
100
AcDbPolyline
 90
        5
 70
     1
 43
0.0
 10
110.1778764125798
 20
19.11155730983773
 10
109.1525715798593
 20
18.08625247711723
 10
107.8797793737237
 20
19.35904468325293
 10
109.1525715798594
 20
20.63183688938869
 10
110.4253637859951
 20
19.35904468325302
  0
LWPOLYLINE
  5
4595B
102
{ACAD_REACTORS
330
45966
330
45974
102
}
330
1F
100
AcDbEntity
  8
细实线
 62
    18
420
        0
100
AcDbPolyline
 90
        5
 70
     1
 43
0.0
 10
108.5161754767915
 20
14.12645450247254
 10
107.490870644071
 20
13.10114966975206
 10
106.2180784379353
 20
14.37394187588774
 10
107.4908706440711
 20
15.6467340820235
 10
108.7636628502067
 20
14.37394187588785
  0
DIMENSION
  5
4595C
102
{ACAD_XDICTIONARY
360
4595D
102
}
102
{ACAD_REACTORS
330
4595E
102
}
330
1F
100
AcDbEntity
  8
细实线
100
AcDbDimension
280
     0
  2
*D70
 10
117.790880767629
 20
-1.659820212359363
 30
0.0
 11
107.490880767629
 21
-0.524247224637672
 31
0.0
 70
    32
 71
     5
 42
20.60000000000002
 73
     0
 74
     0
 75
     0
  3
ISO-25
100
AcDbAlignedDimension
 13
97.19088076762899
 23
5.997310715154227
 33
0.0
 14
117.790880767629
 24
5.997310715154227
 34
0.0
100
AcDbRotatedDimension
  0
DIMENSION
  5
4595F
330
1F
100
AcDbEntity
  8
细实线
100
AcDbDimension
280
     0
  2
*D54
 10
97.19088076762899
 20
3.460410777469405
 30
0.0
 11
101.1129476161965
 21
4.595983765191097
 31
0.0
 70
    32
 71
     5
 42
0.6999881163135911
 73
     0
 74
     0
 75
     0
  3
ISO-25
100
AcDbAlignedDimension
 13
96.49089265131539
 23
5.697354797621557
 33
0.0
 14
97.19088076762899
 24
6.397310715154191
 34
0.0
100
AcDbRotatedDimension
  0
LWPOLYLINE
  5
45960
102
{ACAD_REACTORS
330
45970
102
}
330
1F
100
AcDbEntity
  8
DELETE
 62
     0
100
AcDbPolyline
 90
        4
 70
     1
 43
0.0
 10
111.5159305897247
 20
28.59731071515418
 10
111.1159305897247
 20
28.59731071515418
 10
111.1159305897247
 20
29.39731071515414
 10
111.5159305897247
 20
29.39731071515414
  0
DIMENSION
  5
45961
102
{ACAD_XDICTIONARY
360
45962
102
}
102
{ACAD_REACTORS
330
45963
102
}
330
1F
100
AcDbEntity
  8
细实线
100
AcDbDimension
280
     0
  2
*D71
 10
116.4159305897247
 20
0.3956497101107743
 30
0.0
 11
107.4909305897247
 21
1.531222697832466
 31
0.0
 70
    32
 71
     5
 42
17.85000000000002
 73
     0
 74
     0
 75
     0
  3
ISO-25
100
AcDbAlignedDimension
 13
98.56593058972473
 23
5.997310715154185
 33
0.0
 14
116.4159305897247
 24
5.997310715154185
 34
0.0
100
AcDbRotatedDimension
  0
DIMENSION
  5
45964
102
{ACAD_XDICTIONARY
360
45965
102
}
102
{ACAD_REACTORS
330
45966
102
}
330
1F
100
AcDbEntity
  8
细实线
100
AcDbDimension
280
     0
  2
*D72
 10
102.9379733199151
 20
8.548252345596246
 30
0.0
 11
101.4428476412092
 21
11.64932074460277
 31
0.0
 70
    33
 71
     5
 42
6.499999999999886
 73
     0
 74
     0
 75
     0
  3
ISO-25
100
AcDbAlignedDimension
 13
102.8946765663585
 23
17.69734374746454
 33
0.0
 14
107.490870644071
 24
13.10114966975206
 34
0.0
  0
DIMENSION
  5
45967
102
{ACAD_XDICTIONARY
360
45968
102
}
102
{ACAD_REACTORS
330
45969
102
}
330
1F
100
AcDbEntity
  8
细实线
100
AcDbDimension
280
     0
  2
*D73
 10
105.2042454646644
 20
22.03457859231213
 30
0.0
 11
101.6609941586642
 21
20.09775234411669
 31
0.0
 70
    33
 71
     5
 42
1.300000000000025
 73
     0
 74
     0
 75
     0
  3
ISO-25
100
AcDbAlignedDimension
 13
107.1373172534778
 23
21.93998443458383
 33
0.0
 14
106.2180784379352
 24
21.02074561904131
 34
0.0
  0
DIMENSION
  5
4596A
102
{ACAD_XDICTIONARY
360
4596B
102
}
102
{ACAD_REACTORS
330
4596C
102
}
330
1F
100
AcDbEntity
  8
细实线
100
AcDbDimension
280
     0
  2
*D74
 10
118.190880767629
 20
31.04973207458477
 30
0.0
 11
123.2589230595799
 21
32.18530506230646
 31
0.0
 70
    32
 71
     5
 42
0.7999999999999546
 73
     0
 74
     0
 75
     0
  3
ISO-25
100
AcDbAlignedDimension
 13
117.390880767629
 23
29.39731071515416
 33
0.0
 14
118.190880767629
 24
29.39731071515416
 34
0.0
100
AcDbRotatedDimension
1001
ACAD
1000
DSTYLE
1002
{
1070
     3
1000
4 x <>
1002
}
  0
DIMENSION
  5
4596D
102
{ACAD_XDICTIONARY
360
4596E
102
}
102
{ACAD_REACTORS
330
4596F
102
}
330
1F
100
AcDbEntity
  8
细实线
100
AcDbDimension
280
     0
  2
*D75
 10
113.2352460861573
 20
14.00357797081928
 30
0.0
 11
115.2094534909298
 21
17.58372809589235
 31
0.0
 70
    33
 71
     5
 42
0.5500000000000114
 73
     0
 74
     0
 75
     0
  3
ISO-25
100
AcDbAlignedDimension
 13
110.4253637859951
 23
16.03564281167621
 33
0.0
 14
110.8142725156477
 24
16.42455154132881
 34
0.0
  0
HATCH
  5
45970
330
1F
100
AcDbEntity
  8
细实线
100
AcDbHatch
 10
0.0
 20
0.0
 30
0.0
210
0.0
220
0.0
230
1.0
  2
SOLID
 70
     1
 71
     1
 91
       23
 92
        7
 72
     0
 73
     1
 93
        4
 10
98.76593058972469
 20
29.39731071515414
 10
98.36593058972477
 20
29.39731071515414
 10
98.36593058972477
 20
28.59731071515418
 10
98.76593058972469
 20
28.59731071515418
 97
        1
330
458FF
 92
        7
 72
     0
 73
     1
 93
        4
 10
99.61593058972471
 20
29.39731071515414
 10
99.21593058972479
 20
29.39731071515414
 10
99.21593058972479
 20
28.59731071515418
 10
99.61593058972471
 20
28.59731071515418
 97
        1
330
45900
 92
        7
 72
     0
 73
     1
 93
        4
 10
100.4659305897247
 20
29.39731071515414
 10
100.0659305897247
 20
29.39731071515414
 10
100.0659305897247
 20
28.59731071515418
 10
100.4659305897247
 20
28.59731071515418
 97
        1
330
45949
 92
        7
 72
     0
 73
     1
 93
        4
 10
101.3159305897247
 20
29.39731071515414
 10
100.9159305897248
 20
29.39731071515414
 10
100.9159305897248
 20
28.59731071515418
 10
101.3159305897247
 20
28.59731071515418
 97
        1
330
45947
 92
        7
 72
     0
 73
     1
 93
        4
 10
97.59088076762896
 20
29.39731071515416
 10
96.79088076762901
 20
29.39731071515416
 10
96.79088076762901
 20
28.59731071515424
 10
97.59088076762896
 20
28.59731071515424
 97
        1
330
458D3
 92
        7
 72
     0
 73
     1
 93
        4
 10
101.7659305897247
 20
28.59731071515418
 10
102.1659305897246
 20
28.59731071515418
 10
102.1659305897246
 20
29.39731071515414
 10
101.7659305897247
 20
29.39731071515414
 97
        1
330
45901
 92
        7
 72
     0
 73
     1
 93
        4
 10
103.0159305897247
 20
29.39731071515414
 10
102.6159305897248
 20
29.39731071515414
 10
102.6159305897248
 20
28.59731071515418
 10
103.0159305897247
 20
28.59731071515418
 97
        1
330
45946
 92
        7
 72
     0
 73
     1
 93
        4
 10
103.8659305897247
 20
29.39731071515414
 10
103.4659305897248
 20
29.39731071515414
 10
103.4659305897248
 20
28.59731071515418
 10
103.8659305897247
 20
28.59731071515418
 97
        1
330
4594A
 92
        7
 72
     0
 73
     1
 93
        4
 10
104.3159305897247
 20
28.59731071515418
 10
104.7159305897247
 20
28.59731071515418
 10
104.7159305897247
 20
29.39731071515414
 10
104.3159305897247
 20
29.39731071515414
 97
        1
330
45902
 92
        7
 72
     0
 73
     1
 93
        4
 10
105.5659305897247
 20
29.39731071515414
 10
105.1659305897248
 20
29.39731071515414
 10
105.1659305897248
 20
28.59731071515418
 10
105.5659305897247
 20
28.59731071515418
 97
        1
330
45903
 92
        7
 72
     0
 73
     1
 93
        4
 10
106.4159305897246
 20
29.39731071515414
 10
106.0159305897247
 20
29.39731071515414
 10
106.0159305897247
 20
28.59731071515418
 10
106.4159305897246
 20
28.59731071515418
 97
        1
330
45904
 92
        7
 72
     0
 73
     1
 93
        4
 10
106.8659305897248
 20
28.59731071515418
 10
107.2659305897247
 20
28.59731071515418
 10
107.2659305897247
 20
29.39731071515414
 10
106.8659305897248
 20
29.39731071515414
 97
        1
330
4594C
 92
        7
 72
     0
 73
     1
 93
        4
 10
108.1159305897247
 20
29.39731071515414
 10
107.7159305897248
 20
29.39731071515414
 10
107.7159305897248
 20
28.59731071515418
 10
108.1159305897247
 20
28.59731071515418
 97
        1
330
45905
 92
        7
 72
     0
 73
     1
 93
        4
 10
108.5659305897247
 20
28.59731071515418
 10
108.9659305897247
 20
28.59731071515418
 10
108.9659305897247
 20
29.39731071515414
 10
108.5659305897247
 20
29.39731071515414
 97
        1
330
45906
 92
        7
 72
     0
 73
     1
 93
        4
 10
109.8159305897247
 20
29.39731071515414
 10
109.4159305897248
 20
29.39731071515414
 10
109.4159305897248
 20
28.59731071515418
 10
109.8159305897247
 20
28.59731071515418
 97
        1
330
45907
 92
        7
 72
     0
 73
     1
 93
        4
 10
110.2659305897247
 20
28.59731071515418
 10
110.6659305897246
 20
28.59731071515418
 10
110.6659305897246
 20
29.39731071515414
 10
110.2659305897247
 20
29.39731071515414
 97
        1
330
45944
 92
        7
 72
     0
 73
     1
 93
        4
 10
111.5159305897247
 20
29.39731071515414
 10
111.1159305897247
 20
29.39731071515414
 10
111.1159305897247
 20
28.59731071515418
 10
111.5159305897247
 20
28.59731071515418
 97
        1
330
45960
 92
        7
 72
     0
 73
     1
 93
        4
 10
112.3659305897247
 20
29.39731071515414
 10
111.9659305897248
 20
29.39731071515414
 10
111.9659305897248
 20
28.59731071515418
 10
112.3659305897247
 20
28.59731071515418
 97
        1
330
45909
 92
        7
 72
     0
 73
     1
 93
        4
 10
113.2159305897247
 20
29.39731071515414
 10
112.8159305897247
 20
29.39731071515414
 10
112.8159305897247
 20
28.59731071515418
 10
113.2159305897247
 20
28.59731071515418
 97
        1
330
4590A
 92
        7
 72
     0
 73
     1
 93
        4
 10
114.0659305897247
 20
29.39731071515414
 10
113.6659305897248
 20
29.39731071515414
 10
113.6659305897248
 20
28.59731071515418
 10
114.0659305897247
 20
28.59731071515418
 97
        1
330
45951
 92
        7
 72
     0
 73
     1
 93
        4
 10
114.5159305897247
 20
28.59731071515418
 10
114.9159305897246
 20
28.59731071515418
 10
114.9159305897246
 20
29.39731071515414
 10
114.5159305897247
 20
29.39731071515414
 97
        1
330
45952
 92
        7
 72
     0
 73
     1
 93
        4
 10
115.7659305897247
 20
29.39731071515414
 10
115.3659305897247
 20
29.39731071515414
 10
115.3659305897247
 20
28.59731071515418
 10
115.7659305897247
 20
28.59731071515418
 97
        1
330
4590B
 92
        7
 72
     0
 73
     1
 93
        4
 10
116.6159305897247
 20
29.39731071515414
 10
116.2159305897248
 20
29.39731071515414
 10
116.2159305897248
 20
28.59731071515418
 10
116.6159305897247
 20
28.59731071515418
 97
        1
330
4590C
 75
     1
 76
     1
 47
0.0088875918920517
 98
       23
 10
98.67081330143527
 20
28.99382533780977
 10
99.477227390052
 20
29.10896940569501
 10
100.2836404274927
 20
29.05582616691607
 10
101.2407027936339
 20
29.01154005782746
 10
97.22635938735141
 20
29.00268246750005
 10
101.8167116555872
 20
28.96725394873886
 10
102.924422299253
 20
29.03811144689837
 10
103.6953886213245
 20
29.02925431720809
 10
104.4397706952514
 20
29.02039718751775
 10
105.4322787255854
 20
28.96725394873886
 10
106.2652770623468
 20
28.97611107842914
 10
107.0273819683701
 20
28.96725394873886
 10
107.9401362030941
 20
28.95839635841145
 10
108.7072331452756
 20
29.01594881527837
 10
109.6408994809322
 20
29.03372433939001
 10
110.4589690121519
 20
28.96262362485453
 10
111.3659585961515
 20
28.97151115659188
 10
112.1751362272108
 20
28.94484810074289
 10
113.0821268623864
 20
28.8826349179447
 10
113.9090882937665
 20
28.87374738620741
 10
114.7093740246654
 20
28.82930972752092
 10
115.616363608665
 20
28.8826349179447
 10
116.416649339564
 20
28.98039868832916
450
        0
451
        0
460
0.0
461
0.0
452
        0
462
0.0
453
        2
463
0.0
 63
     5
421
      255
463
1.0
 63
     2
421
 16776960
470
LINEAR
1001
GradientColor1ACI
1070
     5
1001
GradientColor2ACI
1070
     2
1001
ACAD
1010
0.0
1020
0.0
1030
0.0
  0
HATCH
  5
45971
330
1F
100
AcDbEntity
  8
细实线
100
AcDbHatch
 10
0.0
 20
0.0
 30
0.0
210
0.0
220
0.0
230
1.0
  2
SOLID
 70
     1
 71
     1
 91
       11
 92
        7
 72
     0
 73
     1
 93
        4
 10
118.190880767629
 20
28.59731071515424
 10
118.190880767629
 20
29.39731071515416
 10
117.390880767629
 20
29.39731071515416
 10
117.390880767629
 20
28.59731071515424
 97
        1
330
458FE
 92
        7
 72
     0
 73
     1
 93
        4
 10
118.190880767629
 20
27.69731071515423
 10
118.190880767629
 20
28.09731071515415
 10
117.390880767629
 20
28.09731071515415
 10
117.390880767629
 20
27.69731071515423
 97
        1
330
458FD
 92
        7
 72
     0
 73
     1
 93
        4
 10
118.190880767629
 20
26.84731071515422
 10
118.190880767629
 20
27.24731071515414
 10
117.390880767629
 20
27.24731071515414
 10
117.390880767629
 20
26.84731071515422
 97
        1
330
458FC
 92
        7
 72
     0
 73
     1
 93
        4
 10
117.390880767629
 20
26.39731071515415
 10
117.390880767629
 20
25.99731071515423
 10
118.190880767629
 20
25.99731071515423
 10
118.190880767629
 20
26.39731071515415
 97
        1
330
458FB
 92
        7
 72
     0
 73
     1
 93
        4
 10
118.190880767629
 20
25.14731071515422
 10
118.190880767629
 20
25.54731071515414
 10
117.390880767629
 20
25.54731071515414
 10
117.390880767629
 20
25.14731071515422
 97
        1
330
458FA
 92
        7
 72
     0
 73
     1
 93
        4
 10
117.390880767629
 20
24.69731071515415
 10
117.390880767629
 20
24.29731071515423
 10
118.190880767629
 20
24.29731071515423
 10
118.190880767629
 20
24.69731071515415
 97
        1
330
4593F
 92
        7
 72
     0
 73
     1
 93
        4
 10
118.190880767629
 20
23.44731071515423
 10
118.190880767629
 20
23.84731071515415
 10
117.390880767629
 20
23.84731071515415
 10
117.390880767629
 20
23.44731071515423
 97
        1
330
458F9
 92
        7
 72
     0
 73
     1
 93
        4
 10
118.190880767629
 20
22.59731071515422
 10
118.190880767629
 20
22.99731071515414
 10
117.390880767629
 20
22.99731071515414
 10
117.390880767629
 20
22.59731071515422
 97
        1
330
458F8
 92
        7
 72
     0
 73
     1
 93
        4
 10
118.190880767629
 20
21.74731071515423
 10
118.190880767629
 20
22.14731071515415
 10
117.390880767629
 20
22.14731071515415
 10
117.390880767629
 20
21.74731071515423
 97
        1
330
458F7
 92
        7
 72
     0
 73
     1
 93
        4
 10
118.190880767629
 20
20.89731071515422
 10
118.190880767629
 20
21.29731071515414
 10
117.390880767629
 20
21.29731071515414
 10
117.390880767629
 20
20.89731071515422
 97
        1
330
45940
 92
        7
 72
     0
 73
     1
 93
        4
 10
117.390880767629
 20
20.44731071515414
 10
117.390880767629
 20
20.04731071515422
 10
118.190880767629
 20
20.04731071515422
 10
118.190880767629
 20
20.44731071515414
 97
        1
330
458F6
 75
     1
 76
     1
 47
0.0143652729216614
 98
       11
 10
117.8517540918052
 20
28.92998748804581
 10
117.7367743278452
 20
27.79513112582765
 10
117.8230096764033
 20
26.97631049100937
 10
117.7367743278452
 20
26.22931607412068
 10
117.8804995583833
 20
25.28120843128397
 10
117.7798914765361
 20
24.6204056601656
 10
117.7798914765361
 20
23.51427969299186
 10
117.7798914765361
 20
22.79601613178471
 10
117.7511470611342
 20
21.90536881839972
 10
117.7367743278452
 20
20.98599157060744
 10
117.8804995583833
 20
20.26772800940023
450
        0
451
        0
460
0.0
461
0.0
452
        0
462
0.0
453
        2
463
0.0
 63
     5
421
      255
463
1.0
 63
     2
421
 16776960
470
LINEAR
1001
GradientColor1ACI
1070
     5
1001
GradientColor2ACI
1070
     2
1001
ACAD
1010
0.0
1020
0.0
1030
0.0
  0
HATCH
  5
45972
330
1F
100
AcDbEntity
  8
细实线
100
AcDbHatch
 10
0.0
 20
0.0
 30
0.0
210
0.0
220
0.0
230
1.0
  2
SOLID
 70
     1
 71
     1
 91
       13
 92
        7
 72
     0
 73
     1
 93
        4
 10
118.190880767629
 20
6.797310715154154
 10
117.390880767629
 20
6.797310715154154
 10
117.390880767629
 20
5.997310715154227
 10
118.190880767629
 20
5.997310715154227
 97
        1
330
458E3
 92
        7
 72
     0
 73
     1
 93
        4
 10
117.390880767629
 20
7.697310715154145
 10
117.390880767629
 20
7.297310715154225
 10
118.190880767629
 20
7.297310715154225
 10
118.190880767629
 20
7.697310715154145
 97
        1
330
458EB
 92
        7
 72
     0
 73
     1
 93
        4
 10
117.390880767629
 20
8.547310715154139
 10
117.390880767629
 20
8.147310715154219
 10
118.190880767629
 20
8.147310715154219
 10
118.190880767629
 20
8.547310715154139
 97
        1
330
458EC
 92
        7
 72
     0
 73
     1
 93
        4
 10
118.190880767629
 20
8.997310715154227
 10
118.190880767629
 20
9.397310715154148
 10
117.390880767629
 20
9.397310715154148
 10
117.390880767629
 20
8.997310715154227
 97
        1
330
458ED
 92
        7
 72
     0
 73
     1
 93
        4
 10
118.190880767629
 20
9.847310715154222
 10
118.190880767629
 20
10.24731071515414
 10
117.390880767629
 20
10.24731071515414
 10
117.390880767629
 20
9.847310715154222
 97
        1
330
458EE
 92
        7
 72
     0
 73
     1
 93
        4
 10
117.390880767629
 20
11.09731071515415
 10
117.390880767629
 20
10.69731071515423
 10
118.190880767629
 20
10.69731071515423
 10
118.190880767629
 20
11.09731071515415
 97
        1
330
4593E
 92
        7
 72
     0
 73
     1
 93
        4
 10
118.190880767629
 20
11.54731071515422
 10
118.190880767629
 20
11.94731071515414
 10
117.390880767629
 20
11.94731071515414
 10
117.390880767629
 20
11.54731071515422
 97
        1
330
458EF
 92
        7
 72
     0
 73
     1
 93
        4
 10
118.190880767629
 20
12.39731071515422
 10
118.190880767629
 20
12.79731071515414
 10
117.390880767629
 20
12.79731071515414
 10
117.390880767629
 20
12.39731071515422
 97
        1
330
458F0
 92
        7
 72
     0
 73
     1
 93
        4
 10
117.390880767629
 20
13.64731071515415
 10
117.390880767629
 20
13.24731071515423
 10
118.190880767629
 20
13.24731071515423
 10
118.190880767629
 20
13.64731071515415
 97
        1
330
458F1
 92
        7
 72
     0
 73
     1
 93
        4
 10
117.390880767629
 20
14.49731071515414
 10
117.390880767629
 20
14.09731071515422
 10
118.190880767629
 20
14.09731071515422
 10
118.190880767629
 20
14.49731071515414
 97
        1
330
45948
 92
        7
 72
     0
 73
     1
 93
        4
 10
118.190880767629
 20
14.94731071515423
 10
118.190880767629
 20
15.34731071515415
 10
117.390880767629
 20
15.34731071515415
 10
117.390880767629
 20
14.94731071515423
 97
        1
330
458F2
 92
        7
 72
     0
 73
     1
 93
        4
 10
118.190880767629
 20
15.79731071515422
 10
118.190880767629
 20
16.19731071515414
 10
117.390880767629
 20
16.19731071515414
 10
117.390880767629
 20
15.79731071515422
 97
        1
330
458F4
 92
        7
 72
     0
 73
     1
 93
        4
 10
118.190880767629
 20
16.64731071515422
 10
118.190880767629
 20
17.04731071515414
 10
117.390880767629
 20
17.04731071515414
 10
117.390880767629
 20
16.64731071515422
 97
        1
330
45943
 75
     1
 76
     1
 47
0.01444743648491
 98
       13
 10
117.9628886529298
 20
6.383057871749429
 10
117.8366844286419
 20
7.662489325889282
 10
117.8276695408566
 20
8.374285542554559
 10
117.8096408164625
 20
9.185192893050498
 10
117.7645674287126
 20
9.987089721709935
 10
117.8096408164625
 20
10.97819875683132
 10
117.8547142042124
 20
11.63593460630011
 10
117.8817578163917
 20
12.49189226279316
 10
117.8161234205871
 20
13.50744592560727
 10
117.7727592454699
 20
14.37429212129416
 10
117.845032870665
 20
15.00997957713764
 10
117.787213970509
 20
15.89127319406475
 10
117.8883959946057
 20
16.78701423223208
450
        0
451
        0
460
0.0
461
0.0
452
        0
462
0.0
453
        2
463
0.0
 63
     5
421
      255
463
1.0
 63
     2
421
 16776960
470
LINEAR
1001
GradientColor1ACI
1070
     5
1001
GradientColor2ACI
1070
     2
1001
ACAD
1010
0.0
1020
0.0
1030
0.0
  0
HATCH
  5
45973
330
1F
100
AcDbEntity
  8
细实线
100
AcDbHatch
 10
0.0
 20
0.0
 30
0.0
210
0.0
220
0.0
230
1.0
  2
SOLID
 70
     1
 71
     1
 91
       22
 92
        7
 72
     0
 73
     1
 93
        4
 10
98.76593058972469
 20
5.997310715154185
 10
98.76593058972469
 20
6.797310715154139
 10
98.36593058972477
 20
6.797310715154139
 10
98.36593058972477
 20
5.997310715154185
 97
        1
330
458D5
 92
        7
 72
     0
 73
     1
 93
        4
 10
99.61593058972471
 20
6.797310715154139
 10
99.21593058972479
 20
6.797310715154139
 10
99.21593058972479
 20
5.997310715154185
 10
99.61593058972471
 20
5.997310715154185
 97
        1
330
458D6
 92
        7
 72
     0
 73
     1
 93
        4
 10
100.4659305897247
 20
6.797310715154139
 10
100.0659305897247
 20
6.797310715154139
 10
100.0659305897247
 20
5.997310715154185
 10
100.4659305897247
 20
5.997310715154185
 97
        1
330
458D7
 92
        7
 72
     0
 73
     1
 93
        4
 10
101.3159305897247
 20
6.797310715154139
 10
100.9159305897248
 20
6.797310715154139
 10
100.9159305897248
 20
5.997310715154185
 10
101.3159305897247
 20
5.997310715154185
 97
        1
330
458D9
 92
        7
 72
     0
 73
     1
 93
        4
 10
101.7659305897247
 20
5.997310715154185
 10
102.1659305897246
 20
5.997310715154185
 10
102.1659305897246
 20
6.797310715154139
 10
101.7659305897247
 20
6.797310715154139
 97
        1
330
4593C
 92
        7
 72
     0
 73
     1
 93
        4
 10
103.0159305897247
 20
6.797310715154139
 10
102.6159305897248
 20
6.797310715154139
 10
102.6159305897248
 20
5.997310715154185
 10
103.0159305897247
 20
5.997310715154185
 97
        1
330
458DB
 92
        7
 72
     0
 73
     1
 93
        4
 10
103.8659305897247
 20
6.797310715154139
 10
103.4659305897248
 20
6.797310715154139
 10
103.4659305897248
 20
5.997310715154185
 10
103.8659305897247
 20
5.997310715154185
 97
        1
330
458DC
 92
        7
 72
     0
 73
     1
 93
        4
 10
104.7159305897247
 20
6.797310715154139
 10
104.3159305897247
 20
6.797310715154139
 10
104.3159305897247
 20
5.997310715154185
 10
104.7159305897247
 20
5.997310715154185
 97
        1
330
458D4
 92
        7
 72
     0
 73
     1
 93
        4
 10
105.5659305897247
 20
6.797310715154139
 10
105.1659305897248
 20
6.797310715154139
 10
105.1659305897248
 20
5.997310715154185
 10
105.5659305897247
 20
5.997310715154185
 97
        1
330
458DD
 92
        7
 72
     0
 73
     1
 93
        4
 10
106.4159305897246
 20
6.797310715154139
 10
106.0159305897247
 20
6.797310715154139
 10
106.0159305897247
 20
5.997310715154185
 10
106.4159305897246
 20
5.997310715154185
 97
        1
330
458DE
 92
        7
 72
     0
 73
     1
 93
        4
 10
107.2659305897247
 20
6.797310715154139
 10
106.8659305897248
 20
6.797310715154139
 10
106.8659305897248
 20
5.997310715154185
 10
107.2659305897247
 20
5.997310715154185
 97
        1
330
458DF
 92
        7
 72
     0
 73
     1
 93
        4
 10
107.7159305897248
 20
5.997310715154185
 10
108.1159305897247
 20
5.997310715154185
 10
108.1159305897247
 20
6.797310715154139
 10
107.7159305897248
 20
6.797310715154139
 97
        1
330
458D8
 92
        7
 72
     0
 73
     1
 93
        4
 10
108.5659305897247
 20
5.997310715154185
 10
108.9659305897247
 20
5.997310715154185
 10
108.9659305897247
 20
6.797310715154139
 10
108.5659305897247
 20
6.797310715154139
 97
        1
330
458E0
 92
        7
 72
     0
 73
     1
 93
        4
 10
109.8159305897247
 20
6.797310715154139
 10
109.4159305897248
 20
6.797310715154139
 10
109.4159305897248
 20
5.997310715154185
 10
109.8159305897247
 20
5.997310715154185
 97
        1
330
458E1
 92
        7
 72
     0
 73
     1
 93
        4
 10
110.6659305897246
 20
5.997310715154185
 10
110.6659305897246
 20
6.797310715154139
 10
110.2659305897247
 20
6.797310715154139
 10
110.2659305897247
 20
5.997310715154185
 97
        1
330
4593D
 92
        7
 72
     0
 73
     1
 93
        4
 10
111.5159305897247
 20
6.797310715154139
 10
111.1159305897247
 20
6.797310715154139
 10
111.1159305897247
 20
5.997310715154185
 10
111.5159305897247
 20
5.997310715154185
 97
        1
330
458E2
 92
        7
 72
     0
 73
     1
 93
        4
 10
112.3659305897247
 20
6.797310715154139
 10
111.9659305897248
 20
6.797310715154139
 10
111.9659305897248
 20
5.997310715154185
 10
112.3659305897247
 20
5.997310715154185
 97
        1
330
458E5
 92
        7
 72
     0
 73
     1
 93
        4
 10
113.2159305897247
 20
5.997310715154185
 10
113.2159305897247
 20
6.797310715154139
 10
112.8159305897247
 20
6.797310715154139
 10
112.8159305897247
 20
5.997310715154185
 97
        1
330
458E6
 92
        7
 72
     0
 73
     1
 93
        4
 10
114.0659305897247
 20
6.797310715154139
 10
113.6659305897248
 20
6.797310715154139
 10
113.6659305897248
 20
5.997310715154185
 10
114.0659305897247
 20
5.997310715154185
 97
        1
330
458E7
 92
        7
 72
     0
 73
     1
 93
        4
 10
114.9159305897246
 20
6.797310715154139
 10
114.5159305897247
 20
6.797310715154139
 10
114.5159305897247
 20
5.997310715154185
 10
114.9159305897246
 20
5.997310715154185
 97
        1
330
45945
 92
        7
 72
     0
 73
     1
 93
        4
 10
115.7659305897247
 20
6.797310715154139
 10
115.3659305897247
 20
6.797310715154139
 10
115.3659305897247
 20
5.997310715154185
 10
115.7659305897247
 20
5.997310715154185
 97
        1
330
458E8
 92
        7
 72
     0
 73
     1
 93
        4
 10
116.2159305897248
 20
5.997310715154185
 10
116.6159305897247
 20
5.997310715154185
 10
116.6159305897247
 20
6.797310715154139
 10
116.2159305897248
 20
6.797310715154139
 97
        1
330
458EA
 75
     1
 76
     1
 47
0.014480432602589
 98
       22
 10
98.61030864588144
 20
6.134173817235591
 10
99.4206047285037
 20
6.203592745807895
 10
100.2901135710305
 20
6.350137521865008
 10
101.1883521124913
 20
6.379098235447258
 10
101.9272249715299
 20
6.364618108974696
 10
102.868926498678
 20
6.335656934755377
 10
103.6802390687638
 20
6.379098235447258
 10
104.607452233232
 20
6.350137521865008
 10
105.404276440638
 20
6.379098235447258
 10
106.2300763222275
 20
6.248774333371557
 10
107.0848508268246
 20
6.335656934755377
 10
107.8671877227267
 20
6.306696221173126
 10
108.6205489444454
 20
6.306696221173126
 10
109.6491764429682
 20
6.263254920481244
 10
110.4604879618779
 20
6.176372319097424
 10
111.3732138148424
 20
6.234294206898994
 10
112.1845263849283
 20
6.263254920481244
 10
112.9958379038379
 20
6.176372319097424
 10
113.8940764452985
 20
6.248774333371557
 10
114.5460233329623
 20
6.205333032679675
 10
115.6181138171727
 20
6.277735507590875
 10
116.4149380245786
 20
6.248774333371557
450
        0
451
        0
460
0.0
461
0.0
452
        0
462
0.0
453
        2
463
0.0
 63
     5
421
      255
463
1.0
 63
     2
421
 16776960
470
LINEAR
1001
GradientColor1ACI
1070
     5
1001
GradientColor2ACI
1070
     2
1001
ACAD
1010
0.0
1020
0.0
1030
0.0
  0
HATCH
  5
45974
330
1F
100
AcDbEntity
  8
细实线
100
AcDbHatch
 10
0.0
 20
0.0
 30
0.0
210
0.0
220
0.0
230
1.0
  2
SOLID
 70
     1
 71
     1
 91
        9
 92
        7
 72
     0
 73
     1
 93
        6
 10
108.5161754767914
 20
20.77325824562612
 10
108.7636628502067
 20
21.0207456190414
 10
107.8444240346643
 20
21.93998443458383
 10
107.1373172534778
 20
21.93998443458383
 10
106.2180784379352
 20
21.02074561904129
 10
107.4908706440709
 20
19.74795341290564
 97
        6
330
45912
330
45913
330
45953
330
45911
330
45908
330
45914
 92
        7
 72
     0
 73
     1
 93
        5
 10
109.1525715798594
 20
20.63183688938869
 10
107.8797793737237
 20
19.35904468325293
 10
109.1525715798593
 20
18.08625247711723
 10
110.1778764125798
 20
19.11155730983773
 10
110.4253637859951
 20
19.35904468325302
 97
        1
330
4595A
 92
        7
 72
     0
 73
     1
 93
        5
 10
109.541480309512
 20
17.69734374746451
 10
110.8142725156477
 20
16.42455154132881
 10
111.8395773483682
 20
17.44985637404932
 10
112.0870647217835
 20
17.6973437474646
 10
110.8142725156479
 20
18.97013595360028
 97
        1
330
4594B
 92
        7
 72
     0
 73
     1
 93
        5
 10
109.1525715798594
 20
17.30843501781192
 10
107.8797793737237
 20
16.03564281167613
 10
109.1525715798593
 20
14.76285060554045
 10
110.1778764125798
 20
15.78815543826093
 10
110.4253637859951
 20
16.03564281167621
 97
        1
330
4590F
 92
        7
 72
     0
 73
     1
 93
        5
 10
108.5161754767914
 20
17.44985637404935
 10
108.7636628502067
 20
17.69734374746463
 10
107.4908706440711
 20
18.97013595360033
 10
106.2180784379353
 20
17.69734374746454
 10
107.4908706440709
 20
16.42455154132887
 97
        1
330
4590D
 92
        7
 72
     0
 73
     1
 93
        5
 10
106.854474541003
 20
19.11155730983773
 10
107.1019619144183
 20
19.35904468325304
 10
105.8291697082827
 20
20.63183688938869
 10
104.5563775021469
 20
19.35904468325293
 10
105.8291697082825
 20
18.08625247711725
 97
        1
330
45910
 92
        7
 72
     0
 73
     1
 93
        5
 10
105.1927736052146
 20
17.44985637404937
 10
105.4402609786299
 20
17.69734374746463
 10
104.1674687724943
 20
18.97013595360033
 10
102.8946765663585
 20
17.69734374746454
 10
104.1674687724942
 20
16.42455154132887
 97
        1
330
45950
 92
        7
 72
     0
 73
     1
 93
        5
 10
104.5563775021469
 20
16.03564281167615
 10
105.8291697082825
 20
14.76285060554048
 10
106.854474541003
 20
15.78815543826095
 10
107.1019619144183
 20
16.03564281167627
 10
105.8291697082827
 20
17.30843501781192
 97
        1
330
4590E
 92
        7
 72
     0
 73
     1
 93
        5
 10
108.5161754767915
 20
14.12645450247254
 10
108.7636628502067
 20
14.37394187588785
 10
107.4908706440711
 20
15.6467340820235
 10
106.2180784379353
 20
14.37394187588774
 10
107.490870644071
 20
13.10114966975206
 97
        1
330
4595B
 75
     1
 76
     1
 47
0.0147135289715012
 98
        9
 10
107.5230715018743
 20
20.93567387965044
 10
109.5840014111983
 20
19.42018020399706
 10
110.5850250205841
 20
17.69869745895005
 10
109.3631881680984
 20
16.33033909608474
 10
107.8616532796078
 20
17.63984324170741
 10
106.0657007336505
 20
19.28775856067892
 10
104.3727939473359
 20
17.47799425944942
 10
105.8154440429217
 20
16.16849057446382
 10
107.6702813817838
 20
14.3145857254616
450
        0
451
        0
460
0.0
461
0.0
452
        0
462
0.0
453
        2
463
0.0
 63
     5
421
      255
463
1.0
 63
     2
421
 16776960
470
LINEAR
1001
GradientColor1ACI
1070
     5
1001
GradientColor2ACI
1070
     2
1001
ACAD
1010
0.0
1020
0.0
1030
0.0
  0
LINE
  5
45975
330
1F
100
AcDbEntity
  8
细实线
  6
ACAD_ISO02W100
 48
0.1
100
AcDbLine
 10
107.490870644071
 20
30.1973437474646
 30
0.0
 11
107.490870644071
 21
5.1973437474646
 31
0.0
  0
DIMENSION
  5
45976
102
{ACAD_XDICTIONARY
360
45977
102
}
102
{ACAD_REACTORS
330
45978
102
}
330
1F
100
AcDbEntity
  8
细实线
100
AcDbDimension
280
     0
  2
*D76
 10
118.4908923636153
 20
37.14244038997885
 30
0.0
 11
107.4908925074653
 21
38.27801337770054
 31
0.0
 70
    32
 71
     5
 42
21.99999971229994
 73
     0
 74
     0
 75
     0
  3
ISO-25
100
AcDbAlignedDimension
 13
96.49089265131539
 23
35.69735391102165
 33
0.0
 14
118.4908923636153
 24
35.69735391102167
 34
0.0
100
AcDbRotatedDimension
  0
DIMENSION
  5
45979
102
{ACAD_XDICTIONARY
360
4597A
102
}
102
{ACAD_REACTORS
330
4597B
102
}
330
1F
100
AcDbEntity
  8
细实线
100
AcDbDimension
280
     0
  2
*D77
 10
126.6054182641511
 20
5.697354797621554
 30
0.0
 11
125.4695042123094
 21
20.69735435432162
 31
0.0
 70
    32
 71
     5
 42
29.9999991134001
 73
     0
 74
     0
 75
     0
  3
ISO-25
100
AcDbAlignedDimension
 13
118.4908923636153
 23
35.69735391102165
 33
0.0
 14
118.4908923636153
 24
5.697354797621557
 34
0.0
 50
90.0
100
AcDbRotatedDimension
  0
LINE
  5
4597C
330
1F
100
AcDbEntity
  8
细实线
  6
ACAD_ISO02W100
 48
0.1
100
AcDbLine
 10
95.99087064407104
 20
17.6973437474646
 30
0.0
 11
118.990870644071
 21
17.6973437474646
 31
0.0
  0
HATCH
  5
4597D
330
1F
100
AcDbEntity
  8
细实线
100
AcDbHatch
 10
0.0
 20
0.0
 30
0.0
210
0.0
220
0.0
230
1.0
  2
SOLID
 70
     1
 71
     1
 91
        3
 92
        7
 72
     0
 73
     1
 93
        4
 10
117.390880767629
 20
19.59731071515415
 10
117.390880767629
 20
19.19731071515423
 10
118.190880767629
 20
19.19731071515423
 10
118.190880767629
 20
19.59731071515415
 97
        1
330
45941
 92
        7
 72
     0
 73
     1
 93
        4
 10
117.390880767629
 20
18.74731071515414
 10
117.390880767629
 20
18.34731071515422
 10
118.190880767629
 20
18.34731071515422
 10
118.190880767629
 20
18.74731071515414
 97
        1
330
458F5
 92
        7
 72
     0
 73
     1
 93
        4
 10
117.390880767629
 20
17.89731071515415
 10
117.390880767629
 20
17.49731071515423
 10
118.190880767629
 20
17.49731071515423
 10
118.190880767629
 20
17.89731071515415
 97
        1
330
45942
 75
     1
 76
     1
 47
0.0053020514019867
 98
        3
 10
117.804134755103
 20
19.49268171587954
 10
117.7776104240064
 20
18.60193720807166
 10
117.7776104240064
 20
17.75360862282525
450
        0
451
        0
460
0.0
461
0.0
452
        0
462
0.0
453
        2
463
0.0
 63
     5
421
      255
463
1.0
 63
     2
421
 16776960
470
LINEAR
1001
GradientColor1ACI
1070
     5
1001
GradientColor2ACI
1070
     2
1001
ACAD
1010
0.0
1020
0.0
1030
0.0
  0
CIRCLE
  5
4597E
330
1F
100
AcDbEntity
  8
细实线
 62
     1
100
AcDbCircle
 10
105.83096979346
 20
17.69805085424585
 30
0.0
 40
0.125
  0
CIRCLE
  5
4597F
330
1F
100
AcDbEntity
  8
细实线
 62
     1
100
AcDbCircle
 10
107.4919636224672
 20
19.35904468325302
 30
0.0
 40
0.125
  0
CIRCLE
  5
45980
330
1F
100
AcDbEntity
  8
细实线
 62
     1
100
AcDbCircle
 10
105.4155445595129
 20
17.28262562029877
 30
0.0
 40
0.125
  0
CIRCLE
  5
45981
330
1F
100
AcDbEntity
  8
细实线
 62
     1
100
AcDbCircle
 10
105.0001193255658
 20
16.86720038635164
 30
0.0
 40
0.125
  0
CIRCLE
  5
45982
330
1F
100
AcDbEntity
  8
细实线
 62
     1
100
AcDbCircle
 10
104.5846940916187
 20
16.45177515240456
 30
0.0
 40
0.125
  0
CIRCLE
  5
45983
330
1F
100
AcDbEntity
  8
细实线
 62
     1
100
AcDbCircle
 10
106.246395027407
 20
18.11347608819292
 30
0.0
 40
0.125
  0
CIRCLE
  5
45984
330
1F
100
AcDbEntity
  8
细实线
 62
     1
100
AcDbCircle
 10
106.6618202613542
 20
18.52890132214006
 30
0.0
 40
0.125
  0
CIRCLE
  5
45985
330
1F
100
AcDbEntity
  8
细实线
 62
     1
100
AcDbCircle
 10
107.0772454953013
 20
18.94432655608713
 30
0.0
 40
0.125
  0
CIRCLE
  5
45986
330
1F
100
AcDbEntity
  8
细实线
 62
     1
100
AcDbCircle
 10
107.9073888564143
 20
19.77446991720009
 30
0.0
 40
0.125
  0
CIRCLE
  5
45987
330
1F
100
AcDbEntity
  8
细实线
 62
     1
100
AcDbCircle
 10
108.3228140903615
 20
20.18989515114717
 30
0.0
 40
0.125
  0
CIRCLE
  5
45988
330
1F
100
AcDbEntity
  8
细实线
 62
     1
100
AcDbCircle
 10
108.7382393243085
 20
20.60532038509425
 30
0.0
 40
0.125
  0
CIRCLE
  5
45989
330
1F
100
AcDbEntity
  8
细实线
 62
     1
100
AcDbCircle
 10
107.4926707292484
 20
16.03634991845749
 30
0.0
 40
0.125
  0
CIRCLE
  5
4598A
330
1F
100
AcDbEntity
  8
细实线
 62
     1
100
AcDbCircle
 10
109.1536645582556
 20
17.6973437474646
 30
0.0
 40
0.125
  0
CIRCLE
  5
4598B
330
1F
100
AcDbEntity
  8
细实线
 62
     1
100
AcDbCircle
 10
107.0772454953013
 20
15.62092468451035
 30
0.0
 40
0.125
  0
CIRCLE
  5
4598C
330
1F
100
AcDbEntity
  8
细实线
 62
     1
100
AcDbCircle
 10
106.6618202613542
 20
15.20549945056328
 30
0.0
 40
0.125
  0
CIRCLE
  5
4598D
330
1F
100
AcDbEntity
  8
细实线
 62
     1
100
AcDbCircle
 10
106.2463950274071
 20
14.7900742166162
 30
0.0
 40
0.125
  0
CIRCLE
  5
4598E
330
1F
100
AcDbEntity
  8
细实线
 62
     1
100
AcDbCircle
 10
107.9080959631955
 20
16.45177515240456
 30
0.0
 40
0.125
  0
CIRCLE
  5
4598F
330
1F
100
AcDbEntity
  8
细实线
 62
     1
100
AcDbCircle
 10
108.3235211971426
 20
16.86720038635164
 30
0.0
 40
0.125
  0
CIRCLE
  5
45990
330
1F
100
AcDbEntity
  8
细实线
 62
     1
100
AcDbCircle
 10
108.7389464310897
 20
17.28262562029871
 30
0.0
 40
0.125
  0
CIRCLE
  5
45991
330
1F
100
AcDbEntity
  8
细实线
 62
     1
100
AcDbCircle
 10
109.5690897922027
 20
18.11276898141173
 30
0.0
 40
0.125
  0
CIRCLE
  5
45992
330
1F
100
AcDbEntity
  8
细实线
 62
     1
100
AcDbCircle
 10
109.9845150261498
 20
18.52819421535881
 30
0.0
 40
0.125
  0
CIRCLE
  5
45993
330
1F
100
AcDbEntity
  8
细实线
 62
     1
100
AcDbCircle
 10
110.3999402600969
 20
18.94361944930588
 30
0.0
 40
0.125
  0
CIRCLE
  5
45994
330
1F
100
AcDbEntity
  8
细实线
 62
     1
100
AcDbCircle
 10
105.4155445595129
 20
18.11347608819298
 30
0.0
 40
0.125
  0
CIRCLE
  5
45995
330
1F
100
AcDbEntity
  8
细实线
 62
     1
100
AcDbCircle
 10
105.0001193255658
 20
18.52890132214006
 30
0.0
 40
0.125
  0
CIRCLE
  5
45996
330
1F
100
AcDbEntity
  8
细实线
 62
     1
100
AcDbCircle
 10
104.5846940916187
 20
18.94432655608713
 30
0.0
 40
0.125
  0
CIRCLE
  5
45997
330
1F
100
AcDbEntity
  8
细实线
 62
     1
100
AcDbCircle
 10
107.0772454953013
 20
19.77517702398134
 30
0.0
 40
0.125
  0
CIRCLE
  5
45998
330
1F
100
AcDbEntity
  8
细实线
 62
     1
100
AcDbCircle
 10
106.6618202613542
 20
20.19060225792848
 30
0.0
 40
0.125
  0
CIRCLE
  5
45999
330
1F
100
AcDbEntity
  8
细实线
 62
     1
100
AcDbCircle
 10
106.2463950274071
 20
20.60602749187555
 30
0.0
 40
0.125
  0
CIRCLE
  5
4599A
330
1F
100
AcDbEntity
  8
细实线
 62
     1
100
AcDbCircle
 10
107.0772454953013
 20
16.45177515240456
 30
0.0
 40
0.125
  0
CIRCLE
  5
4599B
330
1F
100
AcDbEntity
  8
细实线
 62
     1
100
AcDbCircle
 10
106.6618202613542
 20
16.86720038635164
 30
0.0
 40
0.125
  0
CIRCLE
  5
4599C
330
1F
100
AcDbEntity
  8
细实线
 62
     1
100
AcDbCircle
 10
106.2463950274071
 20
17.28262562029877
 30
0.0
 40
0.125
  0
CIRCLE
  5
4599D
330
1F
100
AcDbEntity
  8
细实线
 62
     1
100
AcDbCircle
 10
108.7389464310897
 20
14.7900742166162
 30
0.0
 40
0.125
  0
CIRCLE
  5
4599E
330
1F
100
AcDbEntity
  8
细实线
 62
     1
100
AcDbCircle
 10
108.3235211971425
 20
15.20549945056328
 30
0.0
 40
0.125
  0
CIRCLE
  5
4599F
330
1F
100
AcDbEntity
  8
细实线
 62
     1
100
AcDbCircle
 10
107.9080959631955
 20
15.62092468451035
 30
0.0
 40
0.125
  0
CIRCLE
  5
459A0
330
1F
100
AcDbEntity
  8
细实线
 62
     1
100
AcDbCircle
 10
108.7389464310897
 20
18.11347608819298
 30
0.0
 40
0.125
  0
CIRCLE
  5
459A1
330
1F
100
AcDbEntity
  8
细实线
 62
     1
100
AcDbCircle
 10
108.3235211971425
 20
18.52890132214006
 30
0.0
 40
0.125
  0
CIRCLE
  5
459A2
330
1F
100
AcDbEntity
  8
细实线
 62
     1
100
AcDbCircle
 10
107.9080959631955
 20
18.94432655608713
 30
0.0
 40
0.125
  0
CIRCLE
  5
459A3
330
1F
100
AcDbEntity
  8
细实线
 62
     1
100
AcDbCircle
 10
110.400647366878
 20
16.45177515240456
 30
0.0
 40
0.125
  0
CIRCLE
  5
459A4
330
1F
100
AcDbEntity
  8
细实线
 62
     1
100
AcDbCircle
 10
109.985222132931
 20
16.86720038635164
 30
0.0
 40
0.125
  0
CIRCLE
  5
459A5
330
1F
100
AcDbEntity
  8
细实线
 62
     1
100
AcDbCircle
 10
109.5697968989839
 20
17.28262562029877
 30
0.0
 40
0.125
  0
MTEXT
  5
459A6
330
1F
100
AcDbEntity
  8
细实线
100
AcDbMText
 10
115.6935062834444
 20
43.34513159241379
 30
0.0
 40
0.8
 41
22.61062770083652
 46
0.0
 71
     1
 72
     5
  1
: Via for thermal pad
 73
     1
 44
1.0
1001
ACAD
1000
ACAD_MTEXT_COLUMN_INFO_BEGIN
1070
    75
1070
     2
1070
    79
1070
     0
1070
    76
1070
     1
1070
    78
1070
     0
1070
    48
1040
22.61062770083652
1070
    49
1040
12.5
1070
    50
1070
     1
1040
0.0
1000
ACAD_MTEXT_COLUMN_INFO_END
  0
CIRCLE
  5
459A7
330
1F
100
AcDbEntity
  8
细实线
 62
     1
100
AcDbCircle
 10
113.9243818574776
 20
42.80577369410406
 30
0.0
 40
0.357419907863914
  0
ENDSEC
  0
SECTION
  2
OBJECTS
  0
DICTIONARY
  5
C
330
0
100
AcDbDictionary
281
     1
  3
ACAD_ASSOCNETWORK
350
C84B
  3
ACAD_CIP_PREVIOUS_PRODUCT_INFO
350
216
  3
ACAD_COLOR
350
6B
  3
ACAD_DETAILVIEWSTYLE
350
21B
  3
ACAD_GROUP
350
D
  3
ACAD_LAYOUT
350
1A
  3
ACAD_MATERIAL
350
6A
  3
ACAD_MLEADERSTYLE
350
12D
  3
ACAD_MLINESTYLE
350
17
  3
ACAD_PDFDEFINITIONS
350
C14E
  3
ACAD_PLOTSETTINGS
350
19
  3
ACAD_PLOTSTYLENAME
350
E
  3
ACAD_SCALELIST
350
10C
  3
ACAD_SECTIONVIEWSTYLE
350
219
  3
ACAD_TABLESTYLE
350
7E
  3
ACAD_VISUALSTYLE
350
EF
  3
ACDB_RECOMPOSE_DATA
350
45B1B
  3
AcDbVariableDictionary
350
5E
  3
ASE_INDEX_DICTIONARY
350
269
  0
DICTIONARY
  5
1FF
330
2
100
AcDbDictionary
280
     1
281
     1
  3
ACAD_LAYERSTATES
360
200
  0
DICTIONARY
  5
13C
330
10
100
AcDbDictionary
280
     1
281
     1
  0
DICTIONARY
  5
1CE
330
1F
100
AcDbDictionary
280
     1
281
     1
  3
ACAD_SORTENTS
360
279
  0
DICTIONARY
  5
45916
330
45915
100
AcDbDictionary
280
     1
281
     1
  3
ACAD_DIMASSOC
360
45917
  0
DICTIONARY
  5
45919
330
45918
100
AcDbDictionary
280
     1
281
     1
  3
ACAD_DIMASSOC
360
4591A
  0
DICTIONARY
  5
4591C
330
4591B
100
AcDbDictionary
280
     1
281
     1
  3
ACAD_DIMASSOC
360
4591D
  0
DICTIONARY
  5
45920
330
4591F
100
AcDbDictionary
280
     1
281
     1
  3
ACAD_DIMASSOC
360
45921
  0
DICTIONARY
  5
45923
330
45922
100
AcDbDictionary
280
     1
281
     1
  3
ACAD_DIMASSOC
360
45924
  0
DICTIONARY
  5
45926
330
45925
100
AcDbDictionary
280
     1
281
     1
  3
ACAD_DIMASSOC
360
45927
  0
DICTIONARY
  5
45929
330
45928
100
AcDbDictionary
280
     1
281
     1
  3
ACAD_DIMASSOC
360
4592A
  0
DICTIONARY
  5
4592C
330
4592B
100
AcDbDictionary
280
     1
281
     1
  3
ACAD_DIMASSOC
360
4592D
  0
DICTIONARY
  5
4592F
330
4592E
100
AcDbDictionary
280
     1
281
     1
  3
ACAD_DIMASSOC
360
45930
  0
DICTIONARY
  5
45932
330
45931
100
AcDbDictionary
280
     1
281
     1
  3
ACAD_DIMASSOC
360
45933
  0
DICTIONARY
  5
45936
330
45935
100
AcDbDictionary
280
     1
281
     1
  3
ACAD_DIMASSOC
360
45937
  0
DICTIONARY
  5
45939
330
45938
100
AcDbDictionary
280
     1
281
     1
  3
ACAD_DIMASSOC
360
4593A
  0
DICTIONARY
  5
4594E
330
4594D
100
AcDbDictionary
280
     1
281
     1
  3
ACAD_DIMASSOC
360
4594F
  0
DICTIONARY
  5
45955
330
45954
100
AcDbDictionary
280
     1
281
     1
  3
ACAD_DIMASSOC
360
45956
  0
DICTIONARY
  5
45958
330
45957
100
AcDbDictionary
280
     1
281
     1
  3
ACAD_DIMASSOC
360
45959
  0
DICTIONARY
  5
4595D
330
4595C
100
AcDbDictionary
280
     1
281
     1
  3
ACAD_DIMASSOC
360
4595E
  0
DICTIONARY
  5
45962
330
45961
100
AcDbDictionary
280
     1
281
     1
  3
ACAD_DIMASSOC
360
45963
  0
DICTIONARY
  5
45965
330
45964
100
AcDbDictionary
280
     1
281
     1
  3
ACAD_DIMASSOC
360
45966
  0
DICTIONARY
  5
45968
330
45967
100
AcDbDictionary
280
     1
281
     1
  3
ACAD_DIMASSOC
360
45969
  0
DICTIONARY
  5
4596B
330
4596A
100
AcDbDictionary
280
     1
281
     1
  3
ACAD_DIMASSOC
360
4596C
  0
DICTIONARY
  5
4596E
330
4596D
100
AcDbDictionary
280
     1
281
     1
  3
ACAD_DIMASSOC
360
4596F
  0
DICTIONARY
  5
45977
330
45976
100
AcDbDictionary
280
     1
281
     1
  3
ACAD_DIMASSOC
360
45978
  0
DICTIONARY
  5
4597A
330
45979
100
AcDbDictionary
280
     1
281
     1
  3
ACAD_DIMASSOC
360
4597B
  0
DICTIONARY
  5
C84B
102
{ACAD_REACTORS
330
C
102
}
330
C
100
AcDbDictionary
281
     1
  3
ACAD_ASSOCNETWORK
350
C84C
  0
XRECORD
  5
216
102
{ACAD_REACTORS
330
C
102
}
330
C
100
AcDbXrecord
280
     1
300
ACD
300
2016
300
ACD_F_S
  0
DICTIONARY
  5
6B
102
{ACAD_REACTORS
330
C
102
}
330
C
100
AcDbDictionary
281
     1
  0
DICTIONARY
  5
21B
102
{ACAD_REACTORS
330
C
102
}
330
C
100
AcDbDictionary
281
     1
  3
Imperial24
350
10DE
  3
Metric50
350
21C
  0
DICTIONARY
  5
D
102
{ACAD_REACTORS
330
C
102
}
330
C
100
AcDbDictionary
281
     1
  0
DICTIONARY
  5
1A
102
{ACAD_REACTORS
330
C
102
}
330
C
100
AcDbDictionary
281
     1
  3
Model
350
22
  3
布局1
350
D3
  3
布局2
350
D7
  0
DICTIONARY
  5
6A
102
{ACAD_REACTORS
330
C
102
}
330
C
100
AcDbDictionary
281
     1
  3
ByBlock
350
ED
  3
ByLayer
350
EC
  3
Global
350
EE
  0
DICTIONARY
  5
12D
102
{ACAD_REACTORS
330
C
102
}
330
C
100
AcDbDictionary
281
     1
  3
Standard
350
12E
  0
DICTIONARY
  5
17
102
{ACAD_REACTORS
330
C
102
}
330
C
100
AcDbDictionary
281
     1
  3
Standard
350
18
  0
DICTIONARY
  5
C14E
102
{ACAD_REACTORS
330
C
102
}
330
C
100
AcDbDictionary
281
     1
  3
deltron-571-0100-4mm-90deg-single-socket-data - 1
350
3D00F
  3
ESP32-WROOM-32E 屏蔽盖 - 1
350
C14F
  3
ESP32-WROOM-32UE 屏蔽盖 - 1
350
FD05
  0
DICTIONARY
  5
19
102
{ACAD_REACTORS
330
C
102
}
330
C
100
AcDbDictionary
281
     1
  0
ACDBDICTIONARYWDFLT
  5
E
102
{ACAD_REACTORS
330
C
102
}
330
C
100
AcDbDictionary
281
     1
  3
Normal
350
F
100
AcDbDictionaryWithDefault
340
F
  0
DICTIONARY
  5
10C
102
{ACAD_REACTORS
330
C
102
}
330
C
100
AcDbDictionary
281
     1
  3
A0
350
10D
  3
A1
350
1BE
  3
A2
350
1BF
  3
A3
350
1C0
  3
A4
350
1C1
  3
A5
350
1C2
  3
A6
350
1C3
  3
A7
350
1C4
  3
A8
350
1C5
  3
A9
350
1C6
  3
B0
350
1C7
  3
B1
350
1C8
  3
B2
350
1C9
  3
B3
350
1CA
  3
B4
350
1CB
  3
B5
350
1CC
  3
B6
350
1CD
  0
DICTIONARY
  5
219
102
{ACAD_REACTORS
330
C
102
}
330
C
100
AcDbDictionary
281
     1
  3
Imperial24
350
10DD
  3
Metric50
350
21A
  0
DICTIONARY
  5
7E
102
{ACAD_REACTORS
330
C
102
}
330
C
100
AcDbDictionary
281
     1
  3
Standard
350
7F
  0
DICTIONARY
  5
EF
102
{ACAD_REACTORS
330
C
102
}
330
C
100
AcDbDictionary
281
     1
  3
2dWireframe
350
F5
  3
Basic
350
F4
  3
Brighten
350
FB
  3
ColorChange
350
FF
  3
Conceptual
350
F8
  3
Dim
350
FA
  3
EdgeColorOff
350
1E6
  3
Facepattern
350
FE
  3
Flat
350
F0
  3
FlatWithEdges
350
F1
  3
Gouraud
350
F2
  3
GouraudWithEdges
350
F3
  3
Hidden
350
F7
  3
JitterOff
350
1E4
  3
Linepattern
350
FD
  3
OverhangOff
350
1E5
  3
Realistic
350
F9
  3
Shaded
350
1F3
  3
Shaded with edges
350
1F2
  3
Shades of Gray
350
1EF
  3
Sketchy
350
1F0
  3
Thicken
350
FC
  3
Wireframe
350
F6
  3
X-Ray
350
1F1
  0
XRECORD
  5
45B1B
102
{ACAD_REACTORS
330
C
102
}
330
C
100
AcDbXrecord
280
     1
 90
        1
330
7F
330
21A
330
21C
330
10DD
330
10DE
330
458B8
330
459A6
  0
DICTIONARY
  5
5E
102
{ACAD_REACTORS
330
C
102
}
330
C
100
AcDbDictionary
281
     1
  3
CANNOSCALE
350
146
  3
CMLEADERSTYLE
350
145
  3
CTABLESTYLE
350
84
  3
CVIEWDETAILSTYLE
350
227
  3
CVIEWSECTIONSTYLE
350
228
  3
DIMASSOC
350
5F
  3
HIDETEXT
350
63
  3
HPCOLOR
350
A3A
  3
HPTRANSPARENCY
350
A39
  3
INDEXCTL
350
44A30
  3
LAYEREVAL
350
1AE
  3
LAYERNOTIFY
350
1AF
  3
LIGHTINGUNITS
350
44A2E
  3
MSLTSCALE
350
44A2D
  3
SORTENTS
350
44A2F
  0
DICTIONARY
  5
269
102
{ACAD_REACTORS
330
C
102
}
330
C
100
AcDbDictionary
281
     1
  3
ASEBlockHierarchyIndexRecord
350
26B
1001
DCO15
1040
1970730272.819
  0
DICTIONARY
  5
200
102
{ACAD_REACTORS
330
1FF
102
}
330
1FF
100
AcDbDictionary
281
     1
  0
SORTENTSTABLE
  5
279
102
{ACAD_REACTORS
330
1CE
102
}
330
1CE
100
AcDbSortentsTable
330
1F
331
247A6
  5
27937
331
27B9B
  5
1C2CC
331
5170
  5
4CEC
331
5171
  5
4CEF
331
26A4C
  5
1C2C6
331
252F9
  5
27FE4
331
2774B
  5
28073
331
247A3
  5
26876
331
247A4
  5
2688E
331
247A5
  5
26894
  0
DIMASSOC
  5
45917
102
{ACAD_REACTORS
330
45916
102
}
330
45916
100
AcDbDimAssoc
330
45915
 90
        3
 70
     0
 71
     0
  1
AcDbOsnapPointRef
 72
     1
331
458FF
 73
     2
 91
        3
 40
1.0
 10
0.0
 20
0.0
 30
2.000000000000000E+50
 75
     0
  1
AcDbOsnapPointRef
 72
     1
331
458FF
 73
     2
 91
        2
 40
1.0
 10
0.0
 20
0.0
 30
2.000000000000000E+50
 75
     0
  0
DIMASSOC
  5
4591A
102
{ACAD_REACTORS
330
45919
102
}
330
45919
100
AcDbDimAssoc
330
45918
 90
        2
 70
     0
 71
     0
  1
AcDbOsnapPointRef
 72
     1
331
458FF
 73
     2
 91
        1
 40
1.0
 10
0.0
 20
0.0
 30
2.000000000000000E+50
 75
     0
  0
DIMASSOC
  5
4591D
102
{ACAD_REACTORS
330
4591C
102
}
330
4591C
100
AcDbDimAssoc
330
4591B
 90
        2
 70
     0
 71
     0
  1
AcDbOsnapPointRef
 72
     1
331
458FE
 73
     2
 91
        3
 40
1.0
 10
0.0
 20
0.0
 30
2.000000000000000E+50
 75
     0
  0
DIMASSOC
  5
45921
102
{ACAD_REACTORS
330
45920
102
}
330
45920
100
AcDbDimAssoc
330
4591F
 90
        3
 70
     0
 71
     0
  1
AcDbOsnapPointRef
 72
     2
331
458D1
 73
     2
 91
        1
 40
0.5
 10
0.0
 20
0.0
 30
0.0
 75
     0
  1
AcDbOsnapPointRef
 72
     2
331
458B9
 73
     2
 91
        1
 40
0.5
 10
0.0
 20
0.0
 30
0.0
 75
     0
  0
DIMASSOC
  5
45924
102
{ACAD_REACTORS
330
45923
102
}
330
45923
100
AcDbDimAssoc
330
45922
 90
        3
 70
     0
 71
     0
  1
AcDbOsnapPointRef
 72
     1
331
458BC
 73
     2
 91
        0
 40
1.0
 10
0.0
 20
0.0
 30
2.000000000000000E+50
 75
     0
  1
AcDbOsnapPointRef
 72
     1
331
458C0
 73
     2
 91
        0
 40
1.0
 10
0.0
 20
0.0
 30
2.000000000000000E+50
 75
     0
  0
DIMASSOC
  5
45927
102
{ACAD_REACTORS
330
45926
102
}
330
45926
100
AcDbDimAssoc
330
45925
 90
        3
 70
     0
 71
     0
  1
AcDbOsnapPointRef
 72
     2
331
458BF
 73
     2
 91
        1
 40
0.5
 10
0.0
 20
0.0
 30
0.0
 75
     0
  1
AcDbOsnapPointRef
 72
     2
331
458C6
 73
     2
 91
        1
 40
0.5
 10
0.0
 20
0.0
 30
0.0
 75
     0
  0
DIMASSOC
  5
4592A
102
{ACAD_REACTORS
330
45929
102
}
330
45929
100
AcDbDimAssoc
330
45928
 90
        3
 70
     0
 71
     0
  1
AcDbOsnapPointRef
 72
     2
331
458D8
 73
     2
 91
        1
 40
0.499999999999929
 10
0.0
 20
0.0
 30
0.0
 75
     0
  1
AcDbOsnapPointRef
 72
     2
331
458E0
 73
     2
 91
        1
 40
0.5000000000000711
 10
0.0
 20
0.0
 30
0.0
 75
     0
  0
DIMASSOC
  5
4592D
102
{ACAD_REACTORS
330
4592C
102
}
330
4592C
100
AcDbDimAssoc
330
4592B
 90
        3
 70
     0
 71
     0
  1
AcDbOsnapPointRef
 72
     1
331
45950
 73
     2
 91
        2
 40
0.9999999999999998
 10
0.0
 20
0.0
 30
2.000000000000000E+50
 75
     0
  1
AcDbOsnapPointRef
 72
     1
331
45950
 73
     2
 91
        1
 40
1.0
 10
0.0
 20
0.0
 30
2.000000000000000E+50
 75
     0
  0
DIMASSOC
  5
45930
102
{ACAD_REACTORS
330
4592F
102
}
330
4592F
100
AcDbDimAssoc
330
4592E
 90
        2
 70
     0
 71
     0
  1
AcDbOsnapPointRef
 72
     1
331
4590E
 73
     2
 91
        2
 40
0.9999999999999998
 10
0.0
 20
0.0
 30
2.000000000000000E+50
 75
     0
  0
DIMASSOC
  5
45933
102
{ACAD_REACTORS
330
45932
102
}
330
45932
100
AcDbDimAssoc
330
45931
 90
        3
 70
     0
 71
     0
  1
AcDbOsnapPointRef
 72
     1
331
4590F
 73
     2
 91
        1
 40
1.0
 10
0.0
 20
0.0
 30
2.000000000000000E+50
 75
     0
  1
AcDbOsnapPointRef
 72
     1
331
4590F
 73
     2
 91
        4
 40
1.0
 10
0.0
 20
0.0
 30
2.000000000000000E+50
 75
     0
  0
DIMASSOC
  5
45937
102
{ACAD_REACTORS
330
45936
102
}
330
45936
100
AcDbDimAssoc
330
45935
 90
        2
 70
     0
 71
     0
  1
AcDbOsnapPointRef
 72
     8
331
4594B
 73
     2
 91
        4
 40
1.0
 10
0.0
 20
0.0
 30
0.0
 75
     1
  1
AcDbOsnapPointRef
 72
     0
 40
0.0
 10
320.2304117831923
 20
106.6495585324746
 30
0.0
 75
     0
  0
DIMASSOC
  5
4593A
102
{ACAD_REACTORS
330
45939
102
}
330
45939
100
AcDbDimAssoc
330
45938
 90
        3
 70
     0
 71
     0
  1
AcDbOsnapPointRef
 72
    13
331
45914
 73
     2
 91
        0
 40
0.0
 10
0.0
 20
0.0
 30
2.000000000000000E+50
 75
     0
  1
AcDbOsnapPointRef
 72
     1
331
45913
 73
     2
 91
        0
 40
1.0
 10
0.0
 20
0.0
 30
2.000000000000000E+50
 75
     0
  0
DIMASSOC
  5
4594F
102
{ACAD_REACTORS
330
4594E
102
}
330
4594E
100
AcDbDimAssoc
330
4594D
 90
        3
 70
     0
 71
     0
  1
AcDbOsnapPointRef
 72
     2
331
458F4
 73
     2
 91
        3
 40
0.5
 10
0.0
 20
0.0
 30
0.0
 75
     0
  1
AcDbOsnapPointRef
 72
     2
331
458F2
 73
     2
 91
        3
 40
0.5
 10
0.0
 20
0.0
 30
0.0
 75
     0
  0
DIMASSOC
  5
45956
102
{ACAD_REACTORS
330
45955
102
}
330
45955
100
AcDbDimAssoc
330
45954
 90
        1
 70
     0
 71
     0
  1
AcDbOsnapPointRef
 72
    13
331
458BC
 73
     2
 91
        0
 40
0.0
 10
0.0
 20
0.0
 30
2.000000000000000E+50
 75
     0
  0
DIMASSOC
  5
45959
102
{ACAD_REACTORS
330
45958
102
}
330
45958
100
AcDbDimAssoc
330
45957
 90
        3
 70
     0
 71
     0
  1
AcDbOsnapPointRef
 72
     2
331
458D3
 73
     2
 91
        1
 40
0.5
 10
0.0
 20
0.0
 30
0.0
 75
     0
  1
AcDbOsnapPointRef
 72
     2
331
458D2
 73
     2
 91
        1
 40
0.5
 10
0.0
 20
0.0
 30
0.0
 75
     0
  0
DIMASSOC
  5
4595E
102
{ACAD_REACTORS
330
4595D
102
}
330
4595D
100
AcDbDimAssoc
330
4595C
 90
        3
 70
     0
 71
     0
  1
AcDbOsnapPointRef
 72
     2
331
458D2
 73
     2
 91
        4
 40
0.5000000000000001
 10
0.0
 20
0.0
 30
0.0
 75
     0
  1
AcDbOsnapPointRef
 72
     2
331
458E3
 73
     2
 91
        4
 40
0.5000000000000001
 10
0.0
 20
0.0
 30
0.0
 75
     0
  0
DIMASSOC
  5
45963
102
{ACAD_REACTORS
330
45962
102
}
330
45962
100
AcDbDimAssoc
330
45961
 90
        3
 70
     0
 71
     0
  1
AcDbOsnapPointRef
 72
     2
331
458D5
 73
     2
 91
        1
 40
0.499999999999929
 10
0.0
 20
0.0
 30
0.0
 75
     0
  1
AcDbOsnapPointRef
 72
     2
331
458EA
 73
     2
 91
        1
 40
0.499999999999929
 10
0.0
 20
0.0
 30
0.0
 75
     0
  0
DIMASSOC
  5
45966
102
{ACAD_REACTORS
330
45965
102
}
330
45965
100
AcDbDimAssoc
330
45964
 90
        2
 70
     0
 71
     0
  1
AcDbOsnapPointRef
 72
     1
331
4595B
 73
     2
 91
        1
 40
1.0
 10
0.0
 20
0.0
 30
2.000000000000000E+50
 75
     0
  0
DIMASSOC
  5
45969
102
{ACAD_REACTORS
330
45968
102
}
330
45968
100
AcDbDimAssoc
330
45967
 90
        3
 70
     0
 71
     0
  1
AcDbOsnapPointRef
 72
    13
331
45913
 73
     2
 91
        0
 40
0.0
 10
0.0
 20
0.0
 30
2.000000000000000E+50
 75
     0
  1
AcDbOsnapPointRef
 72
     8
331
45911
 73
     2
 91
        0
 40
1.0
 10
0.0
 20
0.0
 30
0.0
 75
     1
  1
AcDbOsnapPointRef
 72
    13
331
45913
 73
     2
 91
        0
 40
0.0
 10
0.0
 20
0.0
 30
2.000000000000000E+50
 75
     0
  0
DIMASSOC
  5
4596C
102
{ACAD_REACTORS
330
4596B
102
}
330
4596B
100
AcDbDimAssoc
330
4596A
 90
        3
 70
     0
 71
     0
  1
AcDbOsnapPointRef
 72
     1
331
458FE
 73
     2
 91
        1
 40
1.0
 10
0.0
 20
0.0
 30
2.000000000000000E+50
 75
     0
  1
AcDbOsnapPointRef
 72
     1
331
458FE
 73
     2
 91
        2
 40
1.0
 10
0.0
 20
0.0
 30
2.000000000000000E+50
 75
     0
  0
DIMASSOC
  5
4596F
102
{ACAD_REACTORS
330
4596E
102
}
330
4596E
100
AcDbDimAssoc
330
4596D
 90
        2
 70
     0
 71
     0
  1
AcDbOsnapPointRef
 72
     1
331
4594B
 73
     2
 91
        1
 40
1.0
 10
0.0
 20
0.0
 30
2.000000000000000E+50
 75
     0
  0
DIMASSOC
  5
45978
102
{ACAD_REACTORS
330
45977
102
}
330
45977
100
AcDbDimAssoc
330
45976
 90
        3
 70
     0
 71
     0
  1
AcDbOsnapPointRef
 72
     1
331
458BD
 73
     2
 91
        0
 40
1.0
 10
0.0
 20
0.0
 30
2.000000000000000E+50
 75
     0
  1
AcDbOsnapPointRef
 72
     8
331
458BA
 73
     2
 91
        0
 40
1.0
 10
0.0
 20
0.0
 30
0.0
 75
     1
  1
AcDbOsnapPointRef
 72
     1
331
458BD
 73
     2
 91
        0
 40
1.0
 10
0.0
 20
0.0
 30
2.000000000000000E+50
 75
     0
  0
DIMASSOC
  5
4597B
102
{ACAD_REACTORS
330
4597A
102
}
330
4597A
100
AcDbDimAssoc
330
45979
 90
        1
 70
     0
 71
     0
  1
AcDbOsnapPointRef
 72
    13
331
458BD
 73
     2
 91
        0
 40
0.0
 10
0.0
 20
0.0
 30
2.000000000000000E+50
 75
     0
  0
ACDBASSOCNETWORK
  5
C84C
102
{ACAD_REACTORS
330
C84B
102
}
330
C84B
100
AcDbAssocAction
 90
        2
 90
        0
330
0
360
0
 90
        0
 90
        0
 90
        0
 90
        0
 90
        0
 90
        0
 90
        0
100
AcDbAssocNetwork
 90
        0
 90
        4
 90
        0
 90
        0
  0
ACDBDETAILVIEWSTYLE
  5
10DE
102
{ACAD_XDICTIONARY
360
4566D
102
}
102
{ACAD_REACTORS
330
21B
102
}
330
21B
100
AcDbModelDocViewStyle
 70
     0
  3
Imperial24
290
     0
100
AcDbDetailViewStyle
 70
     0
 71
     0
 90
        3
 71
     1
340
11
 62
   256
 40
0.24
340
0
 62
   256
 40
0.24
300

 40
0.36
280
     3
 71
     2
340
16
 90
       25
 62
   256
 71
     3
340
11
 62
   256
 40
0.24
 90
        1
 40
0.75
 90
        1
300
%<\AcVar ViewType \f "%tc1">% %<\AcVar ViewDetailId>%\PSCALE %<\AcVar ViewScale \f "%sn">%
 71
     4
340
16
 90
       25
 62
   256
340
16
 90
       25
 62
   256
280
     0
  0
ACDBDETAILVIEWSTYLE
  5
21C
102
{ACAD_XDICTIONARY
360
45669
102
}
102
{ACAD_REACTORS
330
21B
102
}
330
21B
100
AcDbModelDocViewStyle
 70
     0
  3
Metric50
290
     0
100
AcDbDetailViewStyle
 70
     0
 71
     0
 90
        3
 71
     1
340
11
 62
   256
 40
5.0
340
0
 62
   256
 40
5.0
300

 40
0.0
280
     1
 71
     2
340
16
 90
       25
 62
   256
 71
     3
340
11
 62
   256
 40
5.0
 90
        0
 40
15.0
 90
        1
300
%<\AcVar ViewDetailId>% (%<\AcVar ViewScale \f "%sn">%)
 71
     4
340
16
 90
       25
 62
   256
340
16
 90
       25
 62
   256
280
     0
  0
LAYOUT
  5
22
102
{ACAD_XDICTIONARY
360
205
102
}
102
{ACAD_REACTORS
330
1A
102
}
330
1A
100
AcDbPlotSettings
  1

  2
无
  4
ISO_A4_(210.00_x_297.00_MM)
  6

 40
7.5
 41
20.0
 42
7.5
 43
20.0
 44
210.0
 45
297.0
 46
11.54999923706054
 47
-13.65000009536743
 48
49.14631414971246
 49
8.426342707597086
140
120.7666519469339
141
51.05527508895466
142
1.0
143
0.2786783571876323
 70
 11952
 72
     1
 73
     1
 74
     4
  7

 75
     0
147
3.588366208599063
 76
     0
 77
     2
 78
   300
148
-49.14631414971246
149
-8.426342707597086
100
AcDbLayout
  1
Model
 70
     1
 71
     0
 10
0.0
 20
0.0
 11
12.0
 21
9.0
 12
0.0
 22
0.0
 32
0.0
 14
0.0
 24
0.0
 34
0.0
 15
0.0
 25
0.0
 35
0.0
146
0.0
 13
0.0
 23
0.0
 33
0.0
 16
1.0
 26
0.0
 36
0.0
 17
0.0
 27
1.0
 37
0.0
 76
     0
330
1F
331
EA
1001
ACAD_PSEXT
1000
无
1000
无
1000
不可用
1000
在选择新的绘图仪配置名称之前，不能打印该布局。
1070
     0
  0
LAYOUT
  5
D3
102
{ACAD_REACTORS
330
1A
102
}
330
1A
100
AcDbPlotSettings
  1

  2
C:\Documents and Settings\basas\Application Data\Autodesk\AutoCAD 2005\R16.1\enu\plotters\Default Windows System Printer.pc3
  4

  6

 40
0.0
 41
0.0
 42
0.0
 43
0.0
 44
0.0
 45
0.0
 46
0.0
 47
0.0
 48
0.0
 49
0.0
140
0.0
141
0.0
142
1.0
143
1.0
 70
   688
 72
     0
 73
     0
 74
     5
  7

 75
    16
147
1.0
 76
     0
 77
     2
 78
   300
148
0.0
149
0.0
100
AcDbLayout
  1
布局1
 70
     1
 71
     1
 10
0.0
 20
0.0
 11
12.0
 21
9.0
 12
0.0
 22
0.0
 32
0.0
 14
0.0
 24
0.0
 34
0.0
 15
0.0
 25
0.0
 35
0.0
146
0.0
 13
0.0
 23
0.0
 33
0.0
 16
1.0
 26
0.0
 36
0.0
 17
0.0
 27
1.0
 37
0.0
 76
     0
330
D2
  0
LAYOUT
  5
D7
102
{ACAD_REACTORS
330
1A
102
}
330
1A
100
AcDbPlotSettings
  1

  2
C:\Documents and Settings\basas\Application Data\Autodesk\AutoCAD 2005\R16.1\enu\plotters\Default Windows System Printer.pc3
  4

  6

 40
0.0
 41
0.0
 42
0.0
 43
0.0
 44
0.0
 45
0.0
 46
0.0
 47
0.0
 48
0.0
 49
0.0
140
0.0
141
0.0
142
1.0
143
1.0
 70
   688
 72
     0
 73
     0
 74
     5
  7

 75
    16
147
1.0
 76
     0
 77
     2
 78
   300
148
0.0
149
0.0
100
AcDbLayout
  1
布局2
 70
     1
 71
     2
 10
0.0
 20
0.0
 11
12.0
 21
9.0
 12
0.0
 22
0.0
 32
0.0
 14
0.0
 24
0.0
 34
0.0
 15
0.0
 25
0.0
 35
0.0
146
0.0
 13
0.0
 23
0.0
 33
0.0
 16
1.0
 26
0.0
 36
0.0
 17
0.0
 27
1.0
 37
0.0
 76
     0
330
D6
  0
MATERIAL
  5
ED
102
{ACAD_XDICTIONARY
360
1F9
102
}
102
{ACAD_REACTORS
330
6A
102
}
330
6A
100
AcDbMaterial
  1
ByBlock
  0
MATERIAL
  5
EC
102
{ACAD_XDICTIONARY
360
1F7
102
}
102
{ACAD_REACTORS
330
6A
102
}
330
6A
100
AcDbMaterial
  1
ByLayer
  0
MATERIAL
  5
EE
102
{ACAD_XDICTIONARY
360
173
102
}
102
{ACAD_REACTORS
330
6A
102
}
330
6A
100
AcDbMaterial
  1
Global
 43
0.0007999999797903
 43
0.0
 43
0.0
 43
0.0
 43
0.0
 43
0.0007999999797903
 43
0.0
 43
0.0
 43
0.0
 43
0.0
 43
1.0
 43
0.0
 43
0.0
 43
0.0
 43
0.0
 43
1.0
 49
0.0007999999797903
 49
0.0
 49
0.0
 49
0.0
 49
0.0
 49
0.0007999999797903
 49
0.0
 49
0.0
 49
0.0
 49
0.0
 49
1.0
 49
0.0
 49
0.0
 49
0.0
 49
0.0
 49
1.0
142
0.0007999999797903
142
0.0
142
0.0
142
0.0
142
0.0
142
0.0007999999797903
142
0.0
142
0.0
142
0.0
142
0.0
142
1.0
142
0.0
142
0.0
142
0.0
142
0.0
142
1.0
144
0.0007999999797903
144
0.0
144
0.0
144
0.0
144
0.0
144
0.0007999999797903
144
0.0
144
0.0
144
0.0
144
0.0
144
1.0
144
0.0
144
0.0
144
0.0
144
0.0
144
1.0
1001
ACAD
1070
    -1
1070
     3
1070
     0
1000

1071
        0
1070
     0
  0
MLEADERSTYLE
  5
12E
102
{ACAD_REACTORS
330
12D
330
458B3
102
}
330
12D
100
AcDbMLeaderStyle
179
     2
170
     2
171
     1
172
     0
 90
        2
 40
0.0
 41
0.0
173
     1
 91
-1056964608
340
14
 92
       -2
290
     1
 42
2.0
291
     1
 43
8.0
  3
Standard
 44
4.0
300

342
11
174
     1
178
     1
175
     1
176
     0
 93
-1056964608
 45
4.0
292
     0
297
     0
 46
4.0
 94
-1056964608
 47
1.0
 49
1.0
140
1.0
293
     1
141
0.0
294
     1
177
     0
142
1.0
295
     0
296
     0
143
3.75
271
     0
272
     9
273
     9
298
     0
1001
ACAD_MLEADERVER
1070
     2
  0
MLINESTYLE
  5
18
102
{ACAD_REACTORS
330
17
102
}
330
17
100
AcDbMlineStyle
  2
STANDARD
 70
     0
  3

 62
   256
 51
90.0
 52
90.0
 71
     2
 49
0.5
 62
   256
  6
BYLAYER
 49
-0.5
 62
   256
  6
BYLAYER
  0
PDFDEFINITION
  5
3D00F
102
{ACAD_REACTORS
330
C14E
102
}
330
C14E
100
AcDbUnderlayDefinition
  1
..\deltron-571-0100-4mm-90deg-single-socket-data.pdf
  2
1
  0
PDFDEFINITION
  5
C14F
102
{ACAD_REACTORS
330
C14E
102
}
330
C14E
100
AcDbUnderlayDefinition
  1
D:\0_work\landpattern\ESP32-wroom-32D\#30857_ESP32-WROOM-32E_V1.2_N_XX_20200211_V0.6\00_屏蔽盖尺寸\ESP32-WROOM-32E 屏蔽盖.pdf
  2
1
  0
PDFDEFINITION
  5
FD05
102
{ACAD_REACTORS
330
C14E
102
}
330
C14E
100
AcDbUnderlayDefinition
  1
E:\ESP32-WROOM-32UE 屏蔽盖.pdf
  2
1
  0
ACDBPLACEHOLDER
  5
F
102
{ACAD_REACTORS
330
E
102
}
330
E
  0
SCALE
  5
10D
102
{ACAD_REACTORS
330
10C
102
}
330
10C
100
AcDbScale
 70
     0
300
1:1
140
1.0
141
1.0
290
     1
  0
SCALE
  5
1BE
102
{ACAD_REACTORS
330
10C
102
}
330
10C
100
AcDbScale
 70
     0
300
1:2
140
1.0
141
2.0
290
     0
  0
SCALE
  5
1BF
102
{ACAD_REACTORS
330
10C
102
}
330
10C
100
AcDbScale
 70
     0
300
1:4
140
1.0
141
4.0
290
     0
  0
SCALE
  5
1C0
102
{ACAD_REACTORS
330
10C
102
}
330
10C
100
AcDbScale
 70
     0
300
1:5
140
1.0
141
5.0
290
     0
  0
SCALE
  5
1C1
102
{ACAD_REACTORS
330
10C
102
}
330
10C
100
AcDbScale
 70
     0
300
1:8
140
1.0
141
8.0
290
     0
  0
SCALE
  5
1C2
102
{ACAD_REACTORS
330
10C
102
}
330
10C
100
AcDbScale
 70
     0
300
1:10
140
1.0
141
10.0
290
     0
  0
SCALE
  5
1C3
102
{ACAD_REACTORS
330
10C
102
}
330
10C
100
AcDbScale
 70
     0
300
1:16
140
1.0
141
16.0
290
     0
  0
SCALE
  5
1C4
102
{ACAD_REACTORS
330
10C
102
}
330
10C
100
AcDbScale
 70
     0
300
1:20
140
1.0
141
20.0
290
     0
  0
SCALE
  5
1C5
102
{ACAD_REACTORS
330
10C
102
}
330
10C
100
AcDbScale
 70
     0
300
1:30
140
1.0
141
30.0
290
     0
  0
SCALE
  5
1C6
102
{ACAD_REACTORS
330
10C
102
}
330
10C
100
AcDbScale
 70
     0
300
1:40
140
1.0
141
40.0
290
     0
  0
SCALE
  5
1C7
102
{ACAD_REACTORS
330
10C
102
}
330
10C
100
AcDbScale
 70
     0
300
1:50
140
1.0
141
50.0
290
     0
  0
SCALE
  5
1C8
102
{ACAD_REACTORS
330
10C
102
}
330
10C
100
AcDbScale
 70
     0
300
1:100
140
1.0
141
100.0
290
     0
  0
SCALE
  5
1C9
102
{ACAD_REACTORS
330
10C
102
}
330
10C
100
AcDbScale
 70
     0
300
2:1
140
2.0
141
1.0
290
     0
  0
SCALE
  5
1CA
102
{ACAD_REACTORS
330
10C
102
}
330
10C
100
AcDbScale
 70
     0
300
4:1
140
4.0
141
1.0
290
     0
  0
SCALE
  5
1CB
102
{ACAD_REACTORS
330
10C
102
}
330
10C
100
AcDbScale
 70
     0
300
8:1
140
8.0
141
1.0
290
     0
  0
SCALE
  5
1CC
102
{ACAD_REACTORS
330
10C
102
}
330
10C
100
AcDbScale
 70
     0
300
10:1
140
10.0
141
1.0
290
     0
  0
SCALE
  5
1CD
102
{ACAD_REACTORS
330
10C
102
}
330
10C
100
AcDbScale
 70
     0
300
100:1
140
100.0
141
1.0
290
     0
  0
ACDBSECTIONVIEWSTYLE
  5
10DD
102
{ACAD_XDICTIONARY
360
4566B
102
}
102
{ACAD_REACTORS
330
219
102
}
330
219
100
AcDbModelDocViewStyle
 70
     0
  3
Imperial24
290
     0
100
AcDbSectionViewStyle
 70
     0
 71
     0
 90
       78
 71
     1
340
11
 62
   256
 40
0.24
340
0
340
0
 62
   256
 40
0.24
300
I, O, Q, S, X, Z
 40
0.48
 90
        3
 40
0.18
 90
        1
 71
     2
340
16
 90
       25
 62
   256
340
16
 90
       50
 62
   256
 40
0.24
 40
0.0
 40
0.24
 71
     3
340
11
 62
   256
 40
0.24
 90
        1
 40
0.75
 90
        1
300
%<\AcVar ViewType \f "%tc1">% %<\AcVar ViewSectionStartId>%-%<\AcVar ViewSectionEndId>%\PSCALE %<\AcVar ViewScale \f "%sn">%
 71
     4
 62
   256
 62
   257
300
ANSI31
 40
1.0
 90
        0
290
     0
290
     0
 90
        6
 40
0.0
 40
1.570796326794896
 40
0.2617993877991494
 40
1.308996938995747
 40
-0.2617993877991494
 40
1.832595714594045
  0
ACDBSECTIONVIEWSTYLE
  5
21A
102
{ACAD_XDICTIONARY
360
45667
102
}
102
{ACAD_REACTORS
330
219
102
}
330
219
100
AcDbModelDocViewStyle
 70
     0
  3
Metric50
290
     0
100
AcDbSectionViewStyle
 70
     0
 71
     0
 90
      102
 71
     1
340
11
 62
   256
 40
5.0
340
0
340
0
 62
   256
 40
5.0
300
I, O, Q, S, X, Z
 40
10.0
 90
        0
 40
2.5
 90
        0
 71
     2
340
16
 90
       25
 62
   256
340
16
 90
       50
 62
   256
 40
5.0
 40
2.5
 40
5.0
 71
     3
340
11
 62
   256
 40
5.0
 90
        0
 40
15.0
 90
        1
300
%<\AcVar ViewSectionStartId>%-%<\AcVar ViewSectionEndId>% (%<\AcVar ViewScale \f "%sn">%)
 71
     4
 62
   256
 62
   257
300
ANSI31
 40
1.0
 90
        0
290
     0
290
     0
 90
        6
 40
0.0
 40
1.570796326794896
 40
0.2617993877991494
 40
1.308996938995747
 40
-0.2617993877991494
 40
1.832595714594045
  0
TABLESTYLE
  5
7F
102
{ACAD_XDICTIONARY
360
162
102
}
102
{ACAD_REACTORS
330
7E
102
}
330
7E
100
AcDbTableStyle
280
     0
  3
Standard
 70
     0
 71
     0
 40
1.5
 41
1.5
280
     0
281
     0
  7
Standard
140
4.5
170
     2
 62
     0
 63
     7
283
     0
 90
      512
 91
        0
  1

274
    -2
284
     1
 64
     0
275
    -2
285
     1
 65
     0
276
    -2
286
     1
 66
     0
277
    -2
287
     1
 67
     0
278
    -2
288
     1
 68
     0
279
    -2
289
     1
 69
     0
  7
Standard
140
6.0
170
     5
 62
     0
 63
     7
283
     0
 90
      512
 91
        0
  1

274
    -2
284
     1
 64
     0
275
    -2
285
     1
 65
     0
276
    -2
286
     1
 66
     0
277
    -2
287
     1
 67
     0
278
    -2
288
     1
 68
     0
279
    -2
289
     1
 69
     0
  7
Standard
140
4.5
170
     5
 62
     0
 63
     7
283
     0
 90
      512
 91
        0
  1

274
    -2
284
     1
 64
     0
275
    -2
285
     1
 65
     0
276
    -2
286
     1
 66
     0
277
    -2
287
     1
 67
     0
278
    -2
288
     1
 68
     0
279
    -2
289
     1
 69
     0
  0
VISUALSTYLE
  5
F5
102
{ACAD_REACTORS
330
EF
102
}
330
EF
100
AcDbVisualStyle
  2

 70
     4
177
     3
291
     0
 70
    58
 90
        0
176
     1
 90
        2
176
     1
 90
        1
176
     1
 90
        0
176
     1
 40
0.6
176
     1
 40
30.0
176
     1
 62
     7
176
     1
 90
        1
176
     1
 90
        4
176
     1
 62
     7
176
     1
 62
   257
176
     1
 90
        1
176
     1
 90
        1
176
     1
 40
1.0
176
     1
 90
        0
176
     1
 62
   257
176
     1
 40
1.0
176
     1
 90
        1
176
     1
 90
        6
176
     1
 90
        2
176
     1
 62
     7
176
     1
 90
        5
176
     1
 90
        0
176
     1
 90
        0
176
     1
290
     0
176
     1
 90
        1
176
     1
 40
0.0
176
     1
 90
        0
176
     1
290
     1
176
     1
290
     1
176
     1
290
     0
176
     1
290
     0
176
     1
290
     0
176
     1
290
     0
176
     1
290
     0
176
     1
290
     0
176
     1
290
     0
176
     1
 90
       50
176
     1
 40
0.0
176
     1
 40
1.0
176
     1
 90
        0
176
     1
 62
    18
420
        0
176
     1
 90
       50
176
     1
 90
        3
176
     1
 62
     5
420
      255
176
     1
290
     0
176
     1
 90
       50
176
     1
 90
       50
176
     1
 90
       50
176
     1
290
     0
176
     1
 90
       50
176
     1
 62
   256
176
     0
 40
1.0
176
     0
 90
        2
176
     1
  1
strokes_ogs.tif
176
     1
290
     0
176
     1
 40
1.0
176
     1
 40
1.0
176
     1
  0
VISUALSTYLE
  5
F4
102
{ACAD_REACTORS
330
EF
102
}
330
EF
100
AcDbVisualStyle
  2

 70
     7
177
     3
291
     1
 70
    58
 90
        1
176
     1
 90
        0
176
     1
 90
        1
176
     1
 90
        0
176
     1
 40
0.6
176
     1
 40
30.0
176
     1
 62
     7
176
     1
 90
        0
176
     1
 90
        4
176
     1
 62
     7
176
     1
 62
   257
176
     1
 90
        1
176
     1
 90
        1
176
     1
 40
1.0
176
     1
 90
        8
176
     1
 62
     7
176
     1
 40
1.0
176
     1
 90
        1
176
     1
 90
        6
176
     1
 90
        2
176
     1
 62
     7
176
     1
 90
        5
176
     1
 90
        0
176
     1
 90
        0
176
     1
290
     0
176
     1
 90
        1
176
     1
 40
0.0
176
     1
 90
        0
176
     1
290
     0
176
     1
290
     1
176
     1
290
     1
176
     1
290
     0
176
     1
290
     0
176
     1
290
     0
176
     1
290
     0
176
     1
290
     0
176
     1
290
     0
176
     1
 90
       50
176
     1
 40
0.0
176
     1
 40
1.0
176
     1
 90
        0
176
     1
 62
    18
420
        0
176
     1
 90
       50
176
     1
 90
        3
176
     1
 62
     5
420
      255
176
     1
290
     0
176
     1
 90
       50
176
     1
 90
       50
176
     1
 90
       50
176
     1
290
     0
176
     1
 90
       50
176
     1
 62
   256
176
     0
 40
1.0
176
     0
 90
        2
176
     1
  1
strokes_ogs.tif
176
     1
290
     0
176
     1
 40
1.0
176
     1
 40
1.0
176
     1
  0
VISUALSTYLE
  5
FB
102
{ACAD_REACTORS
330
EF
102
}
330
EF
100
AcDbVisualStyle
  2

 70
    12
177
     3
291
     1
 70
    58
 90
        2
176
     1
 90
        2
176
     1
 90
        1
176
     1
 90
        0
176
     1
 40
0.6
176
     1
 40
30.0
176
     1
 62
     7
176
     1
 90
        1
176
     1
 90
        4
176
     1
 62
     7
176
     1
 62
   257
176
     1
 90
        1
176
     1
 90
        1
176
     1
 40
1.0
176
     1
 90
        8
176
     1
 62
     7
176
     1
 40
1.0
176
     1
 90
        1
176
     1
 90
        6
176
     1
 90
        2
176
     1
 62
     7
176
     1
 90
        5
176
     1
 90
        0
176
     1
 90
        0
176
     1
290
     0
176
     1
 90
        1
176
     1
 40
50.0
176
     1
 90
        0
176
     1
290
     0
176
     1
290
     1
176
     1
290
     1
176
     1
290
     0
176
     1
290
     0
176
     1
290
     0
176
     1
290
     0
176
     1
290
     0
176
     1
290
     0
176
     1
 90
       50
176
     1
 40
0.0
176
     1
 40
1.0
176
     1
 90
        0
176
     1
 62
    18
420
        0
176
     1
 90
       50
176
     1
 90
        3
176
     1
 62
     5
420
      255
176
     1
290
     0
176
     1
 90
       50
176
     1
 90
       50
176
     1
 90
       50
176
     1
290
     0
176
     1
 90
       50
176
     1
 62
   256
176
     0
 40
1.0
176
     0
 90
        2
176
     1
  1
strokes_ogs.tif
176
     1
290
     0
176
     1
 40
1.0
176
     1
 40
1.0
176
     1
  0
VISUALSTYLE
  5
FF
102
{ACAD_REACTORS
330
EF
102
}
330
EF
100
AcDbVisualStyle
  2

 70
    16
177
     3
291
     1
 70
    58
 90
        2
176
     1
 90
        2
176
     1
 90
        3
176
     1
 90
        0
176
     1
 40
0.6
176
     1
 40
30.0
176
     1
 62
     8
176
     1
 90
        1
176
     1
 90
        4
176
     1
 62
     7
176
     1
 62
   257
176
     1
 90
        1
176
     1
 90
        1
176
     1
 40
1.0
176
     1
 90
        8
176
     1
 62
     8
176
     1
 40
1.0
176
     1
 90
        1
176
     1
 90
        6
176
     1
 90
        2
176
     1
 62
     7
176
     1
 90
        5
176
     1
 90
        0
176
     1
 90
        0
176
     1
290
     0
176
     1
 90
        1
176
     1
 40
0.0
176
     1
 90
        0
176
     1
290
     0
176
     1
290
     1
176
     1
290
     1
176
     1
290
     0
176
     1
290
     0
176
     1
290
     0
176
     1
290
     0
176
     1
290
     0
176
     1
290
     0
176
     1
 90
       50
176
     1
 40
0.0
176
     1
 40
1.0
176
     1
 90
        0
176
     1
 62
    18
420
        0
176
     1
 90
       50
176
     1
 90
        3
176
     1
 62
     5
420
      255
176
     1
290
     0
176
     1
 90
       50
176
     1
 90
       50
176
     1
 90
       50
176
     1
290
     0
176
     1
 90
       50
176
     1
 62
   256
176
     0
 40
1.0
176
     0
 90
        2
176
     1
  1
strokes_ogs.tif
176
     1
290
     0
176
     1
 40
1.0
176
     1
 40
1.0
176
     1
  0
VISUALSTYLE
  5
F8
102
{ACAD_REACTORS
330
EF
102
}
330
EF
100
AcDbVisualStyle
  2

 70
     9
177
     3
291
     0
 70
    58
 90
        3
176
     1
 90
        2
176
     1
 90
        1
176
     1
 90
        0
176
     1
 40
0.6
176
     1
 40
30.0
176
     1
 62
     7
176
     1
 90
        2
176
     1
 90
        2
176
     1
 62
     7
176
     1
 62
   257
176
     1
 90
        1
176
     1
 90
        1
176
     1
 40
40.0
176
     1
 90
        8
176
     1
 62
     7
176
     1
 40
1.0
176
     1
 90
        1
176
     1
 90
        6
176
     1
 90
        2
176
     1
 62
     7
176
     1
 90
        3
176
     1
 90
        0
176
     1
 90
        0
176
     1
290
     0
176
     1
 90
        1
176
     1
 40
0.0
176
     1
 90
        0
176
     1
290
     0
176
     1
290
     1
176
     1
290
     1
176
     1
290
     0
176
     1
290
     0
176
     1
290
     0
176
     1
290
     0
176
     1
290
     0
176
     1
290
     0
176
     1
 90
       50
176
     1
 40
0.0
176
     1
 40
1.0
176
     1
 90
        0
176
     1
 62
    18
420
        0
176
     1
 90
       50
176
     1
 90
        3
176
     1
 62
     5
420
      255
176
     1
290
     0
176
     1
 90
       50
176
     1
 90
       50
176
     1
 90
       50
176
     1
290
     0
176
     1
 90
       50
176
     1
 62
   256
176
     0
 40
1.0
176
     0
 90
        2
176
     1
  1
strokes_ogs.tif
176
     1
290
     0
176
     1
 40
1.0
176
     1
 40
1.0
176
     1
  0
VISUALSTYLE
  5
FA
102
{ACAD_REACTORS
330
EF
102
}
330
EF
100
AcDbVisualStyle
  2

 70
    11
177
     3
291
     1
 70
    58
 90
        2
176
     1
 90
        2
176
     1
 90
        1
176
     1
 90
        0
176
     1
 40
0.6
176
     1
 40
30.0
176
     1
 62
     7
176
     1
 90
        1
176
     1
 90
        4
176
     1
 62
     7
176
     1
 62
   257
176
     1
 90
        1
176
     1
 90
        1
176
     1
 40
1.0
176
     1
 90
        8
176
     1
 62
     7
176
     1
 40
1.0
176
     1
 90
        1
176
     1
 90
        6
176
     1
 90
        2
176
     1
 62
     7
176
     1
 90
        5
176
     1
 90
        0
176
     1
 90
        0
176
     1
290
     0
176
     1
 90
        1
176
     1
 40
-50.0
176
     1
 90
        0
176
     1
290
     0
176
     1
290
     1
176
     1
290
     1
176
     1
290
     0
176
     1
290
     0
176
     1
290
     0
176
     1
290
     0
176
     1
290
     0
176
     1
290
     0
176
     1
 90
       50
176
     1
 40
0.0
176
     1
 40
1.0
176
     1
 90
        0
176
     1
 62
    18
420
        0
176
     1
 90
       50
176
     1
 90
        3
176
     1
 62
     5
420
      255
176
     1
290
     0
176
     1
 90
       50
176
     1
 90
       50
176
     1
 90
       50
176
     1
290
     0
176
     1
 90
       50
176
     1
 62
   256
176
     0
 40
1.0
176
     0
 90
        2
176
     1
  1
strokes_ogs.tif
176
     1
290
     0
176
     1
 40
1.0
176
     1
 40
1.0
176
     1
  0
VISUALSTYLE
  5
1E6
102
{ACAD_REACTORS
330
EF
102
}
330
EF
100
AcDbVisualStyle
  2

 70
    22
177
     3
291
     1
 70
    58
 90
        2
176
     0
 90
        2
176
     0
 90
        0
176
     0
 90
        0
176
     0
 40
0.6
176
     0
 40
30.0
176
     0
 62
     7
176
     0
 90
        1
176
     0
 90
        4
176
     0
 62
     7
176
     0
 62
   257
176
     0
 90
        1
176
     0
 90
        1
176
     0
 40
1.0
176
     0
 90
        8
176
     2
 62
     7
176
     0
 40
1.0
176
     0
 90
        1
176
     0
 90
        6
176
     0
 90
        2
176
     0
 62
     7
176
     0
 90
        5
176
     0
 90
        0
176
     0
 90
        0
176
     0
290
     0
176
     0
 90
        1
176
     0
 40
0.0
176
     0
 90
        0
176
     0
290
     0
176
     1
290
     1
176
     1
290
     1
176
     1
290
     0
176
     1
290
     0
176
     1
290
     0
176
     1
290
     0
176
     1
290
     0
176
     1
290
     0
176
     1
 90
       50
176
     1
 40
0.0
176
     1
 40
1.0
176
     1
 90
        0
176
     1
 62
    18
420
        0
176
     1
 90
       50
176
     1
 90
        3
176
     1
 62
     5
420
      255
176
     1
290
     0
176
     1
 90
       50
176
     1
 90
       50
176
     1
 90
       50
176
     1
290
     0
176
     1
 90
       50
176
     1
 62
   256
176
     0
 40
1.0
176
     0
 90
        2
176
     1
  1
strokes_ogs.tif
176
     1
290
     0
176
     1
 40
1.0
176
     1
 40
1.0
176
     1
  0
VISUALSTYLE
  5
FE
102
{ACAD_REACTORS
330
EF
102
}
330
EF
100
AcDbVisualStyle
  2

 70
    15
177
     3
291
     1
 70
    58
 90
        2
176
     1
 90
        2
176
     1
 90
        1
176
     1
 90
        0
176
     1
 40
0.6
176
     1
 40
30.0
176
     1
 62
     7
176
     1
 90
        1
176
     1
 90
        4
176
     1
 62
     7
176
     1
 62
   257
176
     1
 90
        1
176
     1
 90
        1
176
     1
 40
1.0
176
     1
 90
        8
176
     1
 62
     7
176
     1
 40
1.0
176
     1
 90
        1
176
     1
 90
        6
176
     1
 90
        2
176
     1
 62
     7
176
     1
 90
        5
176
     1
 90
        0
176
     1
 90
        0
176
     1
290
     0
176
     1
 90
        1
176
     1
 40
0.0
176
     1
 90
        0
176
     1
290
     0
176
     1
290
     1
176
     1
290
     1
176
     1
290
     0
176
     1
290
     0
176
     1
290
     0
176
     1
290
     0
176
     1
290
     0
176
     1
290
     0
176
     1
 90
       50
176
     1
 40
0.0
176
     1
 40
1.0
176
     1
 90
        0
176
     1
 62
    18
420
        0
176
     1
 90
       50
176
     1
 90
        3
176
     1
 62
     5
420
      255
176
     1
290
     0
176
     1
 90
       50
176
     1
 90
       50
176
     1
 90
       50
176
     1
290
     0
176
     1
 90
       50
176
     1
 62
   256
176
     0
 40
1.0
176
     0
 90
        2
176
     1
  1
strokes_ogs.tif
176
     1
290
     0
176
     1
 40
1.0
176
     1
 40
1.0
176
     1
  0
VISUALSTYLE
  5
F0
102
{ACAD_REACTORS
330
EF
102
}
330
EF
100
AcDbVisualStyle
  2

 70
     0
177
     3
291
     1
 70
    58
 90
        2
176
     1
 90
        1
176
     1
 90
        1
176
     1
 90
        2
176
     1
 40
0.6
176
     1
 40
30.0
176
     1
 62
     7
176
     1
 90
        0
176
     1
 90
        0
176
     1
 62
     7
176
     1
 62
   257
176
     1
 90
        1
176
     1
 90
        1
176
     1
 40
1.0
176
     1
 90
        8
176
     1
 62
     7
176
     1
 40
1.0
176
     1
 90
        1
176
     1
 90
        6
176
     1
 90
        2
176
     1
 62
     7
176
     1
 90
        5
176
     1
 90
        0
176
     1
 90
        0
176
     1
290
     0
176
     1
 90
       13
176
     1
 40
0.0
176
     1
 90
        0
176
     1
290
     0
176
     1
290
     1
176
     1
290
     1
176
     1
290
     0
176
     1
290
     0
176
     1
290
     0
176
     1
290
     0
176
     1
290
     0
176
     1
290
     0
176
     1
 90
       50
176
     1
 40
0.0
176
     1
 40
1.0
176
     1
 90
        0
176
     1
 62
    18
420
        0
176
     1
 90
       50
176
     1
 90
        3
176
     1
 62
     5
420
      255
176
     1
290
     0
176
     1
 90
       50
176
     1
 90
       50
176
     1
 90
       50
176
     1
290
     0
176
     1
 90
       50
176
     1
 62
   256
176
     0
 40
1.0
176
     0
 90
        2
176
     1
  1
strokes_ogs.tif
176
     1
290
     0
176
     1
 40
1.0
176
     1
 40
1.0
176
     1
  0
VISUALSTYLE
  5
F1
102
{ACAD_REACTORS
330
EF
102
}
330
EF
100
AcDbVisualStyle
  2

 70
     1
177
     3
291
     1
 70
    58
 90
        2
176
     1
 90
        1
176
     1
 90
        1
176
     1
 90
        2
176
     1
 40
0.6
176
     1
 40
30.0
176
     1
 62
     7
176
     1
 90
        1
176
     1
 90
        0
176
     1
 62
     7
176
     1
 62
   257
176
     1
 90
        1
176
     1
 90
        1
176
     1
 40
1.0
176
     1
 90
        0
176
     1
 62
   257
176
     1
 40
1.0
176
     1
 90
        1
176
     1
 90
        6
176
     1
 90
        2
176
     1
 62
     7
176
     1
 90
        5
176
     1
 90
        0
176
     1
 90
        0
176
     1
290
     0
176
     1
 90
       13
176
     1
 40
0.0
176
     1
 90
        0
176
     1
290
     0
176
     1
290
     1
176
     1
290
     1
176
     1
290
     0
176
     1
290
     0
176
     1
290
     0
176
     1
290
     0
176
     1
290
     0
176
     1
290
     0
176
     1
 90
       50
176
     1
 40
0.0
176
     1
 40
1.0
176
     1
 90
        0
176
     1
 62
    18
420
        0
176
     1
 90
       50
176
     1
 90
        3
176
     1
 62
     5
420
      255
176
     1
290
     0
176
     1
 90
       50
176
     1
 90
       50
176
     1
 90
       50
176
     1
290
     0
176
     1
 90
       50
176
     1
 62
   256
176
     0
 40
1.0
176
     0
 90
        2
176
     1
  1
strokes_ogs.tif
176
     1
290
     0
176
     1
 40
1.0
176
     1
 40
1.0
176
     1
  0
VISUALSTYLE
  5
F2
102
{ACAD_REACTORS
330
EF
102
}
330
EF
100
AcDbVisualStyle
  2

 70
     2
177
     3
291
     1
 70
    58
 90
        2
176
     1
 90
        2
176
     1
 90
        1
176
     1
 90
        2
176
     1
 40
0.6
176
     1
 40
30.0
176
     1
 62
     7
176
     1
 90
        0
176
     1
 90
        0
176
     1
 62
     7
176
     1
 62
   257
176
     1
 90
        1
176
     1
 90
        1
176
     1
 40
1.0
176
     1
 90
        0
176
     1
 62
     7
176
     1
 40
1.0
176
     1
 90
        1
176
     1
 90
        6
176
     1
 90
        2
176
     1
 62
     7
176
     1
 90
        5
176
     1
 90
        0
176
     1
 90
        0
176
     1
290
     0
176
     1
 90
       13
176
     1
 40
0.0
176
     1
 90
        0
176
     1
290
     0
176
     1
290
     1
176
     1
290
     1
176
     1
290
     0
176
     1
290
     0
176
     1
290
     0
176
     1
290
     0
176
     1
290
     0
176
     1
290
     0
176
     1
 90
       50
176
     1
 40
0.0
176
     1
 40
1.0
176
     1
 90
        0
176
     1
 62
    18
420
        0
176
     1
 90
       50
176
     1
 90
        3
176
     1
 62
     5
420
      255
176
     1
290
     0
176
     1
 90
       50
176
     1
 90
       50
176
     1
 90
       50
176
     1
290
     0
176
     1
 90
       50
176
     1
 62
   256
176
     0
 40
1.0
176
     0
 90
        2
176
     1
  1
strokes_ogs.tif
176
     1
290
     0
176
     1
 40
1.0
176
     1
 40
1.0
176
     1
  0
VISUALSTYLE
  5
F3
102
{ACAD_REACTORS
330
EF
102
}
330
EF
100
AcDbVisualStyle
  2

 70
     3
177
     3
291
     1
 70
    58
 90
        2
176
     1
 90
        2
176
     1
 90
        1
176
     1
 90
        2
176
     1
 40
0.6
176
     1
 40
30.0
176
     1
 62
     7
176
     1
 90
        1
176
     1
 90
        0
176
     1
 62
     7
176
     1
 62
   257
176
     1
 90
        1
176
     1
 90
        1
176
     1
 40
1.0
176
     1
 90
        0
176
     1
 62
   257
176
     1
 40
1.0
176
     1
 90
        1
176
     1
 90
        6
176
     1
 90
        2
176
     1
 62
     7
176
     1
 90
        5
176
     1
 90
        0
176
     1
 90
        0
176
     1
290
     0
176
     1
 90
       13
176
     1
 40
0.0
176
     1
 90
        0
176
     1
290
     0
176
     1
290
     1
176
     1
290
     1
176
     1
290
     0
176
     1
290
     0
176
     1
290
     0
176
     1
290
     0
176
     1
290
     0
176
     1
290
     0
176
     1
 90
       50
176
     1
 40
0.0
176
     1
 40
1.0
176
     1
 90
        0
176
     1
 62
    18
420
        0
176
     1
 90
       50
176
     1
 90
        3
176
     1
 62
     5
420
      255
176
     1
290
     0
176
     1
 90
       50
176
     1
 90
       50
176
     1
 90
       50
176
     1
290
     0
176
     1
 90
       50
176
     1
 62
   256
176
     0
 40
1.0
176
     0
 90
        2
176
     1
  1
strokes_ogs.tif
176
     1
290
     0
176
     1
 40
1.0
176
     1
 40
1.0
176
     1
  0
VISUALSTYLE
  5
F7
102
{ACAD_REACTORS
330
EF
102
}
330
EF
100
AcDbVisualStyle
  2

 70
     6
177
     3
291
     0
 70
    58
 90
        1
176
     1
 90
        2
176
     1
 90
        2
176
     1
 90
        0
176
     1
 40
0.6
176
     1
 40
30.0
176
     1
 62
     7
176
     1
 90
        2
176
     1
 90
        2
176
     1
 62
     7
176
     1
 62
   257
176
     1
 90
        2
176
     1
 90
        1
176
     1
 40
40.0
176
     1
 90
        0
176
     1
 62
   257
176
     1
 40
1.0
176
     1
 90
        1
176
     1
 90
        6
176
     1
 90
        2
176
     1
 62
     7
176
     1
 90
        3
176
     1
 90
        0
176
     1
 90
        0
176
     1
290
     0
176
     1
 90
        1
176
     1
 40
0.0
176
     1
 90
        0
176
     1
290
     0
176
     1
290
     1
176
     1
290
     1
176
     1
290
     0
176
     1
290
     0
176
     1
290
     0
176
     1
290
     0
176
     1
290
     0
176
     1
290
     0
176
     1
 90
       50
176
     1
 40
0.0
176
     1
 40
1.0
176
     1
 90
        0
176
     1
 62
    18
420
        0
176
     1
 90
       50
176
     1
 90
        3
176
     1
 62
     5
420
      255
176
     1
290
     0
176
     1
 90
       50
176
     1
 90
       50
176
     1
 90
       50
176
     1
290
     0
176
     1
 90
       50
176
     1
 62
   256
176
     0
 40
1.0
176
     0
 90
        2
176
     1
  1
strokes_ogs.tif
176
     1
290
     0
176
     1
 40
1.0
176
     1
 40
1.0
176
     1
  0
VISUALSTYLE
  5
1E4
102
{ACAD_REACTORS
330
EF
102
}
330
EF
100
AcDbVisualStyle
  2

 70
    20
177
     3
291
     1
 70
    58
 90
        2
176
     0
 90
        2
176
     0
 90
        0
176
     0
 90
        0
176
     0
 40
0.6
176
     0
 40
30.0
176
     0
 62
     7
176
     0
 90
        1
176
     0
 90
        4
176
     0
 62
     7
176
     0
 62
   257
176
     0
 90
        1
176
     0
 90
        1
176
     0
 40
1.0
176
     0
 90
       10
176
     2
 62
     7
176
     0
 40
1.0
176
     0
 90
        1
176
     0
 90
        6
176
     0
 90
        2
176
     0
 62
     7
176
     0
 90
        5
176
     0
 90
        0
176
     0
 90
        0
176
     0
290
     0
176
     0
 90
        1
176
     0
 40
0.0
176
     0
 90
        0
176
     0
290
     0
176
     1
290
     1
176
     1
290
     1
176
     1
290
     0
176
     1
290
     0
176
     1
290
     0
176
     1
290
     0
176
     1
290
     0
176
     1
290
     0
176
     1
 90
       50
176
     1
 40
0.0
176
     1
 40
1.0
176
     1
 90
        0
176
     1
 62
    18
420
        0
176
     1
 90
       50
176
     1
 90
        3
176
     1
 62
     5
420
      255
176
     1
290
     0
176
     1
 90
       50
176
     1
 90
       50
176
     1
 90
       50
176
     1
290
     0
176
     1
 90
       50
176
     1
 62
   256
176
     0
 40
1.0
176
     0
 90
        2
176
     1
  1
strokes_ogs.tif
176
     1
290
     0
176
     1
 40
1.0
176
     1
 40
1.0
176
     1
  0
VISUALSTYLE
  5
FD
102
{ACAD_REACTORS
330
EF
102
}
330
EF
100
AcDbVisualStyle
  2

 70
    14
177
     3
291
     1
 70
    58
 90
        2
176
     1
 90
        2
176
     1
 90
        1
176
     1
 90
        0
176
     1
 40
0.6
176
     1
 40
30.0
176
     1
 62
     7
176
     1
 90
        1
176
     1
 90
        4
176
     1
 62
     7
176
     1
 62
   257
176
     1
 90
        7
176
     1
 90
        7
176
     1
 40
1.0
176
     1
 90
        8
176
     1
 62
     7
176
     1
 40
1.0
176
     1
 90
        1
176
     1
 90
        6
176
     1
 90
        2
176
     1
 62
     7
176
     1
 90
        5
176
     1
 90
        0
176
     1
 90
        0
176
     1
290
     0
176
     1
 90
        1
176
     1
 40
0.0
176
     1
 90
        0
176
     1
290
     0
176
     1
290
     1
176
     1
290
     1
176
     1
290
     0
176
     1
290
     0
176
     1
290
     0
176
     1
290
     0
176
     1
290
     0
176
     1
290
     0
176
     1
 90
       50
176
     1
 40
0.0
176
     1
 40
1.0
176
     1
 90
        0
176
     1
 62
    18
420
        0
176
     1
 90
       50
176
     1
 90
        3
176
     1
 62
     5
420
      255
176
     1
290
     0
176
     1
 90
       50
176
     1
 90
       50
176
     1
 90
       50
176
     1
290
     0
176
     1
 90
       50
176
     1
 62
   256
176
     0
 40
1.0
176
     0
 90
        2
176
     1
  1
strokes_ogs.tif
176
     1
290
     0
176
     1
 40
1.0
176
     1
 40
1.0
176
     1
  0
VISUALSTYLE
  5
1E5
102
{ACAD_REACTORS
330
EF
102
}
330
EF
100
AcDbVisualStyle
  2

 70
    21
177
     3
291
     1
 70
    58
 90
        2
176
     0
 90
        2
176
     0
 90
        0
176
     0
 90
        0
176
     0
 40
0.6
176
     0
 40
30.0
176
     0
 62
     7
176
     0
 90
        1
176
     0
 90
        4
176
     0
 62
     7
176
     0
 62
   257
176
     0
 90
        1
176
     0
 90
        1
176
     0
 40
1.0
176
     0
 90
        9
176
     2
 62
     7
176
     0
 40
1.0
176
     0
 90
        1
176
     0
 90
        6
176
     0
 90
        2
176
     0
 62
     7
176
     0
 90
        5
176
     0
 90
        0
176
     0
 90
        0
176
     0
290
     0
176
     0
 90
        1
176
     0
 40
0.0
176
     0
 90
        0
176
     0
290
     0
176
     1
290
     1
176
     1
290
     1
176
     1
290
     0
176
     1
290
     0
176
     1
290
     0
176
     1
290
     0
176
     1
290
     0
176
     1
290
     0
176
     1
 90
       50
176
     1
 40
0.0
176
     1
 40
1.0
176
     1
 90
        0
176
     1
 62
    18
420
        0
176
     1
 90
       50
176
     1
 90
        3
176
     1
 62
     5
420
      255
176
     1
290
     0
176
     1
 90
       50
176
     1
 90
       50
176
     1
 90
       50
176
     1
290
     0
176
     1
 90
       50
176
     1
 62
   256
176
     0
 40
1.0
176
     0
 90
        2
176
     1
  1
strokes_ogs.tif
176
     1
290
     0
176
     1
 40
1.0
176
     1
 40
1.0
176
     1
  0
VISUALSTYLE
  5
F9
102
{ACAD_REACTORS
330
EF
102
}
330
EF
100
AcDbVisualStyle
  2

 70
     8
177
     3
291
     0
 70
    58
 90
        2
176
     1
 90
        3
176
     1
 90
        0
176
     1
 90
        2
176
     1
 40
0.6
176
     1
 40
30.0
176
     1
 62
     7
176
     1
 90
        0
176
     1
 90
        0
176
     1
 62
     7
176
     1
 62
   257
176
     1
 90
        1
176
     1
 90
        1
176
     1
 40
1.0
176
     1
 90
        8
176
     1
 62
   257
176
     1
 40
1.0
176
     1
 90
        1
176
     1
 90
        6
176
     1
 90
        2
176
     1
 62
     7
176
     1
 90
        3
176
     1
 90
        0
176
     1
 90
        0
176
     1
290
     0
176
     1
 90
       13
176
     1
 40
0.0
176
     1
 90
        0
176
     1
290
     0
176
     1
290
     1
176
     1
290
     1
176
     1
290
     0
176
     1
290
     0
176
     1
290
     0
176
     1
290
     0
176
     1
290
     0
176
     1
290
     0
176
     1
 90
       50
176
     1
 40
0.0
176
     1
 40
1.0
176
     1
 90
        0
176
     1
 62
    18
420
        0
176
     1
 90
       50
176
     1
 90
        3
176
     1
 62
     5
420
      255
176
     1
290
     0
176
     1
 90
       50
176
     1
 90
       50
176
     1
 90
       50
176
     1
290
     0
176
     1
 90
       50
176
     1
 62
   256
176
     0
 40
1.0
176
     0
 90
        2
176
     1
  1
strokes_ogs.tif
176
     1
290
     0
176
     1
 40
1.0
176
     1
 40
1.0
176
     1
  0
VISUALSTYLE
  5
1F3
102
{ACAD_REACTORS
330
EF
102
}
330
EF
100
AcDbVisualStyle
  2

 70
    27
177
     3
291
     0
 70
    58
 90
        2
176
     1
 90
        2
176
     1
 90
        1
176
     1
 90
        2
176
     1
 40
0.6
176
     1
 40
30.0
176
     1
 62
     7
176
     1
 90
        0
176
     1
 90
        4
176
     1
 62
     7
176
     1
 62
   257
176
     1
 90
        1
176
     1
 90
        1
176
     1
 40
1.0
176
     1
 90
        8
176
     1
 62
   257
176
     1
 40
1.0
176
     1
 90
        1
176
     1
 90
        6
176
     1
 90
        2
176
     1
 62
     8
176
     1
 90
        3
176
     1
 90
        0
176
     1
 90
        0
176
     1
290
     0
176
     1
 90
        5
176
     1
 40
0.0
176
     1
 90
        0
176
     1
290
     0
176
     1
290
     1
176
     1
290
     1
176
     1
290
     0
176
     1
290
     0
176
     1
290
     0
176
     1
290
     0
176
     1
290
     0
176
     1
290
     0
176
     1
 90
       50
176
     1
 40
0.0
176
     1
 40
1.0
176
     1
 90
        0
176
     1
 62
    18
420
        0
176
     1
 90
       50
176
     1
 90
        3
176
     1
 62
     5
420
      255
176
     1
290
     0
176
     1
 90
       50
176
     1
 90
       50
176
     1
 90
       50
176
     1
290
     0
176
     1
 90
       50
176
     1
 62
   256
176
     0
 40
1.0
176
     0
 90
        2
176
     1
  1
strokes_ogs.tif
176
     1
290
     0
176
     1
 40
1.0
176
     1
 40
1.0
176
     1
  0
VISUALSTYLE
  5
1F2
102
{ACAD_REACTORS
330
EF
102
}
330
EF
100
AcDbVisualStyle
  2

 70
    26
177
     3
291
     0
 70
    58
 90
        2
176
     1
 90
        2
176
     1
 90
        1
176
     1
 90
        2
176
     1
 40
0.6
176
     1
 40
30.0
176
     1
 62
     7
176
     1
 90
        1
176
     1
 90
       10
176
     1
 62
     7
176
     1
 62
   257
176
     1
 90
        2
176
     1
 90
        1
176
     1
 40
1.0
176
     1
 90
        8
176
     1
 62
   257
176
     1
 40
1.0
176
     1
 90
        1
176
     1
 90
        6
176
     1
 90
        2
176
     1
 62
     7
176
     1
 90
        3
176
     1
 90
        0
176
     1
 90
        0
176
     1
290
     0
176
     1
 90
        5
176
     1
 40
0.0
176
     1
 90
        0
176
     1
290
     0
176
     1
290
     1
176
     1
290
     1
176
     1
290
     0
176
     1
290
     0
176
     1
290
     0
176
     1
290
     0
176
     1
290
     0
176
     1
290
     0
176
     1
 90
       50
176
     1
 40
0.0
176
     1
 40
1.0
176
     1
 90
        0
176
     1
 62
    18
420
        0
176
     1
 90
       50
176
     1
 90
        3
176
     1
 62
     5
420
      255
176
     1
290
     0
176
     1
 90
       50
176
     1
 90
       50
176
     1
 90
       50
176
     1
290
     0
176
     1
 90
       50
176
     1
 62
   256
176
     0
 40
1.0
176
     0
 90
        2
176
     1
  1
strokes_ogs.tif
176
     1
290
     0
176
     1
 40
1.0
176
     1
 40
1.0
176
     1
  0
VISUALSTYLE
  5
1EF
102
{ACAD_REACTORS
330
EF
102
}
330
EF
100
AcDbVisualStyle
  2

 70
    23
177
     3
291
     0
 70
    58
 90
        2
176
     1
 90
        2
176
     1
 90
        3
176
     1
 90
        0
176
     1
 40
0.6
176
     1
 40
30.0
176
     1
 62
     7
176
     1
 90
        2
176
     1
 90
        2
176
     1
 62
     7
176
     1
 62
     7
176
     1
 90
        1
176
     1
 90
        1
176
     1
 40
40.0
176
     1
 90
        8
176
     1
 62
     7
176
     1
 40
1.0
176
     1
 90
        1
176
     1
 90
        6
176
     1
 90
        2
176
     1
 62
     7
176
     1
 90
        3
176
     1
 90
        0
176
     1
 90
        0
176
     1
290
     0
176
     1
 90
        1
176
     1
 40
0.0
176
     1
 90
        0
176
     1
290
     0
176
     1
290
     1
176
     1
290
     1
176
     1
290
     0
176
     1
290
     0
176
     1
290
     0
176
     1
290
     0
176
     1
290
     0
176
     1
290
     0
176
     1
 90
       50
176
     1
 40
0.0
176
     1
 40
1.0
176
     1
 90
        0
176
     1
 62
    18
420
        0
176
     1
 90
       50
176
     1
 90
        3
176
     1
 62
     5
420
      255
176
     1
290
     0
176
     1
 90
       50
176
     1
 90
       50
176
     1
 90
       50
176
     1
290
     0
176
     1
 90
       50
176
     1
 62
   256
176
     0
 40
1.0
176
     0
 90
        2
176
     1
  1
strokes_ogs.tif
176
     1
290
     0
176
     1
 40
1.0
176
     1
 40
1.0
176
     1
  0
VISUALSTYLE
  5
1F0
102
{ACAD_REACTORS
330
EF
102
}
330
EF
100
AcDbVisualStyle
  2

 70
    24
177
     3
291
     0
 70
    58
 90
        1
176
     1
 90
        2
176
     1
 90
        2
176
     1
 90
        0
176
     1
 40
0.6
176
     1
 40
30.0
176
     1
 62
     7
176
     1
 90
        2
176
     1
 90
        2
176
     1
 62
     7
176
     1
 62
     7
176
     1
 90
        1
176
     1
 90
        1
176
     1
 40
40.0
176
     1
 90
       11
176
     1
 62
     7
176
     1
 40
1.0
176
     1
 90
        1
176
     1
 90
        6
176
     1
 90
        2
176
     1
 62
     7
176
     1
 90
        6
176
     1
 90
        0
176
     1
 90
        0
176
     1
290
     0
176
     1
 90
        1
176
     1
 40
0.0
176
     1
 90
        0
176
     1
290
     0
176
     1
290
     1
176
     1
290
     1
176
     1
290
     0
176
     1
290
     0
176
     1
290
     0
176
     1
290
     0
176
     1
290
     0
176
     1
290
     0
176
     1
 90
       50
176
     1
 40
0.0
176
     1
 40
1.0
176
     1
 90
        0
176
     1
 62
    18
420
        0
176
     1
 90
       50
176
     1
 90
        3
176
     1
 62
     5
420
      255
176
     1
290
     0
176
     1
 90
       50
176
     1
 90
       50
176
     1
 90
       50
176
     1
290
     0
176
     1
 90
       50
176
     1
 62
   256
176
     0
 40
1.0
176
     0
 90
        2
176
     1
  1
strokes_ogs.tif
176
     1
290
     0
176
     1
 40
1.0
176
     1
 40
1.0
176
     1
  0
VISUALSTYLE
  5
FC
102
{ACAD_REACTORS
330
EF
102
}
330
EF
100
AcDbVisualStyle
  2

 70
    13
177
     3
291
     1
 70
    58
 90
        2
176
     1
 90
        2
176
     1
 90
        1
176
     1
 90
        0
176
     1
 40
0.6
176
     1
 40
30.0
176
     1
 62
     7
176
     1
 90
        1
176
     1
 90
        4
176
     1
 62
     7
176
     1
 62
   257
176
     1
 90
        1
176
     1
 90
        1
176
     1
 40
1.0
176
     1
 90
       12
176
     1
 62
     7
176
     1
 40
1.0
176
     1
 90
        1
176
     1
 90
        6
176
     1
 90
        2
176
     1
 62
     7
176
     1
 90
        5
176
     1
 90
        0
176
     1
 90
        0
176
     1
290
     0
176
     1
 90
        1
176
     1
 40
0.0
176
     1
 90
        0
176
     1
290
     0
176
     1
290
     1
176
     1
290
     1
176
     1
290
     0
176
     1
290
     0
176
     1
290
     0
176
     1
290
     0
176
     1
290
     0
176
     1
290
     0
176
     1
 90
       50
176
     1
 40
0.0
176
     1
 40
1.0
176
     1
 90
        0
176
     1
 62
    18
420
        0
176
     1
 90
       50
176
     1
 90
        3
176
     1
 62
     5
420
      255
176
     1
290
     0
176
     1
 90
       50
176
     1
 90
       50
176
     1
 90
       50
176
     1
290
     0
176
     1
 90
       50
176
     1
 62
   256
176
     0
 40
1.0
176
     0
 90
        2
176
     1
  1
strokes_ogs.tif
176
     1
290
     0
176
     1
 40
1.0
176
     1
 40
1.0
176
     1
  0
VISUALSTYLE
  5
F6
102
{ACAD_REACTORS
330
EF
102
}
330
EF
100
AcDbVisualStyle
  2

 70
     5
177
     3
291
     0
 70
    58
 90
        0
176
     1
 90
        2
176
     1
 90
        0
176
     1
 90
        0
176
     1
 40
0.6
176
     1
 40
30.0
176
     1
 62
     7
176
     1
 90
        1
176
     1
 90
        4
176
     1
 62
     7
176
     1
 62
   257
176
     1
 90
        1
176
     1
 90
        1
176
     1
 40
1.0
176
     1
 90
        0
176
     1
 62
   257
176
     1
 40
1.0
176
     1
 90
        1
176
     1
 90
        6
176
     1
 90
        2
176
     1
 62
     7
176
     1
 90
        3
176
     1
 90
        0
176
     1
 90
        0
176
     1
290
     0
176
     1
 90
        1
176
     1
 40
0.0
176
     1
 90
        0
176
     1
290
     0
176
     1
290
     1
176
     1
290
     1
176
     1
290
     0
176
     1
290
     0
176
     1
290
     0
176
     1
290
     0
176
     1
290
     0
176
     1
290
     0
176
     1
 90
       50
176
     1
 40
0.0
176
     1
 40
1.0
176
     1
 90
        0
176
     1
 62
    18
420
        0
176
     1
 90
       50
176
     1
 90
        3
176
     1
 62
     5
420
      255
176
     1
290
     0
176
     1
 90
       50
176
     1
 90
       50
176
     1
 90
       50
176
     1
290
     0
176
     1
 90
       50
176
     1
 62
   256
176
     0
 40
1.0
176
     0
 90
        2
176
     1
  1
strokes_ogs.tif
176
     1
290
     0
176
     1
 40
1.0
176
     1
 40
1.0
176
     1
  0
VISUALSTYLE
  5
1F1
102
{ACAD_REACTORS
330
EF
102
}
330
EF
100
AcDbVisualStyle
  2

 70
    25
177
     3
291
     0
 70
    58
 90
        2
176
     1
 90
        2
176
     1
 90
        1
176
     1
 90
        1
176
     1
 40
0.5
176
     1
 40
30.0
176
     1
 62
     7
176
     1
 90
        1
176
     1
 90
        0
176
     1
 62
     7
176
     1
 62
   257
176
     1
 90
        1
176
     1
 90
        1
176
     1
 40
1.0
176
     1
 90
        8
176
     1
 62
     7
176
     1
 40
1.0
176
     1
 90
        1
176
     1
 90
        6
176
     1
 90
        2
176
     1
 62
     7
176
     1
 90
        3
176
     1
 90
        0
176
     1
 90
        0
176
     1
290
     0
176
     1
 90
       13
176
     1
 40
0.0
176
     1
 90
        0
176
     1
290
     0
176
     1
290
     1
176
     1
290
     1
176
     1
290
     0
176
     1
290
     0
176
     1
290
     0
176
     1
290
     0
176
     1
290
     0
176
     1
290
     0
176
     1
 90
       50
176
     1
 40
0.0
176
     1
 40
1.0
176
     1
 90
        0
176
     1
 62
    18
420
        0
176
     1
 90
       50
176
     1
 90
        3
176
     1
 62
     5
420
      255
176
     1
290
     0
176
     1
 90
       50
176
     1
 90
       50
176
     1
 90
       50
176
     1
290
     0
176
     1
 90
       50
176
     1
 62
   256
176
     0
 40
1.0
176
     0
 90
        2
176
     1
  1
strokes_ogs.tif
176
     1
290
     0
176
     1
 40
1.0
176
     1
 40
1.0
176
     1
  0
DICTIONARYVAR
  5
146
102
{ACAD_REACTORS
330
5E
102
}
330
5E
100
DictionaryVariables
280
     0
  1
1:1
  0
DICTIONARYVAR
  5
145
102
{ACAD_REACTORS
330
5E
102
}
330
5E
100
DictionaryVariables
280
     0
  1
STANDARD
  0
DICTIONARYVAR
  5
84
102
{ACAD_REACTORS
330
5E
102
}
330
5E
100
DictionaryVariables
280
     0
  1
STANDARD
  0
DICTIONARYVAR
  5
227
102
{ACAD_REACTORS
330
5E
102
}
330
5E
100
DictionaryVariables
280
     0
  1
Metric50
  0
DICTIONARYVAR
  5
228
102
{ACAD_REACTORS
330
5E
102
}
330
5E
100
DictionaryVariables
280
     0
  1
Metric50
  0
DICTIONARYVAR
  5
5F
102
{ACAD_REACTORS
330
5E
102
}
330
5E
100
DictionaryVariables
280
     0
  1
2
  0
DICTIONARYVAR
  5
63
102
{ACAD_REACTORS
330
5E
102
}
330
5E
100
DictionaryVariables
280
     0
  1
1
  0
DICTIONARYVAR
  5
A3A
102
{ACAD_REACTORS
330
5E
102
}
330
5E
100
DictionaryVariables
280
     0
  1
5
  0
DICTIONARYVAR
  5
A39
102
{ACAD_REACTORS
330
5E
102
}
330
5E
100
DictionaryVariables
280
     0
  1
ByLayer
  0
DICTIONARYVAR
  5
44A30
102
{ACAD_REACTORS
330
5E
102
}
330
5E
100
DictionaryVariables
280
     0
  1
0
  0
DICTIONARYVAR
  5
1AE
102
{ACAD_REACTORS
330
5E
102
}
330
5E
100
DictionaryVariables
280
     0
  1
0
  0
DICTIONARYVAR
  5
1AF
102
{ACAD_REACTORS
330
5E
102
}
330
5E
100
DictionaryVariables
280
     0
  1
0
  0
DICTIONARYVAR
  5
44A2E
102
{ACAD_REACTORS
330
5E
102
}
330
5E
100
DictionaryVariables
280
     0
  1
2
  0
DICTIONARYVAR
  5
44A2D
102
{ACAD_REACTORS
330
5E
102
}
330
5E
100
DictionaryVariables
280
     0
  1
1
  0
DICTIONARYVAR
  5
44A2F
102
{ACAD_REACTORS
330
5E
102
}
330
5E
100
DictionaryVariables
280
     0
  1
127
  0
XRECORD
  5
26B
102
{ACAD_REACTORS
330
269
102
}
330
269
100
AcDbXrecord
280
     1
330
0
330
0
330
0
330
0
330
0
330
0
330
0
330
0
330
0
330
0
330
0
330
0
330
0
330
0
330
0
330
0
330
0
330
0
330
0
330
0
330
0
330
0
330
0
330
0
330
0
330
0
330
0
330
0
330
0
330
0
330
0
330
0
330
0
330
0
330
0
330
0
330
0
330
0
330
0
330
0
330
0
330
0
330
0
330
0
330
0
330
0
330
0
330
0
330
0
330
0
330
0
330
0
330
0
330
0
330
0
330
0
330
0
330
0
330
0
330
0
330
0
330
0
330
0
330
0
  0
DICTIONARY
  5
4566D
330
10DE
100
AcDbDictionary
280
     1
281
     1
  3
ACAD_XREC_ROUNDTRIP
360
45B1A
  0
DICTIONARY
  5
45669
330
21C
100
AcDbDictionary
280
     1
281
     1
  3
ACAD_XREC_ROUNDTRIP
360
45B18
  0
DICTIONARY
  5
205
330
22
100
AcDbDictionary
280
     1
281
     1
  3
AcPublish_PlotSettingsOverride
360
1BEA5
  0
DICTIONARY
  5
1F9
330
ED
100
AcDbDictionary
280
     1
281
     1
  3
ACAD_XREC_ROUNDTRIP
360
45614
  3
FBXASSET
360
1FA
  0
DICTIONARY
  5
1F7
330
EC
100
AcDbDictionary
280
     1
281
     1
  3
ACAD_XREC_ROUNDTRIP
360
45613
  3
FBXASSET
360
1F8
  0
DICTIONARY
  5
173
330
EE
100
AcDbDictionary
280
     1
281
     1
  3
ACAD_XREC_ROUNDTRIP
360
45615
  3
BUMPTILE
360
175
  3
DIFFUSETILE
360
174
  3
FBXASSET
360
1FB
  3
OPACITYTILE
360
176
  3
REFLECTIONTILE
360
177
  0
DICTIONARY
  5
4566B
330
10DD
100
AcDbDictionary
280
     1
281
     1
  3
ACAD_XREC_ROUNDTRIP
360
45B19
  0
DICTIONARY
  5
45667
330
21A
100
AcDbDictionary
280
     1
281
     1
  3
ACAD_XREC_ROUNDTRIP
360
45B17
  0
DICTIONARY
  5
162
330
7F
100
AcDbDictionary
280
     1
281
     1
  3
ACAD_ROUNDTRIP_2008_TABLESTYLE_CELLSTYLEMAP
360
45B16
  0
XRECORD
  5
45B1A
102
{ACAD_REACTORS
330
4566D
102
}
330
4566D
100
AcDbXrecord
280
     1
102
DISPLAYNAME
  1
Imperial24
102
FLAGS
 90
        0
  0
XRECORD
  5
45B18
102
{ACAD_REACTORS
330
45669
102
}
330
45669
100
AcDbXrecord
280
     1
102
DISPLAYNAME
  1
Metric50
102
FLAGS
 90
        0
  0
PLOTSETTINGS
  5
1BEA5
102
{ACAD_REACTORS
330
205
102
}
330
205
100
AcDbPlotSettings
  1

  2
无
  4
ISO_A4_(210.00_x_297.00_MM)
  6

 40
7.5
 41
20.0
 42
7.5
 43
20.0
 44
210.0
 45
297.0
 46
11.54999923706054
 47
-13.65000009536743
 48
49.14631414971246
 49
8.426342707597086
140
120.7666519469339
141
51.05527508895466
142
1.0
143
0.3714990885443516
 70
 11952
 72
     1
 73
     1
 74
     0
  7

 75
     0
147
2.691796644557888
 76
     0
 77
     2
 78
   300
148
-653.6897855141418
149
203.1331247361019
1001
ACAD_PSEXT
1000
无
1000
无
1000
不可用
1000
在选择新的绘图仪配置名称之前，不能打印该布局。
1070
     0
  0
XRECORD
  5
45614
102
{ACAD_REACTORS
330
1F9
102
}
330
1F9
100
AcDbXrecord
280
     1
102
MATERIAL
148
0.0
149
0.0
149
0.0
 93
        0
 94
       63
282
     0
 72
     1
 77
     1
171
     1
175
     1
179
     1
273
     0
  0
XRECORD
  5
1FA
102
{ACAD_REACTORS
330
1F9
102
}
330
1F9
100
AcDbXrecord
280
     1
 70
     1
 90
429727718
  1
D62C5603-E3A1-4AEA-B7FB-FE5D8D0755AF
310
504B03040A0000080000CC70623B3DEE336E79000000790000001B0000006175746F6465736B2D64657369676E2D7061636B6167652E786D6C3C3F786D6C2076657273696F6E3D22312E302220656E636F64696E673D227574662D3822203F3E3C666F726D6174733E3C666F726D61743E687474703A2F2F736368656D612E
310
6175746F6465736B2E636F6D2F64657369676E2D7061636B6167652F323030393C2F666F726D61743E3C2F666F726D6174733E504B0304140006080800CC70623BD486FD9CA0000000F4000000130000005B436F6E74656E745F54797065735D2E786D6C7D8EC10E82300C865F65E91D8A1E8C310C0EEA1BF002731658846E
310
D98AC1B77784ABF1D8FE5FBFBF75BBCE937A534CCEB38643598122B6FEE978D0B0485F9C41B54DDD7D022595594E1A469170414C76A4D9A4D207E29CF43ECE46F218070CC6BECC4078ACAA135ACF422C856C0E68EA1BF5669944DDD7BCDE7B1F8E415D77AECB980613C2E4AC91FC167A2B244592486606FC29C8FD7F045B9A
310
EF7053A7E60B504B0304140006080800CC70623B853B8169EB0000007C01000008000000636F72652E786D6C8D90416EC3201045AF62CDB6C206821CC7C244919D9CA01740401C94182C03558F5F9C3852BBEB6A467FFE9B197D7EFC9E1EC5975982F5AE035262288C535E5B377690E21535501C055FBC8FBF6C503839990E
310
5619041F179FE64D52DE45E362569DD7661365082642A11EB9E920A89B99642953CC8E702F67A9EE7234257977194EC9EAE275C4EABCCF5EAD5940D4AC6F0E35A568B8F43562CD7046CD199FD07E60174276A7BE677B5EADB0E0D14EEFFB6A31321A0D82627C4084204C3F096B71DD52F6819B16635EADF63F509AF53FA164
310
5DDCD1EDDD17164090FCC8732078B56691CB33A85CD7DCC40F504B0304140006080800CC70623B55019EA25F0000007C00000007000000636E782E786D6C4DCB3B0E80201045D1AD90E915ED2CF8AC45050C11660C8261F98AB1B07AC9C97D42D718D865D3E909258CFD00CCE24AC6E326A164D74DC0B4128928FF32603847
310
2BA13128B1252AC747C6BAB984FC68F0B87FE8960A5C09FE86CFB69FBA01504B0304140006080800CC70623BDBABAAF470010000D40300000C0000006662782F636F72652E786D6CC553D16E823014FD95A6AF4B694182CC941A83FA05FB810A9511A125A5257EFE2E82712ECEB8A7F100CD39F7F69E734AF9FADC366850B6
310
AF8DCE7018308C942E4C59EB2AC3DE1D498AD15A706B8CFB56869196ADCAF00863C12B6B7C374385D14E6907A836A59A41D9F7CA615434B0C8705F7CAA5606D23BA8E84F41278B93AC54100640439DE0BDB320004D43C63716C7C399D30917DCFBBA9CD9BA8469F5B156168B24CED3F7248AC8769F27244EB73B92EED8862C
310
B7F13E0C179B3C8F979C8ECD82BBBABDAA2BAC924E9558448CBD9330242CFA08E3154B5651FCC6D215639C8EE5774DBE2B5F6CF2B5768B68963BB5F5588420E442FC700B1139D4CB01F450C1E918227C2E09DF070D8140C84E1E9AAB8F1340832A9CB13130A5F1376A908D57309505ECF2A0DF179C4E9D30F5B239B87E3823
310
7A79C6F31DE1A8A5AEC08474B03C7837EAE4938639B44E5932B833D2C6B6B279CDC613877FA26EE21F4A2A4C63EC7F29A2F301D1F9F7A0E37D145F504B0304140006080800CC70623B9C113CC27E0000009D0000000B0000006662782F636E782E786D6C4DCCDF0A83201C86E15B91DFB94BFB330DD428C8FB886521330DA7
310
6397BF1A1DECE883878F57749FCDA1B7892F1BBC047A23808C7F84D9FA55424E0BE6803A256208E9EF06C84F9B91703228B1C690F78B66B34CD9A5439DF5CF0BFBF65E35BCA1B8D6A5C6F540381E886698B5741C695F9503EBA150A2F8958E3DC3EA0B504B0304140006080800CC70623B7DF2F77C2A010000120200003100
310
00006662782F41393633353835312D344632462D344230382D423046372D3739314545314133324237412F636F72652E786D6C8D51DB8EC22014FC15C2939B0D2DB4B45643319AE817EC0F6041255A68B86CFCFC856D4D76DF7CE190393373060EDB3DC707F856CE6B6B7A480A0C81328395DA5C7B18C3057510EC3873D686
310
3F34088C18550F330C39BB3A1BA7051AAC09CA84841A2BD5020AEF55806078A44B0FFD7053A328440C89E1EFC52486BBB8AA8214A99D789CF9E05200300FC927E4FB4D5B375D43103D5527440FB843077C5AA3F5861C8F645F5787F59E95B390B318B55CE45AA638FAA2957BD7248B390B7A7CC51F9C124149C82B8C378810
310
84AB2F42B7B8DD56F413775B8C5999E9FF4471926F8AA236A1AE96B8B3CC434E5839373893369E1FAF30EA395917409EB7F26AF8801C171837A4A6AC9C89E9F9C9B1A58BA30FD6A5EF5DDDCF894B9AD9B6A59C957943A9FCAE2FD5BC4DFE03504B0304140006080800CC70623BAD7543B64E01000033030000300000006662
310
782F41393633353835312D344632462D344230382D423046372D3739314545314133324237412F636E782E786D6CD593CD6EC32010845F0571AD6CE3D48AD20813A9873E410FBD12D82434182C7EAAE6EDBB2424CD25871E7B41D6EC30B3FA84F9E67BB2E40B4234DE8DB46F1925E094D7C6ED479AD3AE5951B2113C789FEE
310
6C943839C1488B4C05DF079FE72A69D8C96C13AAD6B8631503449F83828872B949AC57D26200B826A308D316B4064D6E46FCDA41C05550DC9E483A00797BFD207EFB092A45DE9514C1BBD22178396BD39D891265658C238DEA00936C654E5E433CB65A26D9F6EDB5EBC14EBF49A45CB856E66048291F6939A9A81BB5C89177
310
38143CA680F4AA299D66A042CEB3354A2684DC9D8D178FE0D9B8B41CAAD720F880EE7EF93C0C18769E099ECC04D5A102C8049A8A05632F4DDF376CF1DE0F6BB65C2F8627B65A33C6BB62177CEBBDAD973006829F89F22E814B54F4BC2BE347F8AA8F681390B50FA73F804400B5F542E796F19FF974E7F78DB802FE05E20750
310
4B0304140006080800CC70623BE75B7789680500003C100000340000006662782F41393633353835312D344632462D344230382D423046372D3739314545314133324237412F6F626A656374732E786D6CAD575B8F9B3818FD2B887D06C22499CB8AA1CA655245D5B455A356FB305264C061D8018C6C3393D95FBFC7600890
310
A4CD5EF210B0B1BFEBF98E3F7B1FF6596ABC522E1296DF9BAE3D320D9A872C4AF2F8DE2CE5CEBA358D0FBEC719939D65A691938CDE9B6ADAF4BD98B3B2D05311DD91329583D9D5FC0F438434A7A611A644887B5384CF34233629258BA878B12322891DEFF6B66BD70BFB62634E8AE781D082709A4B588AF91C528CDA28B73F
310
1C998EEF39EABBEFA97FBD6A7C7E9553F9D3D79FE442923C3C523610337627CB87ABE99D359D4CC6D6E4FACAB5E6ABF9D2726FC6A3C5F56271377BB88362213924694B38DD99FE47C48627A1E7D49F5A8BB5E1A74C0A599ED3B0F21F1E56366B89112D681E218F0915D0D6F17AD41FBA2A369DCF6335D62ABBD39779D5DDD1
310
11D4D8DE3CBB96B2E04FB8202E41051754A1AA8E8F76B4C6DFE810B580B1547F4B84911149794252234D024EF8BBE963A95AE27B3D310A9D5C215C7960FAEE415ED75694C6AFB17BCACA5D99A60A9AA65F217B0BFC53292ACB92BF283FAD0D3621576592CB5BED907C2FA8E9DF794E35E97BEA31BED21FEB401ABB94C44839
310
DCACBF0E1C5DA8DA5B2F4DFFD32AD86F543D9E565E7056502E157C00AD2671CD534549AB752FCA9CDA00677A313F04E51B22FF19E57B300579E3C97EB29F682D92935CEC18CF901B7B54FD8C51F362B56FC72FE0B3C1EAE335EDCCBF5AEC39ADB17DC238973F804BA5E6F6BFE7AF1FB32E523BE9F3BD571418E3631DCA4D48
310
5250CF639223210A9446CA30052EDF057BD35F8329C1ECD84552BF0DC8D18BE7BCE23BFE6BD960AB4A7DE79923A103BEBD80F911CBAA2C60DB19B01CF164A5583B772EE6D3FFA56666CBCDA74DC97724A48F9A58967497E489C4D979006FD7A05E227A1EBDD0F737C623387A9C844D3709995625106D157315F8B8392CD4E0
310
A0B9A720C4BE9829CEF37EA1E13111214D53925356365ADA634861B52519DD27A00AEB808EAF0628E6F435519D446F45CF2C9CF5214F0A15B2F6D06B79DA3EE3CBF7F56780D2F4E7EF73A0F5E5B02A38D07DC852C6B7C1FBB6664213E0C39E3EBA7FF4E1AD23EA2829407C85E586727488B751B2DB9502BC7B228A3FD68B6E
310
A65A22397E690AA8D158D7E404EC8CDA235CC3B7D1898680131CEC2CDF2638C65196279577750F15884AEE19F94199155B92B13297978469D4F8D358DF0AEF7631E28DC8F0D9F437D5D39A83B2231A1D52D543813A824EF8D44BCFF2FA6A31BD1E8DAD87F1CCB526B3879935BF59CDADD5C37479BB1CDD4CA7B3556B516589
310
EF352754B706114D9C885EC9131DE6EFEB43D99AFE2391C2F958179413D7CFEF6B1B6DB1E7600F00DE6E5C67454A339A4BA2E0FBA85ED26F045D454F463DBFCE484C2F90F2E5E3666003662ED8F755951A7D1BECD5B30B550B2785C8E7320B7292A4838DDA71BBC863ED7613CAF659337A3354231D4FF4A182A54904C2898C
310
98B28C4AD0CE056CCF332A80986E571EE9DBC305BB5FEB7E509220A58D25CF042D712A806AC0AD0C657FDEF80D2D9CEAA2EE4D1C76F60BFE74219A06527D6F82DF6412526107381E55E353090704D085B52408A8913C4ED159D79BDA71BB4BC506F4831350EB6F975CD22D69BF7AC49B91A2C0A9DDA3D5CA36AD20FC478E37
310
E61844E2352865EBCB61A275A65283CAAA9DD27703B4102F5AF51EF5F573B75CBB5AD38BC845F7A49F82A0966A49C2E3EA5EA0ECD326CD965F1DB402C6FA8B51A4658C5C5E2EC9E214602E55810345408596591009A82E7E7FFACA19EEA299B14A0081A705CB3296EBC14CDF658DCD336EA6D1136881AAEB87B81AB9EE53D5
310
F5EB8BC8362082DA24122F98680A4E7930C01A0079749CEA14382A0783E5EBA5A10F8C098456A03D6A4AEB6BB881E2513747552A5DB22C7EDAF83BD5528081A365F7FF06504B0304140006080000CC70623B000000000000000000000000350000006662782F41393633353835312D344632462D344230382D423046372D37
310
39314545314133324237412F76657274696365732E62696E504B0304140006080800CC70623BF270F1330600000004000000360000006662782F41393633353835312D344632462D344230382D423046372D3739314545314133324237412F747269616E676C65732E62696E636660600000504B0304140006080000CC7062
310
3B000000000000000000000000370000006662782F41393633353835312D344632462D344230382D423046372D3739314545314133324237412F617474726962757465732E62696E504B0304140006080800CC70623B08DA0BD19000000041010000360000006662782F41393633353835312D344632462D344230382D4230
310
46372D3739314545314133324237412F6469726563746F72792E786D6C858F410AC3201045AF22B36F53E9A60B35CBEEBAE80D244E44489C6234F4F835464A48035D0DF398FF9F8AF63D0E6CC63039F212F8F9020C7D47C6792B21C5FE7403D62A1188E2E60C98D7234A5830286103A55745067B9D86B8A3CF9C7F90C11DE6
310
07FB144396D7B6A82D282E9A152AD114D5EF2CB866EEE831B8EEA07A7BB5A8D7D61A2BAAEB7FD5F70921FF497D00504B0304140006080800CC70623BEDD1DC58FD000000A00100003B0000006662782F41393633353835312D344632462D344230382D423046372D3739314545314133324237412F7265736F75726365732F
310
636F72652E786D6C8D504B6E833010BD0A9A6D65B00922041947112427E8052C33A156828DFCA97AFC9A40A576D7CDCCE87D344F8F9FBFE667F689CE6B6B3A6039850C8DB2A336530731DC4903D95970676DF82583CCC8193B5861107C72362E3BA4AC096842428D1D7107A5F7182053CF7474E0D507CE32973124857FE48B
310
540F3961CEF244279DE03EB81420DB9EAC1384436FA353E879B1B182C7A8C75DA3C7F453DF353A1075D537A7BA6464B8F535A99AE14A9A2BBD90E350DD183B5CFABE3AF262350B1EF4FC9351399401471025A527C218A1E53BAB5A5AB765F5469B96525EACF23FA6B88CFF34456DC2A1DCE36E360F82A5202F42F062ED2BAD
310
579969AFDD8A6F504B010214000A0000080000CC70623B3DEE336E79000000790000001B00000000000000000000000000000000006175746F6465736B2D64657369676E2D7061636B6167652E786D6C504B01021400140006080800CC70623BD486FD9CA0000000F40000001300000000000000000000000000B20000005B
310
436F6E74656E745F54797065735D2E786D6C504B01021400140006080800CC70623B853B8169EB0000007C010000080000000000000000000000000083010000636F72652E786D6C504B01021400140006080800CC70623B55019EA25F0000007C000000070000000000000000000000000094020000636E782E786D6C504B
310
01021400140006080800CC70623BDBABAAF470010000D40300000C00000000000000000000000000180300006662782F636F72652E786D6C504B01021400140006080800CC70623B9C113CC27E0000009D0000000B00000000000000000000000000B20400006662782F636E782E786D6C504B01021400140006080800CC70
310
623B7DF2F77C2A010000120200003100000000000000000000000000590500006662782F41393633353835312D344632462D344230382D423046372D3739314545314133324237412F636F72652E786D6C504B01021400140006080800CC70623BAD7543B64E010000330300003000000000000000000000000000D2060000
310
6662782F41393633353835312D344632462D344230382D423046372D3739314545314133324237412F636E782E786D6C504B01021400140006080800CC70623BE75B7789680500003C10000034000000000000000000000000006E0800006662782F41393633353835312D344632462D344230382D423046372D3739314545
310
314133324237412F6F626A656374732E786D6C504B01021400140006080000CC70623B0000000000000000000000003500000000000000000000000000280E00006662782F41393633353835312D344632462D344230382D423046372D3739314545314133324237412F76657274696365732E62696E504B01021400140006
310
080800CC70623BF270F133060000000400000036000000000000000000000000007B0E00006662782F41393633353835312D344632462D344230382D423046372D3739314545314133324237412F747269616E676C65732E62696E504B01021400140006080000CC70623B0000000000000000000000003700000000000000
310
000000000000D50E00006662782F41393633353835312D344632462D344230382D423046372D3739314545314133324237412F617474726962757465732E62696E504B01021400140006080800CC70623B08DA0BD1900000004101000036000000000000000000000000002A0F00006662782F41393633353835312D344632
310
462D344230382D423046372D3739314545314133324237412F6469726563746F72792E786D6C504B01021400140006080800CC70623BEDD1DC58FD000000A00100003B000000000000000000000000000E1000006662782F41393633353835312D344632462D344230382D423046372D3739314545314133324237412F7265
310
736F75726365732F636F72652E786D6C504B0506000000000E000E0080040000641100000000
  0
XRECORD
  5
45613
102
{ACAD_REACTORS
330
1F7
102
}
330
1F7
100
AcDbXrecord
280
     1
102
MATERIAL
148
0.0
149
0.0
149
0.0
 93
        0
 94
       63
282
     0
 72
     1
 77
     1
171
     1
175
     1
179
     1
273
     0
  0
XRECORD
  5
1F8
102
{ACAD_REACTORS
330
1F7
102
}
330
1F7
100
AcDbXrecord
280
     1
 70
     1
 90
429727718
  1
30362254-06B7-45E0-A893-8CFA70E3D6BC
310
504B03040A0000080000CC70623B3DEE336E79000000790000001B0000006175746F6465736B2D64657369676E2D7061636B6167652E786D6C3C3F786D6C2076657273696F6E3D22312E302220656E636F64696E673D227574662D3822203F3E3C666F726D6174733E3C666F726D61743E687474703A2F2F736368656D612E
310
6175746F6465736B2E636F6D2F64657369676E2D7061636B6167652F323030393C2F666F726D61743E3C2F666F726D6174733E504B0304140006080800CC70623BD486FD9CA0000000F4000000130000005B436F6E74656E745F54797065735D2E786D6C7D8EC10E82300C865F65E91D8A1E8C310C0EEA1BF002731658846E
310
D98AC1B77784ABF1D8FE5FBFBF75BBCE937A534CCEB38643598122B6FEE978D0B0485F9C41B54DDD7D022595594E1A469170414C76A4D9A4D207E29CF43ECE46F218070CC6BECC4078ACAA135ACF422C856C0E68EA1BF5669944DDD7BCDE7B1F8E415D77AECB980613C2E4AC91FC167A2B244592486606FC29C8FD7F045B9A
310
EF7053A7E60B504B0304140006080800CC70623B1EC5D7A3EB0000007C01000008000000636F72652E786D6C8D90416EC3201045AF82665B6103C6756C6122AB4D4ED00B204C5C94182C03558F5F9C3852BBEB6A467FFE9B197D71FC9E6FE8CBACC17AD7032D0820E3B41FAD9B7A48F1820F808E52ACDEC75F36404ECDA687
310
4D0629A6D5A76597B477D1B89855E747B38B2A041301E95B6E7A08FAD3CCAA50296647B8168BD2573599823EBB0CA76447F43862C7BCCF5EAC59410E4DDD9C7973C2755553CCCFA4C603E3040F1565ED3B1FDE4E432BCA0D9622DAF9795FAF464533826484B498524CD807E51D79ED187F21878E10516EF63F505AC67F42C9
310
BA58B1FDDD071640D2FCC87D2045B96591CB3DA85CB7DCE40F504B0304140006080800CC70623B55019EA25F0000007C00000007000000636E782E786D6C4DCB3B0E80201045D1AD90E915ED2CF8AC45050C11660C8261F98AB1B07AC9C97D42D718D865D3E909258CFD00CCE24AC6E326A164D74DC0B4128928FF32603847
310
2BA13128B1252AC747C6BAB984FC68F0B87FE8960A5C09FE86CFB69FBA01504B0304140006080800CC70623B8C9102E971010000D40300000C0000006662782F636F72652E786D6CC5535B6E833010BC8AE5DF0A6C08340F1947A84D4ED00B38C6A128602363A31CBFCB234A53A551FA553EC09AD9F5CE8C31DB9E9B1AF5CA
310
7695D1198E428A91D2D214952E33ECDD315861B4E5CC1AE3BE9561A445A3323CC098B3D21ADFCE9034DA29ED00D5A6503328BA4E398C640D8B0C77F253352214DE4145770A5B214FA2546114020D759C75CE8200340D19DE981F0F6746269C33EFAB6266AB02A655C74A59CCF365BADC27CB5D902ED22848F6340DF238A141
310
BE88E2F57B92BFEDF23523433367AE6A2EEAA455C2A902F398D2751045018D3FA264435F3771F242571B4A1919CA6F9A7C5B3CD9E42BED16F12C776AEB308F40C848FC700B1139D4891EF410CEC810227CC6846F8386402064270EF5C5C709A05E49676C024C61FC95EA45ED154CA5211D1FF4FB8291A913A68E9B83EBBB33
310
E2A7673CDE118E5AE8124C0807CB8377834E366998436B950D7A7746DAD846D4CFD978E0F04FD455FC5D49D2D4C6FE9722321F10997F0F32DC47FE05504B0304140006080800CC70623BFFEA85907E0000009D0000000B0000006662782F636E782E786D6C4DCCD10A83201886E15B91FFDC95D95A811AB6F23E625948A6C3
310
E9D8E5AF46073BFAE0E1E365ED67B3E8ADC3CB78C7815C7240DA3DFC64DCC221C519D7805AC182F7F1EF06C88D9BE6703008B6049F9E274D7A1E938DBB5AE3D6131B2589BA0D3D965551E0B2EA732C9B9A624AAEB41E3A557677029960D9AFB4EF11165F504B0304140006080800CC70623B4FEEA4082C0100001202000031
310
0000006662782F39464131463745442D413632322D343644302D413938332D3331353338454246344243312F636F72652E786D6C8D515B6EC32010BC0AE2AB55850DD871ED0813254D72825EC00192A2C460F1A872FC42ED48ED5F7E00CDCECCCEB26C731F6FE05B39AFADE921293004CA082BB5B9F43086336A21D870E6AC
310
0D7F68109861543DCC30E4ECE26C9C164858139409093556AA051CBC570102714B8F1E7AF1A5C6A11862480C7F2DA6415C878B2A4891CA89C7990F2E050073937C42DE1DB7E4F87ED8A36D4329AA9B3D46DBAEAD504556557BD81DEBDD0761E52CE42C462D17B996298E3E6BE59E35C962CE821E1FF18553435012728A7187
310
0841987E927A8D9B35ADDF70BBC6989599FE4F1427F9A4286A132ABAC49D651EF234CD5CE04CDA78BA3DC2A8FB645D00B9DF8B57E215725C60BCA2A463E54C4CE327C7A65E1C7DB02E7DEFCBF594B864C5CA6CDBD49C957943E9FA5D5FBAF336F90F504B0304140006080800CC70623BAD7543B64E01000033030000300000
310
006662782F39464131463745442D413632322D343644302D413938332D3331353338454246344243312F636E782E786D6CD593CD6EC32010845F0571AD6CE3D48AD20813A9873E410FBD12D82434182C7EAAE6EDBB2424CD25871E7B41D6EC30B3FA84F9E67BB2E40B4234DE8DB46F1925E094D7C6ED479AD3AE5951B2113C
310
789FEE6C943839C1488B4C05DF079FE72A69D8C96C13AAD6B8631503449F83828872B949AC57D26200B826A308D316B4064D6E46FCDA41C05550DC9E483A00797BFD207EFB092A45DE9514C1BBD22178396BD39D891265658C238DEA00936C654E5E433CB65A26D9F6EDB5EBC14EBF49A45CB856E66048291F6939A9A81BB5
310
C8917738143CA680F4AA299D66A042CEB3354A2684DC9D8D178FE0D9B8B41CAAD720F880EE7EF93C0C18769E099ECC04D5A102C8049A8A05632F4DDF376CF1DE0F6BB65C2F8627B65A33C6BB62177CEBBDAD973006829F89F22E814B54F4BC2BE347F8AA8F681390B50FA73F804400B5F542E796F19FF974E7F78DB802FE05
310
E207504B0304140006080800CC70623B16AB87BA640500003C100000340000006662782F39464131463745442D413632322D343644302D413938332D3331353338454246344243312F6F626A656374732E786D6CAD575B6FA33818FD2B887DE6924B3BED8A326A92B68A663B534DD4D13E548A0C38942D60649B369D5FBFC7
310
600890A493BDE42160637FD7F31D7FF63E6FB3D478A55C242CBF3247B66B1A340F5994E4F19559CA8D75611A9F7D8F33263BCB4C232719BD32D5B4E97B316765A1A722BA21652A07B3B7B33F0D11D29C9A46981221AE4C113ED38CD8A4942CA2E2C58E882476BCD9DA23BB5ED8171B73523C0F841684D35CC252CCE79062D4
310
468DFA43D7747CCF51DF7D4FFDEB5593E3AB9CCA9FBEFE241792E4E19EB28198C968BAB8199F5D5A67D3E9C49A9E8F47D6EC76B6B0469F26EEFC7C3EBFBCBEB98462213924694B38DD98FE1D62C393D073EA4FADC5DAF04326852CCF6958F90F0F2B9BB5C48816348F90C7840A68EB78EDF68723159BCEE7891A6B95DDE9D3
310
BCEAEEE8086A6C6F9E5D4B59F0175C10A7A0820BAA5055C7473B5AE3CFDD452D602CD5DF12616444529E90D448938013FE6EFA58AA96F85E4F8C42275708571E98FE6827AF6B2B4AE3D7D83D64E5A64C53054DD3AF90BD06FEA9149565C94FCA0F6B834DC85599E4F2423B24DF0B6AFA979E534DFA9E7A4CC6FA631D486393
310
921829879BF5D781A373557BCB85E97FB90DB62B558F8795179C15944B051F40AB495CF35451D26A4727654E6D8033BD98EF82F21D91FF8AF2DD9982BCF1643BDD4EB516C9492E368C67C88DED563FC36D5EACF66DFF057C3658BDBFA69DF9578B3DA735B64F18C7F20770A9D45CFCF7FCF563D6456A277DBEF78A02637CA2
310
43B90A490AEAB94F72244481D24819A6C0E59B606BFA4B3025981DBB48EAB701D97BF19C577CC77F2D1B6C55A9EF3C732474C0B727303F625995056C3B02963D9EAC146BE78EC5FCEC7FA999EBC5EACBAAE41B12D27B4D2C0BBA49F244E2ECDC81B76B502F113D8F5EE8FB1BE3111CDD4FC2AA9B844CAB1288B68AB90A7CDC
310
1C166AB0D3DC5310625FCC14E779BFD0709F8890A629C9292B1B2DED31A4B0DA928CEE135085754027E3018A397D4D5427D15BD1330B677DC8934285AC3DF45A9EB68FF8F2B8FC0A509AFEECFD0FF2DE25CC6047F7214B195F07EFEB9A094D800F7BFAE8FED187B78EA8A3A400F115961BCAD1215E47C966530AF0EE8128FE
310
58CEBB996A8964FFA529A046635D9353B0336A8F700DDF46271A024E70B0B37C9DE01847591E54DED53D54202AB947E4076556AC49C6CA5C9E1226B7F1A7B1BE15DEED62C41B91E1B3E9AFAAA735036547343A925075041DF0A9979E893B391F8FCFA6967B3EFB644DCF6E5CEBFAE272625DCC6FAF3FB93793C5F90CE1EF57
310
407342756B10D1C489E8953CD1617E5CEECAD6F4EF8914CE5D5D504E5C3F1F9736DA62CFC11E00BCDDB8CC8A9466349744C1F75EBDA4DF09BA8A9E8C7A7E9991989E20E5DBDD6A6003664ED8F7A04A8DBE0DF6EAD9B9AA858342E47399053949D2C146EDB85DE4B176BB0965FBAC19BD19AA918E27FA50C1D22402E144464C
310
59462568E704B6E71915404CB72B8FF4EDE184DDAF753F284990D2C6926782963815403548A70C657FDEF80D2D9CEAA2AE4C1C76F60BFE74219A06527D6582DF6412526107381E55E353090704D085B52408D0933C4ED159D79BDA71BB4BC506F4831350EB6F979CD22D69BF7AC49B91A2C0A9DDA3D5CA36AD20FC478E37E6
310
1844E2352865EBCB6EA275A652E3836BE04EFB400BF1A2556F515F1FBB35B2AB35BD889C744FFA1004B5544B121E57F70215746DD2F5E2C1412B602CBF19455AC6C8E5E9922C4E01E65215385004546899059180EAFCF7A707CE7017CD8CDB0410789AB32C63B91E5CEBBBACB17AC6CD347A022D5075FD106377347AAABA7E
310
7D11590744509B44E205134DC1290F06580320F78E537D3D73540E06CB970B431F185308AD40BBD794D6D77003C5A36E8EAA54BA64597CD8F83BD552A080A365F7FF06504B0304140006080000CC70623B000000000000000000000000350000006662782F39464131463745442D413632322D343644302D413938332D3331
310
353338454246344243312F76657274696365732E62696E504B0304140006080800CC70623BF270F1330600000004000000360000006662782F39464131463745442D413632322D343644302D413938332D3331353338454246344243312F747269616E676C65732E62696E636660600000504B0304140006080000CC70623B
310
000000000000000000000000370000006662782F39464131463745442D413632322D343644302D413938332D3331353338454246344243312F617474726962757465732E62696E504B0304140006080800CC70623B08DA0BD19000000041010000360000006662782F39464131463745442D413632322D343644302D413938
310
332D3331353338454246344243312F6469726563746F72792E786D6C858F410AC3201045AF22B36F53E9A60B35CBEEBAE80D244E44489C6234F4F835464A48035D0DF398FF9F8AF63D0E6CC63039F212F8F9020C7D47C6792B21C5FE7403D62A1188E2E60C98D7234A5830286103A55745067B9D86B8A3CF9C7F90C11DE607
310
FB144396D7B6A82D282E9A152AD114D5EF2CB866EEE831B8EEA07A7BB5A8D7D61A2BAAEB7FD5F70921FF497D00504B0304140006080800CC70623B0D6EF93BFE000000A00100003B0000006662782F39464131463745442D413632322D343644302D413938332D3331353338454246344243312F7265736F75726365732F63
310
6F72652E786D6C8D50596E833010BD0A9ADFCA60B334011947A8694ED00B586642AC041B79A97AFC9A40A5F6AF3F33A3B7689E1E3F7DCD8FEC139DD7D6F4C0720A191A65476DA61E62B892236427C19DB5E1970C322367EC618541F0C9D9B8EC90B226A009093576C41D94DE63804C3DD2D18357379C652E63480A7FCF17A9
310
EE72C29CE5894E3AC17D702940B63D59270887DE46A7D0F36263058F518FBB468FE9A7BE6A7420864373B8D4873369AA8691FA421B3294352543C5CAF65C0F6FEF43CB8BD52C78D0F34F46E550061C419494B6843142CB0F5677F4B52BEB177AEC28E5C52AFF638ACBF84F53D42654E51E77B379102C05791282176B5F693D
310
CB4C7BED567C03504B010214000A0000080000CC70623B3DEE336E79000000790000001B00000000000000000000000000000000006175746F6465736B2D64657369676E2D7061636B6167652E786D6C504B01021400140006080800CC70623BD486FD9CA0000000F40000001300000000000000000000000000B20000005B
310
436F6E74656E745F54797065735D2E786D6C504B01021400140006080800CC70623B1EC5D7A3EB0000007C010000080000000000000000000000000083010000636F72652E786D6C504B01021400140006080800CC70623B55019EA25F0000007C000000070000000000000000000000000094020000636E782E786D6C504B
310
01021400140006080800CC70623B8C9102E971010000D40300000C00000000000000000000000000180300006662782F636F72652E786D6C504B01021400140006080800CC70623BFFEA85907E0000009D0000000B00000000000000000000000000B30400006662782F636E782E786D6C504B01021400140006080800CC70
310
623B4FEEA4082C0100001202000031000000000000000000000000005A0500006662782F39464131463745442D413632322D343644302D413938332D3331353338454246344243312F636F72652E786D6C504B01021400140006080800CC70623BAD7543B64E010000330300003000000000000000000000000000D5060000
310
6662782F39464131463745442D413632322D343644302D413938332D3331353338454246344243312F636E782E786D6C504B01021400140006080800CC70623B16AB87BA640500003C1000003400000000000000000000000000710800006662782F39464131463745442D413632322D343644302D413938332D3331353338
310
454246344243312F6F626A656374732E786D6C504B01021400140006080000CC70623B0000000000000000000000003500000000000000000000000000270E00006662782F39464131463745442D413632322D343644302D413938332D3331353338454246344243312F76657274696365732E62696E504B01021400140006
310
080800CC70623BF270F133060000000400000036000000000000000000000000007A0E00006662782F39464131463745442D413632322D343644302D413938332D3331353338454246344243312F747269616E676C65732E62696E504B01021400140006080000CC70623B0000000000000000000000003700000000000000
310
000000000000D40E00006662782F39464131463745442D413632322D343644302D413938332D3331353338454246344243312F617474726962757465732E62696E504B01021400140006080800CC70623B08DA0BD190000000410100003600000000000000000000000000290F00006662782F39464131463745442D413632
310
322D343644302D413938332D3331353338454246344243312F6469726563746F72792E786D6C504B01021400140006080800CC70623B0D6EF93BFE000000A00100003B000000000000000000000000000D1000006662782F39464131463745442D413632322D343644302D413938332D3331353338454246344243312F7265
310
736F75726365732F636F72652E786D6C504B0506000000000E000E0080040000641100000000
  0
XRECORD
  5
45615
102
{ACAD_REACTORS
330
173
102
}
330
173
100
AcDbXrecord
280
     1
102
MATERIAL
148
0.0
149
0.0
149
0.0
 93
        0
 94
       63
282
     0
 72
     1
 77
     1
171
     1
175
     1
179
     1
273
     0
  0
XRECORD
  5
175
102
{ACAD_REACTORS
330
173
102
}
330
173
100
AcDbXrecord
280
     1
270
     1
271
     1
  0
XRECORD
  5
174
102
{ACAD_REACTORS
330
173
102
}
330
173
100
AcDbXrecord
280
     1
270
     1
271
     1
  0
XRECORD
  5
1FB
102
{ACAD_REACTORS
330
173
102
}
330
173
100
AcDbXrecord
280
     1
 70
     0
 90
1673772943
  1
ECE7A1D2-D628-4531-984C-D00F80459256
310
504B03040A0000080000CC70623B3DEE336E79000000790000001B0000006175746F6465736B2D64657369676E2D7061636B6167652E786D6C3C3F786D6C2076657273696F6E3D22312E302220656E636F64696E673D227574662D3822203F3E3C666F726D6174733E3C666F726D61743E687474703A2F2F736368656D612E
310
6175746F6465736B2E636F6D2F64657369676E2D7061636B6167652F323030393C2F666F726D61743E3C2F666F726D6174733E504B0304140006080800CC70623BD486FD9CA0000000F4000000130000005B436F6E74656E745F54797065735D2E786D6C7D8EC10E82300C865F65E91D8A1E8C310C0EEA1BF002731658846E
310
D98AC1B77784ABF1D8FE5FBFBF75BBCE937A534CCEB38643598122B6FEE978D0B0485F9C41B54DDD7D022595594E1A469170414C76A4D9A4D207E29CF43ECE46F218070CC6BECC4078ACAA135ACF422C856C0E68EA1BF5669944DDD7BCDE7B1F8E415D77AECB980613C2E4AC91FC167A2B244592486606FC29C8FD7F045B9A
310
EF7053A7E60B504B0304140006080800CC70623BD9DDAED0EC0000007C01000008000000636F72652E786D6C8D90416EC3201045AF82665B61836D9CD8C2444DD39CA01740405C94182C03558F5F9C3852BBEB6A467FFE9B197D7EF89E6EE8CB2CC17A37002D0820E394D7D68D03A478C17B4007C117EFE32F1B20272733C0
310
2A83E0E3E2D3BC49CABB685CCCAAF3DA6CA20CC14440EA969B0182FA34932C648AD911AEC52CD5558EA6A0CF2EC329598D1E47ACCEFBECC59A050463A7EA5833865FEBDD0E37353BE3EE8DBDE3F6786A48D375FBF6CC78B9C282473B3DEFABC5C86834888A900E538A49F5419B9EB47DD5BC907D4F082F57FB1F28CDFA9F50
310
B22ED6D5F6EE030B20687EE43E10BC5CB3C8E51E54AE6B6EE207504B0304140006080800CC70623B55019EA25F0000007C00000007000000636E782E786D6C4DCB3B0E80201045D1AD90E915ED2CF8AC45050C11660C8261F98AB1B07AC9C97D42D718D865D3E909258CFD00CCE24AC6E326A164D74DC0B4128928FF326038
310
472BA13128B1252AC747C6BAB984FC68F0B87FE8960A5C09FE86CFB69FBA01504B0304140006080800CC70623BA24EB22D72010000D40300000C0000006662782F636F72652E786D6CC5535B6E833010BC8AE5DF0A6C5E49888CA3A6694ED00B38E05014B091B1518EDFE511A5A9D228FD2A1F60CDEC7A67C6986DCE4D8D7A
310
69BA4AAB0C073EC548AA5C17952A33ECECD15B61B4E1CC686DBF9561A44423333CC098B3D268D7CE50AE9595CA02AA74216750749DB418E5352C32DCE59FB211BE70162ABA93DF8AFC244AE9073ED050C759670D0840D390E18DF9F1706664C23973AE2A66B62A605A75ACA4C13C4976E1364A12EF355A2EBD384AF65EFA96
310
BC7B8BED2EA6719AAE16FB8491A199335B351775B991C2CA02F390D2D40B028F861F41BCA68B7518BFD0D59A524686F29B26D7164F36B94AD9289CE54E6D1DE6010819891F6E21228B3AD1831EC219194284CF98F06DD01008846CC5A1BEF83801D4CBDC6A1303536877A57A513B0953A94FC707FDBE6064EA84A9E3E6E0FA
310
EE8CF0E9198F7784A316AA0413C2C2F2E0ECA0934D1AE6D05A69BCDE9E91D2A611F573361E38FC1375157F5752AE6B6DFE4B11990F88CCBF0719EE23FF02504B0304140006080800CC70623B408A7D3B7C0000009D0000000B0000006662782F636E782E786D6C4DCCD10A83201886E15B91FFDC552A92A0064DBC8F581632
310
D3703A76F9ABD1C18E3E78F878E5F0D9027ABBFCF2292AE86E2D20171F69F6715550CB827B40839639A5F2770314A7CD293819B45C73AAFB45B35BA61ACAA1C1C7E7855C58C15BC331339661262CC762340413D68D77DA5B42298546CBE6573AF60CEB2F504B0304140006080800CC70623B449FB9BD290100001202000031
310
0000006662782F36394639363044362D344446342D343946362D394244322D3234314243333846323333332F636F72652E786D6C8D515B6EC32010BC0AE22B55850D98B871848994463E412FE002495162B07854397EA176A4F62F3F2C9A9D991D587EB84F37F0AD7D30CEF6905418026DA553C65E7A98E219ED203808EE9D
310
8B7F6810D871D23D2C3014FCE25D9A57483A1BB58D19B54EE9151C43D0110279CB971E06F9A5A7B11A53CC8C70ADE6515EC78BAE4895DB992778883E0700CB907242D17643D7E2538BD869608875438BBAE38922CAC8F1BDD90DB4691A5E2F42C153326A951B95E398B3D1FE599322163C9AE9115F7A3D46ADA0A018778810
310
84E907617BDCEE297BC5BB3DC6BC2EF47FA234AB2745C9D8D8D035EE220B50105E2F0DC1954B9FB747187D9F9D8FA0CCDB042D5FA0C015C65B42DF78BD10F3F3B363CB56C7109DCFDFBBB97E662ED92EB62D13BC2E1BCAE5777DB9966D8A1F504B0304140006080800CC70623BAD7543B64E01000033030000300000006662
310
782F36394639363044362D344446342D343946362D394244322D3234314243333846323333332F636E782E786D6CD593CD6EC32010845F0571AD6CE3D48AD20813A9873E410FBD12D82434182C7EAAE6EDBB2424CD25871E7B41D6EC30B3FA84F9E67BB2E40B4234DE8DB46F1925E094D7C6ED479AD3AE5951B2113C789FEE
310
6C943839C1488B4C05DF079FE72A69D8C96C13AAD6B8631503449F83828872B949AC57D26200B826A308D316B4064D6E46FCDA41C05550DC9E483A00797BFD207EFB092A45DE9514C1BBD22178396BD39D891265658C238DEA00936C654E5E433CB65A26D9F6EDB5EBC14EBF49A45CB856E66048291F6939A9A81BB5C89177
310
38143CA680F4AA299D66A042CEB3354A2684DC9D8D178FE0D9B8B41CAAD720F880EE7EF93C0C18769E099ECC04D5A102C8049A8A05632F4DDF376CF1DE0F6BB65C2F8627B65A33C6BB62177CEBBDAD973006829F89F22E814B54F4BC2BE347F8AA8F681390B50FA73F804400B5F542E796F19FF974E7F78DB802FE05E20750
310
4B0304140006080800CC70623B8D05915C650500003B100000340000006662782F36394639363044362D344446342D343946362D394244322D3234314243333846323333332F6F626A656374732E786D6CAD575B6FA33814FE2B887D06429276DA1565D4266D158D3A339A6846FB502932E050B66023DB74D2FDF5FB190C01
310
9276B2973C046C8ECFF53B17071F77456EBD502133CEAE6CDF9DD81665314F32965ED995DA3A17B6F5310C04E7AA47665B8C14F4CAD6DB7618A48257A5D94AE89654B91AEDDEDDFC61C998326A5B714EA4BCB265FC440BE2924AF184CA6737218AB8E976E7FA6E4338649B0A523E8D98964450A6A029F619B8588D52FE7039
310
B1BD30F0F4F730D0FF866AF6369557DB33949F31A9088B0F848DD8CCFCF9F2767A76E99CCDE733677E3EF59D9BBB9BA5E37F984D16E78BC5E5F5ED25044B25C0C96822E8D60EEFE11B91C581D77CEA34368A1F5329E68CD1B8B61F16D63A1B8E092D294B10C78C4A48EB593D192E7DED9BDEE7995E1B91FDEDD3ACEA9FE831
310
6A756F9F7D4D79F4274C90A7A04248AA51D5F8C718DAE06FB2F75AC4796EBE65D22A88A22223B995679120E2D50E41AA49C260C046A35368846B0BECD0DFF3EBEB8AD4F835768F69B9ADF25C43D30E6B646F807FAA64AD59F61715C7A54127C4AACA98BA3006A9D792DAE165E0D59B61A01FB3A9F9D838D2DAE62445C86166
310
F37564E842E7DE6A69879FEEA2DD5AE7E371E1A5E025154AC307D06A03D73EB5978C58FFA4C8E9033066E0F3BD53BEC1F39F91BE7B55103791EDE6BBB991A2046172CB4581D8B893FA674DDA17A77B3B7C413D1B511FD2743BFF8A38F03A658705E3ADF8015C3A3417FF3D7E439FF591DA0B5F18BC20C1B8981957AE6392A3
310
F43C640C01D1A0B4728E2DD4F26DB4B3C3152A252A3B4E913CEC1C72F012782FF88EFF8637AA552DBEF76408E8A8DE9E50F9E1CB3A2DA0DB1B6039A893B56063DC5B3E3FFB5F72E67AB9FEB4AEC496C4F4C1149625DD662C53E89D7BF0F6151A046260D1337DFDC94502430F83B0EE07A130A224BCAD7DAE1D9FB6CD422FF6
310
920702629C4BB9AE79C12F243C6432A6794E18E5552BA56B431AAB5D91317302B2B071E86C3A42B1A02F999E24061403B5D0EB639195DA655DD3EBEAB4FB862DDF579F014AD0E73C22F99E28DA57FB98E75C6CA2D74D53086D600F4786E0FE3144B771A8A7B900F03594DB8A633CBC49B2EDB69228BB479CF863B5E807AAAB
310
23872F6DFEB4129B949CA33823F58830E86D65621E10047D9DB34D862E8EAC3C2ABC2F7B2C40D67CDFE01F5545B92105AF983AC54D93D69E56FB8E797F88913F898A9FEC705D3F9D1B54EC8426FB500D40A03BD0119B06E1B95DDC7EB8F6975367793EBD70E66733DFB9BC982F9CE564727731999F5D4ECFCE3B8D6A4DC2A0
310
6D50FD148437D110834A64C6CDDF57FBACB5C307A2A477DFE4939736CFEF2B175371E0E10CF0DD1D5C15654E0BCA14D1E87DD02FF93782A162C0A3D95F1524A52770F972BF1EE9809D13CE7DD599467F8ECE9ADD85CE85A34CD45355448C64F9E8A031DC2D596ACC6E5DD93D9B82DE2EF5CAF81363A8E47996A0DE24564A79
310
4115AACE09C55E14540231FDA13C319787134EBF34E3A022514E5B4D9E0826E25C02D5805B15ABE1BEF51B26383D445DD9E875EE33FE4C22DA16427D65A3BCA92CA6D28DD01DF5DC53330704308475351050232CCD31583787BA75774AFB06E5070DD0C8EF484E19968C5D83BA5B90B244D31E54D55A372320FE4786B7EA58
310
44E135AA5467CB7EA333A61683CC6A8C3257034C10CF46F40EF9F5BE59BE5BD30C3C72D235E95D10345C1D45445A5F0BB47E46A5EBE5570F9380B5FA629579952296A773720405982B9DE04011506178964401AA8BDF1FBF0A8EAB6861DD6580C0E38217056766716DAEB2D6FA0917D3E4116581EADB879C4E7CFFB11EFACD
310
3D641311495D92C8676CB409A72D18610D803CE8A626049E8EC1887CB5B44CC39883690DDA8399B4B9855B481E7D71D4A9D22F96E5BB73BF5793020C02137BF837504B0304140006080000CC70623B000000000000000000000000350000006662782F36394639363044362D344446342D343946362D394244322D32343142
310
43333846323333332F76657274696365732E62696E504B0304140006080800CC70623BF270F1330600000004000000360000006662782F36394639363044362D344446342D343946362D394244322D3234314243333846323333332F747269616E676C65732E62696E636660600000504B0304140006080000CC70623B0000
310
00000000000000000000370000006662782F36394639363044362D344446342D343946362D394244322D3234314243333846323333332F617474726962757465732E62696E504B0304140006080800CC70623B08DA0BD19000000041010000360000006662782F36394639363044362D344446342D343946362D394244322D
310
3234314243333846323333332F6469726563746F72792E786D6C858F410AC3201045AF22B36F53E9A60B35CBEEBAE80D244E44489C6234F4F835464A48035D0DF398FF9F8AF63D0E6CC63039F212F8F9020C7D47C6792B21C5FE7403D62A1188E2E60C98D7234A5830286103A55745067B9D86B8A3CF9C7F90C11DE607FB14
310
4396D7B6A82D282E9A152AD114D5EF2CB866EEE831B8EEA07A7BB5A8D7D61A2BAAEB7FD5F70921FF497D00504B0304140006080800CC70623BCA768048FE000000A00100003B0000006662782F36394639363044362D344446342D343946362D394244322D3234314243333846323333332F7265736F75726365732F636F72
310
652E786D6C8D50596E833010BD0A9ADFCA60D600328E9AA639412F609909B1126CE4A5EAF16B0295DABFFECC8CDEA2797AECF8353F924FB44E193D409E5248504B332A3D0D10FC95B4901C39B3C6F85F3248B49871801506CE266BC2B243D2688FDA47549B11775038871E12F988C7004EDE7016A9083E2ADC3D5D84BC8B09
310
D33C8D74D471E6BC8D0192EDC93A815B742658898E651BCB59086ADC356A8C3FD555A1055ED7E7E254D615792D0F075295F585746FF53B694EE78A565DD736979A65AB9933AFE69F8CD2A2F038022F28ED489E135A7CE4554F9BBEA85E68DB53CAB255FEC71496F19FA6A0B42F8B3DEE6673C0F318E4497096AD7DC5F52C33
310
EEB55BFE0D504B010214000A0000080000CC70623B3DEE336E79000000790000001B00000000000000000000000000000000006175746F6465736B2D64657369676E2D7061636B6167652E786D6C504B01021400140006080800CC70623BD486FD9CA0000000F40000001300000000000000000000000000B20000005B436F
310
6E74656E745F54797065735D2E786D6C504B01021400140006080800CC70623BD9DDAED0EC0000007C010000080000000000000000000000000083010000636F72652E786D6C504B01021400140006080800CC70623B55019EA25F0000007C000000070000000000000000000000000095020000636E782E786D6C504B0102
310
1400140006080800CC70623BA24EB22D72010000D40300000C00000000000000000000000000190300006662782F636F72652E786D6C504B01021400140006080800CC70623B408A7D3B7C0000009D0000000B00000000000000000000000000B50400006662782F636E782E786D6C504B01021400140006080800CC70623B
310
449FB9BD290100001202000031000000000000000000000000005A0500006662782F36394639363044362D344446342D343946362D394244322D3234314243333846323333332F636F72652E786D6C504B01021400140006080800CC70623BAD7543B64E010000330300003000000000000000000000000000D20600006662
310
782F36394639363044362D344446342D343946362D394244322D3234314243333846323333332F636E782E786D6C504B01021400140006080800CC70623B8D05915C650500003B10000034000000000000000000000000006E0800006662782F36394639363044362D344446342D343946362D394244322D32343142433338
310
46323333332F6F626A656374732E786D6C504B01021400140006080000CC70623B0000000000000000000000003500000000000000000000000000250E00006662782F36394639363044362D344446342D343946362D394244322D3234314243333846323333332F76657274696365732E62696E504B010214001400060808
310
00CC70623BF270F13306000000040000003600000000000000000000000000780E00006662782F36394639363044362D344446342D343946362D394244322D3234314243333846323333332F747269616E676C65732E62696E504B01021400140006080000CC70623B00000000000000000000000037000000000000000000
310
00000000D20E00006662782F36394639363044362D344446342D343946362D394244322D3234314243333846323333332F617474726962757465732E62696E504B01021400140006080800CC70623B08DA0BD190000000410100003600000000000000000000000000270F00006662782F36394639363044362D344446342D
310
343946362D394244322D3234314243333846323333332F6469726563746F72792E786D6C504B01021400140006080800CC70623BCA768048FE000000A00100003B000000000000000000000000000B1000006662782F36394639363044362D344446342D343946362D394244322D3234314243333846323333332F7265736F
310
75726365732F636F72652E786D6C504B0506000000000E000E0080040000621100000000
  0
XRECORD
  5
176
102
{ACAD_REACTORS
330
173
102
}
330
173
100
AcDbXrecord
280
     1
270
     1
271
     1
  0
XRECORD
  5
177
102
{ACAD_REACTORS
330
173
102
}
330
173
100
AcDbXrecord
280
     1
270
     1
271
     1
  0
XRECORD
  5
45B19
102
{ACAD_REACTORS
330
4566B
102
}
330
4566B
100
AcDbXrecord
280
     1
102
DISPLAYNAME
  1
Imperial24
102
FLAGS
 90
        0
  0
XRECORD
  5
45B17
102
{ACAD_REACTORS
330
45667
102
}
330
45667
100
AcDbXrecord
280
     1
102
DISPLAYNAME
  1
Metric50
102
FLAGS
 90
        0
  0
CELLSTYLEMAP
  5
45B16
102
{ACAD_REACTORS
330
162
102
}
330
162
100
AcDbCellStyleMap
 90
        3
300
CELLSTYLE
  1
TABLEFORMAT_BEGIN
 90
        5
170
     1
 91
        0
 92
    32768
 62
   257
 93
        1
300
CONTENTFORMAT
  1
CONTENTFORMAT_BEGIN
 90
        0
 91
        0
 92
      512
 93
        0
300

 40
0.0
140
1.0
 94
        5
 62
     0
340
11
144
6.0
309
CONTENTFORMAT_END
171
     1
301
MARGIN
  1
CELLMARGIN_BEGIN
 40
1.5
 40
1.5
 40
1.5
 40
1.5
 40
0.18
 40
0.18
309
CELLMARGIN_END
 94
        6
 95
        1
302
GRIDFORMAT
  1
GRIDFORMAT_BEGIN
 90
        0
 91
        1
 62
     0
 92
       -2
340
14
 93
        0
 40
1.125
309
GRIDFORMAT_END
 95
        2
302
GRIDFORMAT
  1
GRIDFORMAT_BEGIN
 90
        0
 91
        1
 62
     0
 92
       -2
340
14
 93
        0
 40
1.125
309
GRIDFORMAT_END
 95
        4
302
GRIDFORMAT
  1
GRIDFORMAT_BEGIN
 90
        0
 91
        1
 62
     0
 92
       -2
340
14
 93
        0
 40
1.125
309
GRIDFORMAT_END
 95
        8
302
GRIDFORMAT
  1
GRIDFORMAT_BEGIN
 90
        0
 91
        1
 62
     0
 92
       -2
340
14
 93
        0
 40
1.125
309
GRIDFORMAT_END
 95
       16
302
GRIDFORMAT
  1
GRIDFORMAT_BEGIN
 90
        0
 91
        1
 62
     0
 92
       -2
340
14
 93
        0
 40
1.125
309
GRIDFORMAT_END
 95
       32
302
GRIDFORMAT
  1
GRIDFORMAT_BEGIN
 90
        0
 91
        1
 62
     0
 92
       -2
340
14
 93
        0
 40
1.125
309
GRIDFORMAT_END
309
TABLEFORMAT_END
  1
CELLSTYLE_BEGIN
 90
        1
 91
        1
300
_TITLE
309
CELLSTYLE_END
300
CELLSTYLE
  1
TABLEFORMAT_BEGIN
 90
        5
170
     1
 91
        0
 92
        0
 62
   257
 93
        1
300
CONTENTFORMAT
  1
CONTENTFORMAT_BEGIN
 90
        0
 91
        0
 92
      512
 93
        0
300

 40
0.0
140
1.0
 94
        5
 62
     0
340
11
144
4.5
309
CONTENTFORMAT_END
171
     1
301
MARGIN
  1
CELLMARGIN_BEGIN
 40
1.5
 40
1.5
 40
1.5
 40
1.5
 40
0.18
 40
0.18
309
CELLMARGIN_END
 94
        6
 95
        1
302
GRIDFORMAT
  1
GRIDFORMAT_BEGIN
 90
        0
 91
        1
 62
     0
 92
       -2
340
14
 93
        0
 40
1.125
309
GRIDFORMAT_END
 95
        2
302
GRIDFORMAT
  1
GRIDFORMAT_BEGIN
 90
        0
 91
        1
 62
     0
 92
       -2
340
14
 93
        0
 40
1.125
309
GRIDFORMAT_END
 95
        4
302
GRIDFORMAT
  1
GRIDFORMAT_BEGIN
 90
        0
 91
        1
 62
     0
 92
       -2
340
14
 93
        0
 40
1.125
309
GRIDFORMAT_END
 95
        8
302
GRIDFORMAT
  1
GRIDFORMAT_BEGIN
 90
        0
 91
        1
 62
     0
 92
       -2
340
14
 93
        0
 40
1.125
309
GRIDFORMAT_END
 95
       16
302
GRIDFORMAT
  1
GRIDFORMAT_BEGIN
 90
        0
 91
        1
 62
     0
 92
       -2
340
14
 93
        0
 40
1.125
309
GRIDFORMAT_END
 95
       32
302
GRIDFORMAT
  1
GRIDFORMAT_BEGIN
 90
        0
 91
        1
 62
     0
 92
       -2
340
14
 93
        0
 40
1.125
309
GRIDFORMAT_END
309
TABLEFORMAT_END
  1
CELLSTYLE_BEGIN
 90
        2
 91
        1
300
_HEADER
309
CELLSTYLE_END
300
CELLSTYLE
  1
TABLEFORMAT_BEGIN
 90
        5
170
     1
 91
        0
 92
        0
 62
   257
 93
        1
300
CONTENTFORMAT
  1
CONTENTFORMAT_BEGIN
 90
        0
 91
        0
 92
      512
 93
        0
300

 40
0.0
140
1.0
 94
        2
 62
     0
340
11
144
4.5
309
CONTENTFORMAT_END
171
     1
301
MARGIN
  1
CELLMARGIN_BEGIN
 40
1.5
 40
1.5
 40
1.5
 40
1.5
 40
0.18
 40
0.18
309
CELLMARGIN_END
 94
        6
 95
        1
302
GRIDFORMAT
  1
GRIDFORMAT_BEGIN
 90
        0
 91
        1
 62
     0
 92
       -2
340
14
 93
        0
 40
1.125
309
GRIDFORMAT_END
 95
        2
302
GRIDFORMAT
  1
GRIDFORMAT_BEGIN
 90
        0
 91
        1
 62
     0
 92
       -2
340
14
 93
        0
 40
1.125
309
GRIDFORMAT_END
 95
        4
302
GRIDFORMAT
  1
GRIDFORMAT_BEGIN
 90
        0
 91
        1
 62
     0
 92
       -2
340
14
 93
        0
 40
1.125
309
GRIDFORMAT_END
 95
        8
302
GRIDFORMAT
  1
GRIDFORMAT_BEGIN
 90
        0
 91
        1
 62
     0
 92
       -2
340
14
 93
        0
 40
1.125
309
GRIDFORMAT_END
 95
       16
302
GRIDFORMAT
  1
GRIDFORMAT_BEGIN
 90
        0
 91
        1
 62
     0
 92
       -2
340
14
 93
        0
 40
1.125
309
GRIDFORMAT_END
 95
       32
302
GRIDFORMAT
  1
GRIDFORMAT_BEGIN
 90
        0
 91
        1
 62
     0
 92
       -2
340
14
 93
        0
 40
1.125
309
GRIDFORMAT_END
309
TABLEFORMAT_END
  1
CELLSTYLE_BEGIN
 90
        3
 91
        2
300
_DATA
309
CELLSTYLE_END
  0
ENDSEC
  0
SECTION
  2
ACDSDATA
 70
     2
 71
     8
  0
ACDSSCHEMA
 90
        0
  1
AcDb_Thumbnail_Schema
  2
AcDbDs::ID
280
    10
 91
        8
  2
Thumbnail_Data
280
    15
 91
        0
101
ACDSRECORD
 95
        0
 90
        1
  2
AcDbDs::TreatedAsObjectData
280
     1
291
     1
101
ACDSRECORD
 95
        0
 90
        2
  2
AcDbDs::Legacy
280
     1
291
     1
101
ACDSRECORD
  1
AcDbDs::ID
 90
        3
  2
AcDs:Indexable
280
     1
291
     1
101
ACDSRECORD
  1
AcDbDs::ID
 90
        4
  2
AcDbDs::HandleAttribute
280
     7
282
     1
  0
ACDSSCHEMA
 90
        1
  1
AcDbDs::TreatedAsObjectDataSchema
  2
AcDbDs::TreatedAsObjectData
280
     1
 91
        0
  0
ACDSSCHEMA
 90
        2
  1
AcDbDs::LegacySchema
  2
AcDbDs::Legacy
280
     1
 91
        0
  0
ACDSSCHEMA
 90
        3
  1
AcDbDs::IndexedPropertySchema
  2
AcDs:Indexable
280
     1
 91
        0
  0
ACDSSCHEMA
 90
        4
  1
AcDbDs::HandleAttributeSchema
  2
AcDbDs::HandleAttribute
280
     7
 91
        1
284
     1
  0
ACDSRECORD
 90
        0
  2
AcDbDs::ID
280
    10
320
22
  2
Thumbnail_Data
280
    15
 94
     1198
310
89504E470D0A1A0A0000000D4948445200000100000000670803000000D82A6C0200000300504C5445FFFFFF000000C8C8C80000000000000000000000000000000000000000000000000000330000660000990000CC0000FF0033000033330033660033990033CC0033FF0066000066330066660066990066CC0066FF0099
310
000099330099660099990099CC0099FF00CC0000CC3300CC6600CC9900CCCC00CCFF00FF0000FF3300FF6600FF9900FFCC00FFFF3300003300333300663300993300CC3300FF3333003333333333663333993333CC3333FF3366003366333366663366993366CC3366FF3399003399333399663399993399CC3399FF33CC00
310
33CC3333CC6633CC9933CCCC33CCFF33FF0033FF3333FF6633FF9933FFCC33FFFF6600006600336600666600996600CC6600FF6633006633336633666633996633CC6633FF6666006666336666666666996666CC6666FF6699006699336699666699996699CC6699FF66CC0066CC3366CC6666CC9966CCCC66CCFF66FF0066
310
FF3366FF6666FF9966FFCC66FFFF9900009900339900669900999900CC9900FF9933009933339933669933999933CC9933FF9966009966339966669966999966CC9966FF9999009999339999669999999999CC9999FF99CC0099CC3399CC6699CC9999CCCC99CCFF99FF0099FF3399FF6699FF9999FFCC99FFFFCC0000CC00
310
33CC0066CC0099CC00CCCC00FFCC3300CC3333CC3366CC3399CC33CCCC33FFCC6600CC6633CC6666CC6699CC66CCCC66FFCC9900CC9933CC9966CC9999CC99CCCC99FFCCCC00CCCC33CCCC66CCCC99CCCCCCCCCCFFCCFF00CCFF33CCFF66CCFF99CCFFCCCCFFFFFF0000FF0033FF0066FF0099FF00CCFF00FFFF3300FF3333
310
FF3366FF3399FF33CCFF33FFFF6600FF6633FF6666FF6699FF66CCFF66FFFF9900FF9933FF9966FF9999FF99CCFF99FFFFCC00FFCC33FFCC66FFCC99FFCCCCFFCCFFFFFF00FFFF33FFFF66FFFF99FFFFCCFFFFFF0000000D0D0D1A1A1A2828283535354343435050505D5D5D6B6B6B787878868686939393A1A1A1AEAEAEBB
310
BBBBC9C9C9D6D6D6E4E4E4F1F1F1FFFFFF000000000000000000000000000000000000000000000000000000000000B0E2D235000001694944415478DAED9A510E83400844B9FFA1F6309CA451D10537A6A63F4D98F7D2341BEB0FE32C0B5433000000000000000000000000000000F817C3DDA5E3DF150844151017C04D7C
310
0F809AE1AF5536BECE1EF007D4E39751E25BE0DE3B707B3AF1FA0BB01CF9F5C9CB3860C6BC081037886CFDE75FBB1700B28780BFC35A3B6079C65EF5D9EF692D80E503BF3CEEB8DE5F8054071433F417C017014CCB01AB00DBDA5C57002F0AC808E0EA0E3803DD9663FBDC04700D01A22B18A3B446BD05489540C43B7601C6
310
B1116687A4330A193BB50CEE5D08CD76E7480177015C41009B4930B6C0711428089072C011F4668094168504C841DB9504DB7783B31F8C24E0F5BB7D37581D60D9071AEDB05935FF390072957980E552F81A88A4A9B0920036339EB000A7FB530DDC5D806FF3F0DE53E1D793F1E6A8BF1F1085C0B98E6CA0F87E44592BBD25
310
56FF0DB82F341458A51013403A07E2001CE0AF2F020000000000000000000000FCC807DA293D0E6EE977DF0000000049454E44AE426082
  0
ENDSEC
  0
EOF
